type,name,package,reason,first_added,files
ApexClass,BatchOnCaseTeamSize,icy,unreferenced; references only ICY/base,,force-app/main/default/classes/BatchOnCaseTeamSize.cls;force-app/main/default/classes/BatchOnCaseTeamSize.cls-meta.xml
ApexClass,BatchOnCaseTeamSize_Test,icy,unreferenced; references only ICY/base,,force-app/main/default/classes/BatchOnCaseTeamSize_Test.cls;force-app/main/default/classes/BatchOnCaseTeamSize_Test.cls-meta.xml
ApexClass,CaseStatusDurationReportBatch,icy,unreferenced; references only ICY/base,,force-app/main/default/classes/CaseStatusDurationReportBatch.cls;force-app/main/default/classes/CaseStatusDurationReportBatch.cls-meta.xml
ApexClass,CaseStatusDurationReportBatchTest,icy,test class follows CaseStatusDurationReportBatch,,force-app/main/default/classes/CaseStatusDurationReportBatchTest.cls;force-app/main/default/classes/CaseStatusDurationReportBatchTest.cls-meta.xml
ApexClass,ClearDraftReferralScheduler,icy,unreferenced; references only ICY/base,,force-app/main/default/classes/ClearDraftReferralScheduler.cls;force-app/main/default/classes/ClearDraftReferralScheduler.cls-meta.xml
ApexClass,ClearDraftReferralSchedulerTest,icy,unreferenced; references only ICY/base,,force-app/main/default/classes/ClearDraftReferralSchedulerTest.cls;force-app/main/default/classes/ClearDraftReferralSchedulerTest.cls-meta.xml
ApexClass,DeleteAssessmentofEligibilityBatchTest,maid,unreferenced; references only MAiD/base,,force-app/main/default/classes/DeleteAssessmentofEligibilityBatchTest.cls;force-app/main/default/classes/DeleteAssessmentofEligibilityBatchTest.cls-meta.xml
ApexClass,DeleteAssessmentofEligibilityCasesBatch,maid,unreferenced; references only MAiD/base,,force-app/main/default/classes/DeleteAssessmentofEligibilityCasesBatch.cls;force-app/main/default/classes/DeleteAssessmentofEligibilityCasesBatch.cls-meta.xml
ApexClass,GetCasePHNandVerify,maid,reachable only from MAiD,,force-app/main/default/classes/GetCasePHNandVerify.cls;force-app/main/default/classes/GetCasePHNandVerify.cls-meta.xml
ApexClass,GetCasePHNandVerifyTest,maid,unreferenced; references only MAiD/base,,force-app/main/default/classes/GetCasePHNandVerifyTest.cls;force-app/main/default/classes/GetCasePHNandVerifyTest.cls-meta.xml
ApexClass,ICYNotesTriggerHandler,icy,reachable only from ICY,,force-app/main/default/classes/ICYNotesTriggerHandler.cls;force-app/main/default/classes/ICYNotesTriggerHandler.cls-meta.xml
ApexClass,ICYNotesTriggerHandlerTest,icy,reachable only from ICY,,force-app/main/default/classes/ICYNotesTriggerHandlerTest.cls;force-app/main/default/classes/ICYNotesTriggerHandlerTest.cls-meta.xml
ApexClass,ICYRegistrationLoginController,icy,reachable only from ICY,,force-app/main/default/classes/ICYRegistrationLoginController.cls;force-app/main/default/classes/ICYRegistrationLoginController.cls-meta.xml
ApexClass,ICYRegistrationLoginControllerTest,icy,reachable only from ICY,,force-app/main/default/classes/ICYRegistrationLoginControllerTest.cls;force-app/main/default/classes/ICYRegistrationLoginControllerTest.cls-meta.xml
ApexClass,ICYSelfRegistrationController,icy,reachable only from ICY,,force-app/main/default/classes/ICYSelfRegistrationController.cls;force-app/main/default/classes/ICYSelfRegistrationController.cls-meta.xml
ApexClass,ICYSelfRegistrationControllerTest,icy,reachable only from ICY,,force-app/main/default/classes/ICYSelfRegistrationControllerTest.cls;force-app/main/default/classes/ICYSelfRegistrationControllerTest.cls-meta.xml
ApexClass,ICY_AccessCaseController,icy,reachable only from ICY,,force-app/main/default/classes/ICY_AccessCaseController.cls;force-app/main/default/classes/ICY_AccessCaseController.cls-meta.xml
ApexClass,ICY_AccessCaseControllerTest,icy,reachable only from ICY,,force-app/main/default/classes/ICY_AccessCaseControllerTest.cls;force-app/main/default/classes/ICY_AccessCaseControllerTest.cls-meta.xml
ApexClass,ICY_AlertBannerCtrl,icy,reachable only from ICY,,force-app/main/default/classes/ICY_AlertBannerCtrl.cls;force-app/main/default/classes/ICY_AlertBannerCtrl.cls-meta.xml
ApexClass,ICY_BatchToSendInactiveCaseNotes,icy,reachable only from ICY,,force-app/main/default/classes/ICY_BatchToSendInactiveCaseNotes.cls;force-app/main/default/classes/ICY_BatchToSendInactiveCaseNotes.cls-meta.xml
ApexClass,ICY_BatchToSendInactiveCaseNotesTest,icy,reachable only from ICY,,force-app/main/default/classes/ICY_BatchToSendInactiveCaseNotesTest.cls;force-app/main/default/classes/ICY_BatchToSendInactiveCaseNotesTest.cls-meta.xml
ApexClass,ICY_CaseMemberTriggerHandler,icy,reachable only from ICY,,force-app/main/default/classes/ICY_CaseMemberTriggerHandler.cls;force-app/main/default/classes/ICY_CaseMemberTriggerHandler.cls-meta.xml
ApexClass,ICY_CaseMemberTriggerHandlerTest,icy,reachable only from ICY,,force-app/main/default/classes/ICY_CaseMemberTriggerHandlerTest.cls;force-app/main/default/classes/ICY_CaseMemberTriggerHandlerTest.cls-meta.xml
ApexClass,ICY_CaseMember_Controller,icy,reachable only from ICY,,force-app/main/default/classes/ICY_CaseMember_Controller.cls;force-app/main/default/classes/ICY_CaseMember_Controller.cls-meta.xml
ApexClass,ICY_CaseMember_Controller_Test,icy,reachable only from ICY,,force-app/main/default/classes/ICY_CaseMember_Controller_Test.cls;force-app/main/default/classes/ICY_CaseMember_Controller_Test.cls-meta.xml
ApexClass,ICY_CaseNotesHandler,icy,reachable only from ICY,,force-app/main/default/classes/ICY_CaseNotesHandler.cls;force-app/main/default/classes/ICY_CaseNotesHandler.cls-meta.xml
ApexClass,ICY_CaseNotesHandlerTest,icy,reachable only from ICY,,force-app/main/default/classes/ICY_CaseNotesHandlerTest.cls;force-app/main/default/classes/ICY_CaseNotesHandlerTest.cls-meta.xml
ApexClass,ICY_CaseTriggerHandler,icy,reachable only from ICY,,force-app/main/default/classes/ICY_CaseTriggerHandler.cls;force-app/main/default/classes/ICY_CaseTriggerHandler.cls-meta.xml
ApexClass,ICY_CaseTriggerHandlerTest,icy,reachable only from ICY,,force-app/main/default/classes/ICY_CaseTriggerHandlerTest.cls;force-app/main/default/classes/ICY_CaseTriggerHandlerTest.cls-meta.xml
ApexClass,ICY_CompleteIntakeCtrl,icy,reachable only from ICY,,force-app/main/default/classes/ICY_CompleteIntakeCtrl.cls;force-app/main/default/classes/ICY_CompleteIntakeCtrl.cls-meta.xml
ApexClass,ICY_CustomSettingsController,icy,reachable only from ICY,,force-app/main/default/classes/ICY_CustomSettingsController.cls;force-app/main/default/classes/ICY_CustomSettingsController.cls-meta.xml
ApexClass,ICY_CustomSettingsControllerTest,icy,reachable only from ICY,,force-app/main/default/classes/ICY_CustomSettingsControllerTest.cls;force-app/main/default/classes/ICY_CustomSettingsControllerTest.cls-meta.xml
ApexClass,ICY_IntakeFlowHandler,icy,reachable only from ICY,,force-app/main/default/classes/ICY_IntakeFlowHandler.cls;force-app/main/default/classes/ICY_IntakeFlowHandler.cls-meta.xml
ApexClass,ICY_IntakeFlowHandlerTest,icy,reachable only from ICY,,force-app/main/default/classes/ICY_IntakeFlowHandlerTest.cls;force-app/main/default/classes/ICY_IntakeFlowHandlerTest.cls-meta.xml
ApexClass,ICY_IntakeNotesHandler,icy,reachable only from ICY,,force-app/main/default/classes/ICY_IntakeNotesHandler.cls;force-app/main/default/classes/ICY_IntakeNotesHandler.cls-meta.xml
ApexClass,ICY_IntakeNotesHandlerTest,icy,reachable only from ICY,,force-app/main/default/classes/ICY_IntakeNotesHandlerTest.cls;force-app/main/default/classes/ICY_IntakeNotesHandlerTest.cls-meta.xml
ApexClass,ICY_IntegratedCarePlanCtrl,icy,reachable only from ICY,,force-app/main/default/classes/ICY_IntegratedCarePlanCtrl.cls;force-app/main/default/classes/ICY_IntegratedCarePlanCtrl.cls-meta.xml
ApexClass,ICY_IntegratedCarePlanCtrlTest,icy,reachable only from ICY,,force-app/main/default/classes/ICY_IntegratedCarePlanCtrlTest.cls;force-app/main/default/classes/ICY_IntegratedCarePlanCtrlTest.cls-meta.xml
ApexClass,ICY_Notes_Documents_Controller,icy,reachable only from ICY,,force-app/main/default/classes/ICY_Notes_Documents_Controller.cls;force-app/main/default/classes/ICY_Notes_Documents_Controller.cls-meta.xml
ApexClass,ICY_Notes_Documents_ControllerTest,icy,reachable only from ICY,,force-app/main/default/classes/ICY_Notes_Documents_ControllerTest.cls;force-app/main/default/classes/ICY_Notes_Documents_ControllerTest.cls-meta.xml
ApexClass,ICY_ReferralFeatureUtilityTest,icy,reachable only from ICY,,force-app/main/default/classes/ICY_ReferralFeatureUtilityTest.cls;force-app/main/default/classes/ICY_ReferralFeatureUtilityTest.cls-meta.xml
ApexClass,ICY_ReferralFlowHandler,icy,reachable only from ICY,,force-app/main/default/classes/ICY_ReferralFlowHandler.cls;force-app/main/default/classes/ICY_ReferralFlowHandler.cls-meta.xml
ApexClass,ICY_Referral_Controller,icy,reachable only from ICY,,force-app/main/default/classes/ICY_Referral_Controller.cls;force-app/main/default/classes/ICY_Referral_Controller.cls-meta.xml
ApexClass,ICY_Referral_ControllerTest,icy,reachable only from ICY,,force-app/main/default/classes/ICY_Referral_ControllerTest.cls;force-app/main/default/classes/ICY_Referral_ControllerTest.cls-meta.xml
ApexClass,ICY_ReopenCaseCtrl,icy,reachable only from ICY,,force-app/main/default/classes/ICY_ReopenCaseCtrl.cls;force-app/main/default/classes/ICY_ReopenCaseCtrl.cls-meta.xml
ApexClass,ICY_SystemAccessRequestEmailTrigger_Test,icy,reachable only from ICY,,force-app/main/default/classes/ICY_SystemAccessRequestEmailTrigger_Test.cls;force-app/main/default/classes/ICY_SystemAccessRequestEmailTrigger_Test.cls-meta.xml
ApexClass,ICY_UserRegistrationHandler,icy,reachable only from ICY,,force-app/main/default/classes/ICY_UserRegistrationHandler.cls;force-app/main/default/classes/ICY_UserRegistrationHandler.cls-meta.xml
ApexClass,ICY_UserRegistrationHandlerTest,icy,reachable only from ICY,,force-app/main/default/classes/ICY_UserRegistrationHandlerTest.cls;force-app/main/default/classes/ICY_UserRegistrationHandlerTest.cls-meta.xml
ApexClass,ICY_Utility,icy,reachable only from ICY,,force-app/main/default/classes/ICY_Utility.cls;force-app/main/default/classes/ICY_Utility.cls-meta.xml
ApexClass,ICY_UtilityTest,icy,reachable only from ICY,,force-app/main/default/classes/ICY_UtilityTest.cls;force-app/main/default/classes/ICY_UtilityTest.cls-meta.xml
ApexClass,IntakeStatusDurationReportBatch,icy,unreferenced; references only ICY/base,,force-app/main/default/classes/IntakeStatusDurationReportBatch.cls;force-app/main/default/classes/IntakeStatusDurationReportBatch.cls-meta.xml
ApexClass,IntakeStatusDurationReportBatchTest,icy,test class follows IntakeStatusDurationReportBatch,,force-app/main/default/classes/IntakeStatusDurationReportBatchTest.cls;force-app/main/default/classes/IntakeStatusDurationReportBatchTest.cls-meta.xml
ApexClass,NewsAnnouncements_controller,icy,reachable only from ICY,,force-app/main/default/classes/NewsAnnouncements_controller.cls;force-app/main/default/classes/NewsAnnouncements_controller.cls-meta.xml
ApexClass,NewsAnnouncements_controllerTest,icy,unreferenced; references only ICY/base,,force-app/main/default/classes/NewsAnnouncements_controllerTest.cls;force-app/main/default/classes/NewsAnnouncements_controllerTest.cls-meta.xml
ApexClass,ProcessorControl,icy,unreferenced; added by ICY commit 2023-12-15 'BCMOHAD-19743 - ICY Integrate complete m',2023-12-15 BCMOHAD-19743 - ICY Integrate complete migration.,force-app/main/default/classes/ProcessorControl.cls;force-app/main/default/classes/ProcessorControl.cls-meta.xml
ApexClass,ProcessorControl_Test,icy,unreferenced; added by ICY commit 2023-12-15 'BCMOHAD-19743 - ICY Integrate complete m',2023-12-15 BCMOHAD-19743 - ICY Integrate complete migration.,force-app/main/default/classes/ProcessorControl_Test.cls;force-app/main/default/classes/ProcessorControl_Test.cls-meta.xml
ApexClass,ReferralTriggerHandler,icy,unreferenced; references only ICY/base,,force-app/main/default/classes/ReferralTriggerHandler.cls;force-app/main/default/classes/ReferralTriggerHandler.cls-meta.xml
ApexClass,ReferralTriggerTest,icy,unreferenced; references only ICY/base,,force-app/main/default/classes/ReferralTriggerTest.cls;force-app/main/default/classes/ReferralTriggerTest.cls-meta.xml
ApexClass,SchedulableCaseTeamBatchJob,icy,unreferenced; references only ICY/base,,force-app/main/default/classes/SchedulableCaseTeamBatchJob.cls;force-app/main/default/classes/SchedulableCaseTeamBatchJob.cls-meta.xml
ApexClass,SchedulableCaseTeamBatchJob_Test,icy,unreferenced; references only ICY/base,,force-app/main/default/classes/SchedulableCaseTeamBatchJob_Test.cls;force-app/main/default/classes/SchedulableCaseTeamBatchJob_Test.cls-meta.xml
ApexClass,TestDataFactory,maid,unreferenced; references only MAiD/base,,force-app/main/default/classes/TestDataFactory.cls;force-app/main/default/classes/TestDataFactory.cls-meta.xml
ApexClass,UpdateCaseCreatedDateBatch,icy,unreferenced; references only ICY/base,,force-app/main/default/classes/UpdateCaseCreatedDateBatch.cls;force-app/main/default/classes/UpdateCaseCreatedDateBatch.cls-meta.xml
ApexClass,UpdateCaseCreatedDateBatch_Test,icy,test class follows UpdateCaseCreatedDateBatch,,force-app/main/default/classes/UpdateCaseCreatedDateBatch_Test.cls;force-app/main/default/classes/UpdateCaseCreatedDateBatch_Test.cls-meta.xml
ApexClass,UpdateCommunityIndividualObject,icy,reachable only from ICY,,force-app/main/default/classes/UpdateCommunityIndividualObject.cls;force-app/main/default/classes/UpdateCommunityIndividualObject.cls-meta.xml
ApexClass,UpdateReferralOlderRecordsBatch,icy,unreferenced; references only ICY/base,,force-app/main/default/classes/UpdateReferralOlderRecordsBatch.cls;force-app/main/default/classes/UpdateReferralOlderRecordsBatch.cls-meta.xml
ApexClass,UpdateReferralOlderRecordsBatchTest,icy,test class follows UpdateReferralOlderRecordsBatch,,force-app/main/default/classes/UpdateReferralOlderRecordsBatchTest.cls;force-app/main/default/classes/UpdateReferralOlderRecordsBatchTest.cls-meta.xml
ApexClass,YTS_Case_Helper,icy,reachable only from ICY,,force-app/main/default/classes/YTS_Case_Helper.cls;force-app/main/default/classes/YTS_Case_Helper.cls-meta.xml
ApexClass,YTS_Notes_Documents_Controller,icy,reachable only from ICY,,force-app/main/default/classes/YTS_Notes_Documents_Controller.cls;force-app/main/default/classes/YTS_Notes_Documents_Controller.cls-meta.xml
ApexClass,YTS_Print_Transition_Plan_Controller,icy,reachable only from ICY,,force-app/main/default/classes/YTS_Print_Transition_Plan_Controller.cls;force-app/main/default/classes/YTS_Print_Transition_Plan_Controller.cls-meta.xml
ApexClass,YTS_Referral_Controller,icy,reachable only from ICY,,force-app/main/default/classes/YTS_Referral_Controller.cls;force-app/main/default/classes/YTS_Referral_Controller.cls-meta.xml
ApexClass,YTS_Referral_Controller_Test,icy,reachable only from ICY,,force-app/main/default/classes/YTS_Referral_Controller_Test.cls;force-app/main/default/classes/YTS_Referral_Controller_Test.cls-meta.xml
ApexClass,YTS_Transition_SortWrapper,icy,reachable only from ICY,,force-app/main/default/classes/YTS_Transition_SortWrapper.cls;force-app/main/default/classes/YTS_Transition_SortWrapper.cls-meta.xml
ApexClass,YTS_Utility,icy,reachable only from ICY,,force-app/main/default/classes/YTS_Utility.cls;force-app/main/default/classes/YTS_Utility.cls-meta.xml
ApexPage,CaseNewOverride,icy,unreferenced; added by ICY commit 2023-12-15 'BCMOHAD-19743 - ICY Integrate complete m',2023-12-15 BCMOHAD-19743 - ICY Integrate complete migration.,force-app/main/default/pages/CaseNewOverride.page;force-app/main/default/pages/CaseNewOverride.page-meta.xml
ApexPage,CommunitiesSelfRegConfirm,icy,reachable only from ICY,,force-app/main/default/pages/CommunitiesSelfRegConfirm.page;force-app/main/default/pages/CommunitiesSelfRegConfirm.page-meta.xml
ApexPage,Help_Case_Document_VF,icy,unreferenced; added by ICY commit 2023-12-15 'BCMOHAD-19743 - ICY Integrate complete m',2023-12-15 BCMOHAD-19743 - ICY Integrate complete migration.,force-app/main/default/pages/Help_Case_Document_VF.page;force-app/main/default/pages/Help_Case_Document_VF.page-meta.xml
ApexPage,ICYSelfRegistration,icy,reachable only from ICY,,force-app/main/default/pages/ICYSelfRegistration.page;force-app/main/default/pages/ICYSelfRegistration.page-meta.xml
ApexPage,IndividualNameHeader_Account,icy,reachable only from ICY,,force-app/main/default/pages/IndividualNameHeader_Account.page;force-app/main/default/pages/IndividualNameHeader_Account.page-meta.xml
ApexPage,IndividualNameHeader_Referral,icy,unreferenced; references only ICY/base,,force-app/main/default/pages/IndividualNameHeader_Referral.page;force-app/main/default/pages/IndividualNameHeader_Referral.page-meta.xml
ApexPage,IntegrateLogin,icy,reachable only from ICY,,force-app/main/default/pages/IntegrateLogin.page;force-app/main/default/pages/IntegrateLogin.page-meta.xml
ApexPage,NewsAnnouncements_page,icy,reachable only from ICY,,force-app/main/default/pages/NewsAnnouncements_page.page;force-app/main/default/pages/NewsAnnouncements_page.page-meta.xml
ApexPage,YTS_Custom_Plan_Print,icy,reachable only from ICY,,force-app/main/default/pages/YTS_Custom_Plan_Print.page;force-app/main/default/pages/YTS_Custom_Plan_Print.page-meta.xml
ApexPage,YTS_Print_Transition_Plans,icy,reachable only from ICY,,force-app/main/default/pages/YTS_Print_Transition_Plans.page;force-app/main/default/pages/YTS_Print_Transition_Plans.page-meta.xml
ApexTrigger,Case_Member,icy,unreferenced; references only ICY/base,,force-app/main/default/triggers/Case_Member.trigger;force-app/main/default/triggers/Case_Member.trigger-meta.xml
ApexTrigger,ICYNotesTrigger,icy,reachable only from ICY,,force-app/main/default/triggers/ICYNotesTrigger.trigger;force-app/main/default/triggers/ICYNotesTrigger.trigger-meta.xml
ApexTrigger,ICY_SystemAccessRequestEmailTrigger,icy,reachable only from ICY,,force-app/main/default/triggers/ICY_SystemAccessRequestEmailTrigger.trigger;force-app/main/default/triggers/ICY_SystemAccessRequestEmailTrigger.trigger-meta.xml
ApexTrigger,IntakeTrigger,icy,unreferenced; references only ICY/base,,force-app/main/default/triggers/IntakeTrigger.trigger;force-app/main/default/triggers/IntakeTrigger.trigger-meta.xml
ApexTrigger,ReferralTrigger,icy,unreferenced; references only ICY/base,,force-app/main/default/triggers/ReferralTrigger.trigger;force-app/main/default/triggers/ReferralTrigger.trigger-meta.xml
ApexTrigger,YTS_Case_Trigger,icy,reachable only from ICY,,force-app/main/default/triggers/YTS_Case_Trigger.trigger;force-app/main/default/triggers/YTS_Case_Trigger.trigger-meta.xml
AppMenu,AppSwitcher,unpackaged,AppMenu not packageable / org-level,,force-app/main/default/appMenus/AppSwitcher.appMenu-meta.xml
AuraDefinitionBundle,ICY_New_Referral_Wrapper,icy,reachable only from ICY,,force-app/main/default/aura/ICY_New_Referral_Wrapper/ICY_New_Referral_Wrapper.css;force-app/main/default/aura/ICY_New_Referral_Wrapper/ICY_New_Referral_WrapperController.js;force-app/main/default/aura/ICY_New_Referral_Wrapper/ICY_New_Referral_WrapperHelper.js;force-app/main/default/aura/ICY_New_Referral_Wrapper/ICY_New_Referral_Wrapper.svg;force-app/main/default/aura/ICY_New_Referral_Wrapper/ICY_New_Referral_Wrapper.design;force-app/main/default/aura/ICY_New_Referral_Wrapper/ICY_New_Referral_Wrapper.cmp;force-app/main/default/aura/ICY_New_Referral_Wrapper/ICY_New_Referral_Wrapper.auradoc;force-app/main/default/aura/ICY_New_Referral_Wrapper/ICY_New_Referral_Wrapper.cmp-meta.xml;force-app/main/default/aura/ICY_New_Referral_Wrapper/ICY_New_Referral_WrapperRenderer.js
AuraDefinitionBundle,ICY_Notes_Documents_Container,icy,reachable only from ICY,,force-app/main/default/aura/ICY_Notes_Documents_Container/ICY_Notes_Documents_Container.cmp;force-app/main/default/aura/ICY_Notes_Documents_Container/ICY_Notes_Documents_ContainerController.js;force-app/main/default/aura/ICY_Notes_Documents_Container/ICY_Notes_Documents_Container.auradoc;force-app/main/default/aura/ICY_Notes_Documents_Container/ICY_Notes_Documents_ContainerRenderer.js;force-app/main/default/aura/ICY_Notes_Documents_Container/ICY_Notes_Documents_Container.design;force-app/main/default/aura/ICY_Notes_Documents_Container/ICY_Notes_Documents_Container.svg;force-app/main/default/aura/ICY_Notes_Documents_Container/ICY_Notes_Documents_Container.css;force-app/main/default/aura/ICY_Notes_Documents_Container/ICY_Notes_Documents_Container.cmp-meta.xml;force-app/main/default/aura/ICY_Notes_Documents_Container/ICY_Notes_Documents_ContainerHelper.js
AuraDefinitionBundle,YTS_Referral_Name,icy,reachable only from ICY,,force-app/main/default/aura/YTS_Referral_Name/YTS_Referral_Name.design;force-app/main/default/aura/YTS_Referral_Name/YTS_Referral_NameHelper.js;force-app/main/default/aura/YTS_Referral_Name/YTS_Referral_Name.cmp-meta.xml;force-app/main/default/aura/YTS_Referral_Name/YTS_Referral_NameController.js;force-app/main/default/aura/YTS_Referral_Name/YTS_Referral_Name.css;force-app/main/default/aura/YTS_Referral_Name/YTS_Referral_Name.svg;force-app/main/default/aura/YTS_Referral_Name/YTS_Referral_Name.cmp
AuraDefinitionBundle,YTS_STADD_CreateReferral_Wrapper,icy,reachable only from ICY,,force-app/main/default/aura/YTS_STADD_CreateReferral_Wrapper/YTS_STADD_CreateReferral_WrapperHelper.js;force-app/main/default/aura/YTS_STADD_CreateReferral_Wrapper/YTS_STADD_CreateReferral_Wrapper.css;force-app/main/default/aura/YTS_STADD_CreateReferral_Wrapper/YTS_STADD_CreateReferral_Wrapper.cmp-meta.xml;force-app/main/default/aura/YTS_STADD_CreateReferral_Wrapper/YTS_STADD_CreateReferral_Wrapper.cmp;force-app/main/default/aura/YTS_STADD_CreateReferral_Wrapper/YTS_STADD_CreateReferral_Wrapper.design;force-app/main/default/aura/YTS_STADD_CreateReferral_Wrapper/YTS_STADD_CreateReferral_WrapperController.js
BusinessProcess,Case.Error Log Support Process,maid,"unreferenced; added 2021-03-16, before ICY existed in repo",2021-03-16 Error Log and 3 field changes on 1634,force-app/main/default/objects/Case/businessProcesses/Error Log Support Process.businessProcess-meta.xml
BusinessProcess,Case.MAiD Case,maid,"unreferenced; added 2021-03-16, before ICY existed in repo",2021-03-16 Error Log and 3 field changes on 1634,force-app/main/default/objects/Case/businessProcesses/MAiD Case.businessProcess-meta.xml
BusinessProcess,Case.Standard,icy,unreferenced; added by ICY commit 2023-12-15 'BCMOHAD-19743 - ICY Integrate complete m',2023-12-15 BCMOHAD-19743 - ICY Integrate complete migration.,force-app/main/default/objects/Case/businessProcesses/Standard.businessProcess-meta.xml
CompactLayout,Account.Individual_Compact_Layout,icy,unreferenced; added by ICY commit 2023-12-15 'BCMOHAD-19743 - ICY Integrate complete m',2023-12-15 BCMOHAD-19743 - ICY Integrate complete migration.,force-app/main/default/objects/Account/compactLayouts/Individual_Compact_Layout.compactLayout-meta.xml
CompactLayout,Case.ICY_Compact_Layout,icy,unreferenced; references only ICY/base,,force-app/main/default/objects/Case/compactLayouts/ICY_Compact_Layout.compactLayout-meta.xml
CompactLayout,Case.MAiD_Case_Layout,maid,"unreferenced; added 2022-12-12, before ICY existed in repo","2022-12-12 Added Fields, Layout,Permission set",force-app/main/default/objects/Case/compactLayouts/MAiD_Case_Layout.compactLayout-meta.xml
CompactLayout,Form_1634__c.Custom_Compact_Layout,maid,reachable only from MAiD,,force-app/main/default/objects/Form_1634__c/compactLayouts/Custom_Compact_Layout.compactLayout-meta.xml
CompactLayout,Form_RXMAR__c.Custom_Compact_Layout,maid,reachable only from MAiD,,force-app/main/default/objects/Form_RXMAR__c/compactLayouts/Custom_Compact_Layout.compactLayout-meta.xml
CompactLayout,Intake__c.ICY_Compact_Layout,icy,unreferenced; follows owning object,,force-app/main/default/objects/Intake__c/compactLayouts/ICY_Compact_Layout.compactLayout-meta.xml
CompactLayout,Intake__c.Intake_Compact_Layout,icy,unreferenced; follows owning object,,force-app/main/default/objects/Intake__c/compactLayouts/Intake_Compact_Layout.compactLayout-meta.xml
CompactLayout,PersonAccount.Person_Compact_Layout,maid,"unreferenced; added 2021-04-20, before ICY existed in repo",2021-04-20 Updated Compact Layouts,force-app/main/default/objects/PersonAccount/compactLayouts/Person_Compact_Layout.compactLayout-meta.xml
CompactLayout,Referral__c.ICY_Compact_Layout,icy,unreferenced; follows owning object,,force-app/main/default/objects/Referral__c/compactLayouts/ICY_Compact_Layout.compactLayout-meta.xml
CompactLayout,Referral__c.YTS_Referral_Compact_Layout,icy,unreferenced; follows owning object,,force-app/main/default/objects/Referral__c/compactLayouts/YTS_Referral_Compact_Layout.compactLayout-meta.xml
CompactLayout,S1_HC_2023__c.Custom_Compact_Layout,maid,reachable only from MAiD,,force-app/main/default/objects/S1_HC_2023__c/compactLayouts/Custom_Compact_Layout.compactLayout-meta.xml
ContentAsset,bcps,maid,"unreferenced; added 2021-01-12, before ICY existed in repo",2021-01-12 Salesforce custom App - Case Management,force-app/main/default/contentassets/bcps.asset-meta.xml;force-app/main/default/contentassets/bcps.asset
CustomApplication,Case_Management,maid,reachable only from MAiD,,force-app/main/default/applications/Case_Management.app-meta.xml
CustomApplication,ICY,icy,reachable only from ICY,,force-app/main/default/applications/ICY.app-meta.xml
CustomField,Account.Cell_Phone__c,icy,reachable only from ICY,,force-app/main/default/objects/Account/fields/Cell_Phone__c.field-meta.xml
CustomField,Account.Community__c,icy,reachable only from ICY,,force-app/main/default/objects/Account/fields/Community__c.field-meta.xml
CustomField,Account.Days_to_19th_Birthday__c,icy,reachable only from ICY,,force-app/main/default/objects/Account/fields/Days_to_19th_Birthday__c.field-meta.xml
CustomField,Account.Fax,base,reachable from both ICY and MAiD,,force-app/main/default/objects/Account/fields/Fax.field-meta.xml
CustomField,Account.Gender__c,icy,reachable only from ICY,,force-app/main/default/objects/Account/fields/Gender__c.field-meta.xml
CustomField,Account.Mailing_Address_same_as_Physical_Address__c,icy,reachable only from ICY,,force-app/main/default/objects/Account/fields/Mailing_Address_same_as_Physical_Address__c.field-meta.xml
CustomField,Account.Name,icy,reachable only from ICY,,force-app/main/default/objects/Account/fields/Name.field-meta.xml
CustomField,Account.Other_Profession_Specify__c,maid,reachable only from MAiD,,force-app/main/default/objects/Account/fields/Other_Profession_Specify__c.field-meta.xml
CustomField,Account.PersonMailingAddress,maid,"unreferenced; added 2021-03-18, before ICY existed in repo",2021-03-18 BCMOHAD-4942: Platforn Encryption Changes,force-app/main/default/objects/Account/fields/PersonMailingAddress.field-meta.xml
CustomField,Account.PersonMobilePhone,base,unreferenced & neutral → base (review),,force-app/main/default/objects/Account/fields/PersonMobilePhone.field-meta.xml
CustomField,Account.PersonOtherPhone,maid,"unreferenced; added 2021-03-18, before ICY existed in repo",2021-03-18 BCMOHAD-4942: Platforn Encryption Changes,force-app/main/default/objects/Account/fields/PersonOtherPhone.field-meta.xml
CustomField,Account.Profession_Type__c,maid,reachable only from MAiD,,force-app/main/default/objects/Account/fields/Profession_Type__c.field-meta.xml
CustomField,Account.Pronouns__c,icy,reachable only from ICY,,force-app/main/default/objects/Account/fields/Pronouns__c.field-meta.xml
CustomField,Account.Province_of_Practice__c,maid,reachable only from MAiD,,force-app/main/default/objects/Account/fields/Province_of_Practice__c.field-meta.xml
CustomField,Account.ShippingAddress,icy,reachable only from ICY,,force-app/main/default/objects/Account/fields/ShippingAddress.field-meta.xml
CustomField,Account.Specialty_2023Reg__c,maid,reachable only from MAiD,,force-app/main/default/objects/Account/fields/Specialty_2023Reg__c.field-meta.xml
CustomField,Account.Specialty_Other_2023Reg__c,maid,reachable only from MAiD,,force-app/main/default/objects/Account/fields/Specialty_Other_2023Reg__c.field-meta.xml
CustomField,Account.Type_custom__c,icy,reachable only from ICY,,force-app/main/default/objects/Account/fields/Type_custom__c.field-meta.xml
CustomField,Account.Work_Phone_Extension__c,icy,reachable only from ICY,,force-app/main/default/objects/Account/fields/Work_Phone_Extension__c.field-meta.xml
CustomField,Account.Work_Phone__c,icy,reachable only from ICY,,force-app/main/default/objects/Account/fields/Work_Phone__c.field-meta.xml
CustomField,Account.sfxId__c,icy,unreferenced; added by ICY commit 2023-12-15 'BCMOHAD-19743 - ICY Integrate complete m',2023-12-15 BCMOHAD-19743 - ICY Integrate complete migration.,force-app/main/default/objects/Account/fields/sfxId__c.field-meta.xml
CustomField,Activity.Date_Time_of_Activity__c,maid,"unreferenced; added 2021-01-11, before ICY existed in repo",2021-01-11 Case Activities,force-app/main/default/objects/Activity/fields/Date_Time_of_Activity__c.field-meta.xml
CustomField,Case.Aboriginal_Origin__c,icy,reachable only from ICY,,force-app/main/default/objects/Case/fields/Aboriginal_Origin__c.field-meta.xml
CustomField,Case.AccountId,icy,reachable only from ICY,,force-app/main/default/objects/Case/fields/AccountId.field-meta.xml
CustomField,Case.Achieved_Employment__c,icy,reachable only from ICY,,force-app/main/default/objects/Case/fields/Achieved_Employment__c.field-meta.xml
CustomField,Case.Active__c,icy,reachable only from ICY,,force-app/main/default/objects/Case/fields/Active__c.field-meta.xml
CustomField,Case.Activity_Status_Start_Date__c,icy,reachable only from ICY,,force-app/main/default/objects/Case/fields/Activity_Status_Start_Date__c.field-meta.xml
CustomField,Case.Additional_Notes__c,maid,reachable only from MAiD,,force-app/main/default/objects/Case/fields/Additional_Notes__c.field-meta.xml
CustomField,Case.Age_At_Referral__c,icy,reachable only from ICY,,force-app/main/default/objects/Case/fields/Age_At_Referral__c.field-meta.xml
CustomField,Case.Alert_Indicator__c,icy,unreferenced; added by ICY commit 2023-12-15 'BCMOHAD-19743 - ICY Integrate complete m',2023-12-15 BCMOHAD-19743 - ICY Integrate complete migration.,force-app/main/default/objects/Case/fields/Alert_Indicator__c.field-meta.xml
CustomField,Case.AssetId,maid,"unreferenced; added 2021-03-16, before ICY existed in repo",2021-03-16 Error Log and 3 field changes on 1634,force-app/main/default/objects/Case/fields/AssetId.field-meta.xml
CustomField,Case.BCCS_Manager_Review_Required__c,maid,reachable only from MAiD,,force-app/main/default/objects/Case/fields/BCCS_Manager_Review_Required__c.field-meta.xml
CustomField,Case.BusinessHoursId,maid,"unreferenced; added 2021-03-16, before ICY existed in repo",2021-03-16 Error Log and 3 field changes on 1634,force-app/main/default/objects/Case/fields/BusinessHoursId.field-meta.xml
CustomField,Case.Case_Closed_Date__c,icy,reachable only from ICY,,force-app/main/default/objects/Case/fields/Case_Closed_Date__c.field-meta.xml
CustomField,Case.Case_Closed_Reason__c,icy,reachable only from ICY,,force-app/main/default/objects/Case/fields/Case_Closed_Reason__c.field-meta.xml
CustomField,Case.Case_Created_Date__c,icy,reachable only from ICY,,force-app/main/default/objects/Case/fields/Case_Created_Date__c.field-meta.xml
CustomField,Case.Case_Team_Size__c,icy,reachable only from ICY,,force-app/main/default/objects/Case/fields/Case_Team_Size__c.field-meta.xml
CustomField,Case.Case_Type_Reported_Date_ChildCase__c,maid,reachable only from MAiD,,force-app/main/default/objects/Case/fields/Case_Type_Reported_Date_ChildCase__c.field-meta.xml
CustomField,Case.Case_Type_Reported_Date__c,maid,reachable only from MAiD,,force-app/main/default/objects/Case/fields/Case_Type_Reported_Date__c.field-meta.xml
CustomField,Case.Case_id__c,icy,unreferenced; added by ICY commit 2023-12-15 'BCMOHAD-19743 - ICY Integrate complete m',2023-12-15 BCMOHAD-19743 - ICY Integrate complete migration.,force-app/main/default/objects/Case/fields/Case_id__c.field-meta.xml
CustomField,Case.Case_is_i__c,icy,reachable only from ICY,,force-app/main/default/objects/Case/fields/Case_is_i__c.field-meta.xml
CustomField,Case.Case_re_open_date__c,maid,reachable only from MAiD,,force-app/main/default/objects/Case/fields/Case_re_open_date__c.field-meta.xml
CustomField,Case.Catchment__c,icy,unreferenced; added by ICY commit 2023-12-15 'BCMOHAD-19743 - ICY Integrate complete m',2023-12-15 BCMOHAD-19743 - ICY Integrate complete migration.,force-app/main/default/objects/Case/fields/Catchment__c.field-meta.xml
CustomField,Case.Cell_Phone__c,icy,reachable only from ICY,,force-app/main/default/objects/Case/fields/Cell_Phone__c.field-meta.xml
CustomField,Case.ClosedDate,base,reachable from both ICY and MAiD,,force-app/main/default/objects/Case/fields/ClosedDate.field-meta.xml
CustomField,Case.College_ID__c,maid,reachable only from MAiD,,force-app/main/default/objects/Case/fields/College_ID__c.field-meta.xml
CustomField,Case.Comments,maid,"unreferenced; added 2021-03-16, before ICY existed in repo",2021-03-16 Error Log and 3 field changes on 1634,force-app/main/default/objects/Case/fields/Comments.field-meta.xml
CustomField,Case.Community__c,icy,reachable only from ICY,,force-app/main/default/objects/Case/fields/Community__c.field-meta.xml
CustomField,Case.Connected_with_Employment_Services__c,icy,unreferenced; added by ICY commit 2023-12-15 'BCMOHAD-19743 - ICY Integrate complete m',2023-12-15 BCMOHAD-19743 - ICY Integrate complete migration.,force-app/main/default/objects/Case/fields/Connected_with_Employment_Services__c.field-meta.xml
CustomField,Case.Consent__c,icy,reachable only from ICY,,force-app/main/default/objects/Case/fields/Consent__c.field-meta.xml
CustomField,Case.Consent_form__c,icy,reachable only from ICY,,force-app/main/default/objects/Case/fields/Consent_form__c.field-meta.xml
CustomField,Case.Consent_to_Evaluation__c,icy,reachable only from ICY,,force-app/main/default/objects/Case/fields/Consent_to_Evaluation__c.field-meta.xml
CustomField,Case.ContactEmail,maid,"unreferenced; added 2021-03-16, before ICY existed in repo",2021-03-16 Error Log and 3 field changes on 1634,force-app/main/default/objects/Case/fields/ContactEmail.field-meta.xml
CustomField,Case.ContactFax,maid,"unreferenced; added 2021-03-16, before ICY existed in repo",2021-03-16 Error Log and 3 field changes on 1634,force-app/main/default/objects/Case/fields/ContactFax.field-meta.xml
CustomField,Case.ContactId,icy,reachable only from ICY,,force-app/main/default/objects/Case/fields/ContactId.field-meta.xml
CustomField,Case.ContactMobile,maid,"unreferenced; added 2021-03-16, before ICY existed in repo",2021-03-16 Error Log and 3 field changes on 1634,force-app/main/default/objects/Case/fields/ContactMobile.field-meta.xml
CustomField,Case.ContactPhone,maid,"unreferenced; added 2021-03-16, before ICY existed in repo",2021-03-16 Error Log and 3 field changes on 1634,force-app/main/default/objects/Case/fields/ContactPhone.field-meta.xml
CustomField,Case.Current_Age__c,icy,reachable only from ICY,,force-app/main/default/objects/Case/fields/Current_Age__c.field-meta.xml
CustomField,Case.Current_School__c,icy,reachable only from ICY,,force-app/main/default/objects/Case/fields/Current_School__c.field-meta.xml
CustomField,Case.DAA_or_other_cultural_or_spiritual_repre__c,icy,reachable only from ICY,,force-app/main/default/objects/Case/fields/DAA_or_other_cultural_or_spiritual_repre__c.field-meta.xml
CustomField,Case.Daily_Activity_Limits__c,maid,reachable only from MAiD,,force-app/main/default/objects/Case/fields/Daily_Activity_Limits__c.field-meta.xml
CustomField,Case.Date_Intake_Completed__c,icy,reachable only from ICY,,force-app/main/default/objects/Case/fields/Date_Intake_Completed__c.field-meta.xml
CustomField,Case.Date_Of_Intake_Interview__c,icy,reachable only from ICY,,force-app/main/default/objects/Case/fields/Date_Of_Intake_Interview__c.field-meta.xml
CustomField,Case.Date_Reconciled__c,maid,reachable only from MAiD,,force-app/main/default/objects/Case/fields/Date_Reconciled__c.field-meta.xml
CustomField,Case.Date_Referred__c,icy,reachable only from ICY,,force-app/main/default/objects/Case/fields/Date_Referred__c.field-meta.xml
CustomField,Case.Date_of_MAiD__c,maid,reachable only from MAiD,,force-app/main/default/objects/Case/fields/Date_of_MAiD__c.field-meta.xml
CustomField,Case.Date_referral_accepted__c,icy,reachable only from ICY,,force-app/main/default/objects/Case/fields/Date_referral_accepted__c.field-meta.xml
CustomField,Case.Days_from_Created_to_Closed__c,icy,reachable only from ICY,,force-app/main/default/objects/Case/fields/Days_from_Created_to_Closed__c.field-meta.xml
CustomField,Case.Description,icy,reachable only from ICY,,force-app/main/default/objects/Case/fields/Description.field-meta.xml
CustomField,Case.Diagnosis_Assessment_Date__c,icy,unreferenced; added by ICY commit 2023-12-15 'BCMOHAD-19743 - ICY Integrate complete m',2023-12-15 BCMOHAD-19743 - ICY Integrate complete migration.,force-app/main/default/objects/Case/fields/Diagnosis_Assessment_Date__c.field-meta.xml
CustomField,Case.Diagnosis_Confirmation_Obtained_Indicato__c,icy,unreferenced; added by ICY commit 2023-12-15 'BCMOHAD-19743 - ICY Integrate complete m',2023-12-15 BCMOHAD-19743 - ICY Integrate complete migration.,force-app/main/default/objects/Case/fields/Diagnosis_Confirmation_Obtained_Indicato__c.field-meta.xml
CustomField,Case.Education_History__c,maid,reachable only from MAiD,,force-app/main/default/objects/Case/fields/Education_History__c.field-meta.xml
CustomField,Case.Education_Level__c,maid,reachable only from MAiD,,force-app/main/default/objects/Case/fields/Education_Level__c.field-meta.xml
CustomField,Case.Education_provided_on_case__c,maid,reachable only from MAiD,,force-app/main/default/objects/Case/fields/Education_provided_on_case__c.field-meta.xml
CustomField,Case.Education_provided_to_practitioner__c,maid,reachable only from MAiD,,force-app/main/default/objects/Case/fields/Education_provided_to_practitioner__c.field-meta.xml
CustomField,Case.Eligibility_Type__c,icy,reachable only from ICY,,force-app/main/default/objects/Case/fields/Eligibility_Type__c.field-meta.xml
CustomField,Case.Employment_Achieved__c,icy,reachable only from ICY,,force-app/main/default/objects/Case/fields/Employment_Achieved__c.field-meta.xml
CustomField,Case.Employment_Details__c,icy,reachable only from ICY,,force-app/main/default/objects/Case/fields/Employment_Details__c.field-meta.xml
CustomField,Case.Employment_Programs_Connected__c,icy,reachable only from ICY,,force-app/main/default/objects/Case/fields/Employment_Programs_Connected__c.field-meta.xml
CustomField,Case.EntitlementId,maid,"unreferenced; added 2021-03-16, before ICY existed in repo",2021-03-16 Error Log and 3 field changes on 1634,force-app/main/default/objects/Case/fields/EntitlementId.field-meta.xml
CustomField,Case.Existing_Protocols_Safeguards__c,icy,unreferenced; added by ICY commit 2023-12-15 'BCMOHAD-19743 - ICY Integrate complete m',2023-12-15 BCMOHAD-19743 - ICY Integrate complete migration.,force-app/main/default/objects/Case/fields/Existing_Protocols_Safeguards__c.field-meta.xml
CustomField,Case.Federal_Feedback_Msg__c,maid,"unreferenced; added 2021-06-24, before ICY existed in repo","2021-06-24 BCMOHAD-6191:added safeguard msg, bug fixes",force-app/main/default/objects/Case/fields/Federal_Feedback_Msg__c.field-meta.xml
CustomField,Case.Federal_Safeguards_Feedback__c,maid,reachable only from MAiD,,force-app/main/default/objects/Case/fields/Federal_Safeguards_Feedback__c.field-meta.xml
CustomField,Case.Federal_Safeguards__c,maid,reachable only from MAiD,,force-app/main/default/objects/Case/fields/Federal_Safeguards__c.field-meta.xml
CustomField,Case.File_Creation_Date__c,maid,reachable only from MAiD,,force-app/main/default/objects/Case/fields/File_Creation_Date__c.field-meta.xml
CustomField,Case.First_Date_of_contact__c,maid,reachable only from MAiD,,force-app/main/default/objects/Case/fields/First_Date_of_contact__c.field-meta.xml
CustomField,Case.Flagged_Case__c,maid,reachable only from MAiD,,force-app/main/default/objects/Case/fields/Flagged_Case__c.field-meta.xml
CustomField,Case.Form_1632__c,maid,reachable only from MAiD,,force-app/main/default/objects/Case/fields/Form_1632__c.field-meta.xml
CustomField,Case.Form_1633__c,maid,reachable only from MAiD,,force-app/main/default/objects/Case/fields/Form_1633__c.field-meta.xml
CustomField,Case.Form_1634__c,maid,reachable only from MAiD,,force-app/main/default/objects/Case/fields/Form_1634__c.field-meta.xml
CustomField,Case.Form_1635__c,maid,reachable only from MAiD,,force-app/main/default/objects/Case/fields/Form_1635__c.field-meta.xml
CustomField,Case.Form_1641__c,maid,reachable only from MAiD,,force-app/main/default/objects/Case/fields/Form_1641__c.field-meta.xml
CustomField,Case.Form_1642__c,maid,reachable only from MAiD,,force-app/main/default/objects/Case/fields/Form_1642__c.field-meta.xml
CustomField,Case.Form_Rx_MAR__c,maid,reachable only from MAiD,,force-app/main/default/objects/Case/fields/Form_Rx_MAR__c.field-meta.xml
CustomField,Case.Foundry_BC_Referral__c,icy,unreferenced; added by ICY commit 2023-12-15 'BCMOHAD-19743 - ICY Integrate complete m',2023-12-15 BCMOHAD-19743 - ICY Integrate complete migration.,force-app/main/default/objects/Case/fields/Foundry_BC_Referral__c.field-meta.xml
CustomField,Case.Gender__c,base,reachable from both ICY and MAiD,,force-app/main/default/objects/Case/fields/Gender__c.field-meta.xml
CustomField,Case.Has_a_legal_authority__c,icy,unreferenced; added by ICY commit 2023-12-15 'BCMOHAD-19743 - ICY Integrate complete m',2023-12-15 BCMOHAD-19743 - ICY Integrate complete migration.,force-app/main/default/objects/Case/fields/Has_a_legal_authority__c.field-meta.xml
CustomField,Case.Health_Authority__c,maid,reachable only from MAiD,,force-app/main/default/objects/Case/fields/Health_Authority__c.field-meta.xml
CustomField,Case.Health_Canada_Reportable_Date__c,maid,reachable only from MAiD,,force-app/main/default/objects/Case/fields/Health_Canada_Reportable_Date__c.field-meta.xml
CustomField,Case.Health_Care_Plan_Indicator__c,icy,unreferenced; added by ICY commit 2023-12-15 'BCMOHAD-19743 - ICY Integrate complete m',2023-12-15 BCMOHAD-19743 - ICY Integrate complete migration.,force-app/main/default/objects/Case/fields/Health_Care_Plan_Indicator__c.field-meta.xml
CustomField,Case.Historical_Case_Reviewer__c,maid,reachable only from MAiD,,force-app/main/default/objects/Case/fields/Historical_Case_Reviewer__c.field-meta.xml
CustomField,Case.Home_Phone__c,icy,reachable only from ICY,,force-app/main/default/objects/Case/fields/Home_Phone__c.field-meta.xml
CustomField,Case.Hrs__c,maid,"unreferenced; added 2023-03-31, before ICY existed in repo",2023-03-31 BCMOHAD-14385 || Push missing Case fields Hrs__c,force-app/main/default/objects/Case/fields/Hrs__c.field-meta.xml
CustomField,Case.ICY_Case_Close_Date__c,icy,reachable only from ICY,,force-app/main/default/objects/Case/fields/ICY_Case_Close_Date__c.field-meta.xml
CustomField,Case.ICY_Case_Owner__c,base,reachable from both ICY and MAiD,,force-app/main/default/objects/Case/fields/ICY_Case_Owner__c.field-meta.xml
CustomField,Case.ICY_Case_Record_Type__c,icy,reachable only from ICY,,force-app/main/default/objects/Case/fields/ICY_Case_Record_Type__c.field-meta.xml
CustomField,Case.ICY_Child_Youth_added_to_waitlist__c,icy,reachable only from ICY,,force-app/main/default/objects/Case/fields/ICY_Child_Youth_added_to_waitlist__c.field-meta.xml
CustomField,Case.ICY_Child_Youth_removed_from_waitlist__c,icy,reachable only from ICY,,force-app/main/default/objects/Case/fields/ICY_Child_Youth_removed_from_waitlist__c.field-meta.xml
CustomField,Case.ICY_Closed_By__c,icy,reachable only from ICY,,force-app/main/default/objects/Case/fields/ICY_Closed_By__c.field-meta.xml
CustomField,Case.ICY_Consent__c,icy,reachable only from ICY,,force-app/main/default/objects/Case/fields/ICY_Consent__c.field-meta.xml
CustomField,Case.ICY_Date_Intake_Happened__c,icy,reachable only from ICY,,force-app/main/default/objects/Case/fields/ICY_Date_Intake_Happened__c.field-meta.xml
CustomField,Case.ICY_Geographic_Area__c,icy,reachable only from ICY,,force-app/main/default/objects/Case/fields/ICY_Geographic_Area__c.field-meta.xml
CustomField,Case.ICY_Last_Case_Note_Date__c,icy,reachable only from ICY,,force-app/main/default/objects/Case/fields/ICY_Last_Case_Note_Date__c.field-meta.xml
CustomField,Case.ICY_Last_Reported_Date__c,icy,reachable only from ICY,,force-app/main/default/objects/Case/fields/ICY_Last_Reported_Date__c.field-meta.xml
CustomField,Case.ICY_Rationale__c,icy,reachable only from ICY,,force-app/main/default/objects/Case/fields/ICY_Rationale__c.field-meta.xml
CustomField,Case.ICY_Ref_Ind_DOB__c,icy,reachable only from ICY,,force-app/main/default/objects/Case/fields/ICY_Ref_Ind_DOB__c.field-meta.xml
CustomField,Case.ICY_Ref_Ind_First_Name__c,icy,reachable only from ICY,,force-app/main/default/objects/Case/fields/ICY_Ref_Ind_First_Name__c.field-meta.xml
CustomField,Case.ICY_Ref_Ind_Last_Name__c,icy,reachable only from ICY,,force-app/main/default/objects/Case/fields/ICY_Ref_Ind_Last_Name__c.field-meta.xml
CustomField,Case.ICY_Ref_Ind_Preferred_Name__c,icy,reachable only from ICY,,force-app/main/default/objects/Case/fields/ICY_Ref_Ind_Preferred_Name__c.field-meta.xml
CustomField,Case.ICY_Ref_Personal_Health_Number__c,icy,reachable only from ICY,,force-app/main/default/objects/Case/fields/ICY_Ref_Personal_Health_Number__c.field-meta.xml
CustomField,Case.ICY_Referral_Date__c,icy,reachable only from ICY,,force-app/main/default/objects/Case/fields/ICY_Referral_Date__c.field-meta.xml
CustomField,Case.ICY_Searchable_DOB__c,icy,reachable only from ICY,,force-app/main/default/objects/Case/fields/ICY_Searchable_DOB__c.field-meta.xml
CustomField,Case.ICY_Waitlisted__c,icy,reachable only from ICY,,force-app/main/default/objects/Case/fields/ICY_Waitlisted__c.field-meta.xml
CustomField,Case.ICY_is_Self_Access_visible__c,icy,unreferenced; added by ICY commit 2023-12-15 'BCMOHAD-19743 - ICY Integrate complete m',2023-12-15 BCMOHAD-19743 - ICY Integrate complete migration.,force-app/main/default/objects/Case/fields/ICY_is_Self_Access_visible__c.field-meta.xml
CustomField,Case.IEP_Completed_and_on_File_Indicator__c,icy,unreferenced; added by ICY commit 2023-12-15 'BCMOHAD-19743 - ICY Integrate complete m',2023-12-15 BCMOHAD-19743 - ICY Integrate complete migration.,force-app/main/default/objects/Case/fields/IEP_Completed_and_on_File_Indicator__c.field-meta.xml
CustomField,Case.IEP_on_File__c,icy,unreferenced; added by ICY commit 2023-12-15 'BCMOHAD-19743 - ICY Integrate complete m',2023-12-15 BCMOHAD-19743 - ICY Integrate complete migration.,force-app/main/default/objects/Case/fields/IEP_on_File__c.field-meta.xml
CustomField,Case.Identify_as_Indigenious__c,maid,reachable only from MAiD,,force-app/main/default/objects/Case/fields/Identify_as_Indigenious__c.field-meta.xml
CustomField,Case.If_1630_Incomplete__c,maid,reachable only from MAiD,,force-app/main/default/objects/Case/fields/If_1630_Incomplete__c.field-meta.xml
CustomField,Case.If_1632_Incomplete__c,maid,reachable only from MAiD,,force-app/main/default/objects/Case/fields/If_1632_Incomplete__c.field-meta.xml
CustomField,Case.If_1633_Incomplete__c,maid,reachable only from MAiD,,force-app/main/default/objects/Case/fields/If_1633_Incomplete__c.field-meta.xml
CustomField,Case.If_1645_Incomplete__c,maid,reachable only from MAiD,,force-app/main/default/objects/Case/fields/If_1645_Incomplete__c.field-meta.xml
CustomField,Case.If_Gender_Other_specify__c,maid,reachable only from MAiD,,force-app/main/default/objects/Case/fields/If_Gender_Other_specify__c.field-meta.xml
CustomField,Case.If_Months__c,maid,reachable only from MAiD,,force-app/main/default/objects/Case/fields/If_Months__c.field-meta.xml
CustomField,Case.If_Other_Living_Arrangement_Specify__c,maid,reachable only from MAiD,,force-app/main/default/objects/Case/fields/If_Other_Living_Arrangement_Specify__c.field-meta.xml
CustomField,Case.If_Other_Preferred_Gender_Specify__c,maid,reachable only from MAiD,,force-app/main/default/objects/Case/fields/If_Other_Preferred_Gender_Specify__c.field-meta.xml
CustomField,Case.If_Other_Race_Specify__c,maid,reachable only from MAiD,,force-app/main/default/objects/Case/fields/If_Other_Race_Specify__c.field-meta.xml
CustomField,Case.If_Private_Residence_Living_arrangement__c,maid,reachable only from MAiD,,force-app/main/default/objects/Case/fields/If_Private_Residence_Living_arrangement__c.field-meta.xml
CustomField,Case.If_RX_MAR_Incomplete__c,maid,reachable only from MAiD,,force-app/main/default/objects/Case/fields/If_RX_MAR_Incomplete__c.field-meta.xml
CustomField,Case.If_X1634_Incomplete__c,maid,reachable only from MAiD,,force-app/main/default/objects/Case/fields/If_X1634_Incomplete__c.field-meta.xml
CustomField,Case.If_X1635_Incomplete__c,maid,reachable only from MAiD,,force-app/main/default/objects/Case/fields/If_X1635_Incomplete__c.field-meta.xml
CustomField,Case.If_X1641_Incomplete__c,maid,reachable only from MAiD,,force-app/main/default/objects/Case/fields/If_X1641_Incomplete__c.field-meta.xml
CustomField,Case.If_X1642_Incomplete__c,maid,reachable only from MAiD,,force-app/main/default/objects/Case/fields/If_X1642_Incomplete__c.field-meta.xml
CustomField,Case.If_Years__c,maid,reachable only from MAiD,,force-app/main/default/objects/Case/fields/If_Years__c.field-meta.xml
CustomField,Case.If_yes_Indigenious_heritage__c,maid,reachable only from MAiD,,force-app/main/default/objects/Case/fields/If_yes_Indigenious_heritage__c.field-meta.xml
CustomField,Case.If_yes_specify__c,maid,reachable only from MAiD,,force-app/main/default/objects/Case/fields/If_yes_specify__c.field-meta.xml
CustomField,Case.If_yes_types_of_disabilites__c,maid,reachable only from MAiD,,force-app/main/default/objects/Case/fields/If_yes_types_of_disabilites__c.field-meta.xml
CustomField,Case.Impacted_Form__c,maid,reachable only from MAiD,,force-app/main/default/objects/Case/fields/Impacted_Form__c.field-meta.xml
CustomField,Case.Include_in_BCCS_Report__c,maid,reachable only from MAiD,,force-app/main/default/objects/Case/fields/Include_in_BCCS_Report__c.field-meta.xml
CustomField,Case.Individual_Attached_to_Physician__c,icy,reachable only from ICY,,force-app/main/default/objects/Case/fields/Individual_Attached_to_Physician__c.field-meta.xml
CustomField,Case.Individual_Consent_on_File_Indicator__c,icy,reachable only from ICY,,force-app/main/default/objects/Case/fields/Individual_Consent_on_File_Indicator__c.field-meta.xml
CustomField,Case.Individual_Preferred_Name__c,icy,reachable only from ICY,,force-app/main/default/objects/Case/fields/Individual_Preferred_Name__c.field-meta.xml
CustomField,Case.Intake_Follow_up_Date__c,icy,unreferenced; added by ICY commit 2023-12-15 'BCMOHAD-19743 - ICY Integrate complete m',2023-12-15 BCMOHAD-19743 - ICY Integrate complete migration.,force-app/main/default/objects/Case/fields/Intake_Follow_up_Date__c.field-meta.xml
CustomField,Case.IsClosedOnCreate,maid,reachable only from MAiD,,force-app/main/default/objects/Case/fields/IsClosedOnCreate.field-meta.xml
CustomField,Case.IsEscalated,base,reachable from both ICY and MAiD,,force-app/main/default/objects/Case/fields/IsEscalated.field-meta.xml
CustomField,Case.IsStopped,maid,"unreferenced; added 2021-03-16, before ICY existed in repo",2021-03-16 Error Log and 3 field changes on 1634,force-app/main/default/objects/Case/fields/IsStopped.field-meta.xml
CustomField,Case.Is_primary_contact__c,icy,unreferenced; added by ICY commit 2023-12-15 'BCMOHAD-19743 - ICY Integrate complete m',2023-12-15 BCMOHAD-19743 - ICY Integrate complete migration.,force-app/main/default/objects/Case/fields/Is_primary_contact__c.field-meta.xml
CustomField,Case.Is_the_Individual_Attending_School__c,icy,unreferenced; added by ICY commit 2023-12-15 'BCMOHAD-19743 - ICY Integrate complete m',2023-12-15 BCMOHAD-19743 - ICY Integrate complete migration.,force-app/main/default/objects/Case/fields/Is_the_Individual_Attending_School__c.field-meta.xml
CustomField,Case.Is_the_Individual_eligible_for_CLBC_Serv__c,icy,unreferenced; added by ICY commit 2023-12-15 'BCMOHAD-19743 - ICY Integrate complete m',2023-12-15 BCMOHAD-19743 - ICY Integrate complete migration.,force-app/main/default/objects/Case/fields/Is_the_Individual_eligible_for_CLBC_Serv__c.field-meta.xml
CustomField,Case.Is_the_individual_being_supported_by_CFD__c,icy,unreferenced; added by ICY commit 2023-12-15 'BCMOHAD-19743 - ICY Integrate complete m',2023-12-15 BCMOHAD-19743 - ICY Integrate complete migration.,force-app/main/default/objects/Case/fields/Is_the_individual_being_supported_by_CFD__c.field-meta.xml
CustomField,Case.Language,icy,reachable only from ICY,,force-app/main/default/objects/Case/fields/Language.field-meta.xml
CustomField,Case.Language_in_the_Home_Other__c,icy,unreferenced; added by ICY commit 2023-12-15 'BCMOHAD-19743 - ICY Integrate complete m',2023-12-15 BCMOHAD-19743 - ICY Integrate complete migration.,force-app/main/default/objects/Case/fields/Language_in_the_Home_Other__c.field-meta.xml
CustomField,Case.Language_in_the_Home__c,icy,reachable only from ICY,,force-app/main/default/objects/Case/fields/Language_in_the_Home__c.field-meta.xml
CustomField,Case.Last_Active_Date__c,icy,reachable only from ICY,,force-app/main/default/objects/Case/fields/Last_Active_Date__c.field-meta.xml
CustomField,Case.Legal_Status__c,icy,reachable only from ICY,,force-app/main/default/objects/Case/fields/Legal_Status__c.field-meta.xml
CustomField,Case.Legislation_and_Critical_Feedback_Msg__c,maid,reachable only from MAiD,,force-app/main/default/objects/Case/fields/Legislation_and_Critical_Feedback_Msg__c.field-meta.xml
CustomField,Case.Legislation_and_Critical_Safeguards__c,maid,reachable only from MAiD,,force-app/main/default/objects/Case/fields/Legislation_and_Critical_Safeguards__c.field-meta.xml
CustomField,Case.Length_of_Disability__c,maid,reachable only from MAiD,,force-app/main/default/objects/Case/fields/Length_of_Disability__c.field-meta.xml
CustomField,Case.Location__c,icy,reachable only from ICY,,force-app/main/default/objects/Case/fields/Location__c.field-meta.xml
CustomField,Case.MAiD_Reporting_Deadline__c,maid,reachable only from MAiD,,force-app/main/default/objects/Case/fields/MAiD_Reporting_Deadline__c.field-meta.xml
CustomField,Case.Mailing_Address__c,icy,unreferenced; added by ICY commit 2023-12-15 'BCMOHAD-19743 - ICY Integrate complete m',2023-12-15 BCMOHAD-19743 - ICY Integrate complete migration.,force-app/main/default/objects/Case/fields/Mailing_Address__c.field-meta.xml
CustomField,Case.Manager_Override_Requested__c,maid,reachable only from MAiD,,force-app/main/default/objects/Case/fields/Manager_Override_Requested__c.field-meta.xml
CustomField,Case.Mandatory_Data_Feedback_Message__c,maid,reachable only from MAiD,,force-app/main/default/objects/Case/fields/Mandatory_Data_Feedback_Message__c.field-meta.xml
CustomField,Case.Mandatory_Data__c,maid,reachable only from MAiD,,force-app/main/default/objects/Case/fields/Mandatory_Data__c.field-meta.xml
CustomField,Case.MilestoneStatus,maid,"unreferenced; added 2021-03-16, before ICY existed in repo",2021-03-16 Error Log and 3 field changes on 1634,force-app/main/default/objects/Case/fields/MilestoneStatus.field-meta.xml
CustomField,Case.MilestoneStatusIcon,maid,"unreferenced; added 2021-03-16, before ICY existed in repo",2021-03-16 Error Log and 3 field changes on 1634,force-app/main/default/objects/Case/fields/MilestoneStatusIcon.field-meta.xml
CustomField,Case.Missed_Issue_on_Form_1633__c,maid,reachable only from MAiD,,force-app/main/default/objects/Case/fields/Missed_Issue_on_Form_1633__c.field-meta.xml
CustomField,Case.Missed_Issue_on_Form_1634__c,maid,reachable only from MAiD,,force-app/main/default/objects/Case/fields/Missed_Issue_on_Form_1634__c.field-meta.xml
CustomField,Case.Missed_Issue_on_Form_1635__c,maid,reachable only from MAiD,,force-app/main/default/objects/Case/fields/Missed_Issue_on_Form_1635__c.field-meta.xml
CustomField,Case.Missed_Issue_on_Form_1641__c,maid,reachable only from MAiD,,force-app/main/default/objects/Case/fields/Missed_Issue_on_Form_1641__c.field-meta.xml
CustomField,Case.Missed_Issue_on_Form_1642__c,maid,reachable only from MAiD,,force-app/main/default/objects/Case/fields/Missed_Issue_on_Form_1642__c.field-meta.xml
CustomField,Case.Missed_Issue_on_Form_RX_MAR__c,maid,reachable only from MAiD,,force-app/main/default/objects/Case/fields/Missed_Issue_on_Form_RX_MAR__c.field-meta.xml
CustomField,Case.Name_of_Referrer__c,icy,reachable only from ICY,,force-app/main/default/objects/Case/fields/Name_of_Referrer__c.field-meta.xml
CustomField,Case.Notes_to_Manager__c,maid,reachable only from MAiD,,force-app/main/default/objects/Case/fields/Notes_to_Manager__c.field-meta.xml
CustomField,Case.Number_of_Alerts_for_Portal__c,icy,unreferenced; added by ICY commit 2023-12-15 'BCMOHAD-19743 - ICY Integrate complete m',2023-12-15 BCMOHAD-19743 - ICY Integrate complete migration.,force-app/main/default/objects/Case/fields/Number_of_Alerts_for_Portal__c.field-meta.xml
CustomField,Case.Number_of_Case_Alerts__c,icy,unreferenced; added by ICY commit 2023-12-15 'BCMOHAD-19743 - ICY Integrate complete m',2023-12-15 BCMOHAD-19743 - ICY Integrate complete migration.,force-app/main/default/objects/Case/fields/Number_of_Case_Alerts__c.field-meta.xml
CustomField,Case.Number_of_Plans__c,icy,unreferenced; added by ICY commit 2023-12-15 'BCMOHAD-19743 - ICY Integrate complete m',2023-12-15 BCMOHAD-19743 - ICY Integrate complete migration.,force-app/main/default/objects/Case/fields/Number_of_Plans__c.field-meta.xml
CustomField,Case.Number_of_Protocals__c,icy,unreferenced; added by ICY commit 2023-12-15 'BCMOHAD-19743 - ICY Integrate complete m',2023-12-15 BCMOHAD-19743 - ICY Integrate complete migration.,force-app/main/default/objects/Case/fields/Number_of_Protocals__c.field-meta.xml
CustomField,Case.Office__c,icy,reachable only from ICY,,force-app/main/default/objects/Case/fields/Office__c.field-meta.xml
CustomField,Case.OldCaseNumber__c,icy,unreferenced; added by ICY commit 2024-01-11 'BCHMOD-20262 Latest ICY defect fixes and',2024-01-11 BCHMOD-20262 Latest ICY defect fixes and improvements. (#679,force-app/main/default/objects/Case/fields/OldCaseNumber__c.field-meta.xml
CustomField,Case.Older_MAiD_Forms_to_2021__c,maid,reachable only from MAiD,,force-app/main/default/objects/Case/fields/Older_MAiD_Forms_to_2021__c.field-meta.xml
CustomField,Case.Origin,icy,reachable only from ICY,,force-app/main/default/objects/Case/fields/Origin.field-meta.xml
CustomField,Case.Other_Agencies_Involved__c,icy,unreferenced; added by ICY commit 2023-12-15 'BCMOHAD-19743 - ICY Integrate complete m',2023-12-15 BCMOHAD-19743 - ICY Integrate complete migration.,force-app/main/default/objects/Case/fields/Other_Agencies_Involved__c.field-meta.xml
CustomField,Case.Other_Residence_Specify__c,maid,reachable only from MAiD,,force-app/main/default/objects/Case/fields/Other_Residence_Specify__c.field-meta.xml
CustomField,Case.Other__c,icy,reachable only from ICY,,force-app/main/default/objects/Case/fields/Other__c.field-meta.xml
CustomField,Case.Other_long_term_condition_specify__c,maid,reachable only from MAiD,,force-app/main/default/objects/Case/fields/Other_long_term_condition_specify__c.field-meta.xml
CustomField,Case.OwnerId,maid,"unreferenced; added 2021-03-16, before ICY existed in repo",2021-03-16 Error Log and 3 field changes on 1634,force-app/main/default/objects/Case/fields/OwnerId.field-meta.xml
CustomField,Case.PHA_Q25_Formula__c,maid,reachable only from MAiD,,force-app/main/default/objects/Case/fields/PHA_Q25_Formula__c.field-meta.xml
CustomField,Case.PHA_Q25_Ref__c,maid,reachable only from MAiD,,force-app/main/default/objects/Case/fields/PHA_Q25_Ref__c.field-meta.xml
CustomField,Case.PHN__c,base,referenced (transitively) by both projects,,force-app/main/default/objects/Case/fields/PHN__c.field-meta.xml
CustomField,Case.ParentId,base,reachable from both ICY and MAiD,,force-app/main/default/objects/Case/fields/ParentId.field-meta.xml
CustomField,Case.Parent_Case_PHN__c,maid,reachable only from MAiD,,force-app/main/default/objects/Case/fields/Parent_Case_PHN__c.field-meta.xml
CustomField,Case.Parent_Case_Patient_Name__c,maid,reachable only from MAiD,,force-app/main/default/objects/Case/fields/Parent_Case_Patient_Name__c.field-meta.xml
CustomField,Case.Patient_Date_of_Birth__c,maid,reachable only from MAiD,,force-app/main/default/objects/Case/fields/Patient_Date_of_Birth__c.field-meta.xml
CustomField,Case.Patient_First_Name__c,maid,reachable only from MAiD,,force-app/main/default/objects/Case/fields/Patient_First_Name__c.field-meta.xml
CustomField,Case.Patient_Last_Name__c,maid,reachable only from MAiD,,force-app/main/default/objects/Case/fields/Patient_Last_Name__c.field-meta.xml
CustomField,Case.Patient_MAiD_Request_Date__c,maid,reachable only from MAiD,,force-app/main/default/objects/Case/fields/Patient_MAiD_Request_Date__c.field-meta.xml
CustomField,Case.Patient_Postal_Code__c,maid,reachable only from MAiD,,force-app/main/default/objects/Case/fields/Patient_Postal_Code__c.field-meta.xml
CustomField,Case.Patient_Second_Name__c,maid,reachable only from MAiD,,force-app/main/default/objects/Case/fields/Patient_Second_Name__c.field-meta.xml
CustomField,Case.Patient_has_no_home_address__c,maid,reachable only from MAiD,,force-app/main/default/objects/Case/fields/Patient_has_no_home_address__c.field-meta.xml
CustomField,Case.Person_Profile_Completion_Date__c,icy,unreferenced; added by ICY commit 2023-12-15 'BCMOHAD-19743 - ICY Integrate complete m',2023-12-15 BCMOHAD-19743 - ICY Integrate complete migration.,force-app/main/default/objects/Case/fields/Person_Profile_Completion_Date__c.field-meta.xml
CustomField,Case.Personal_Profile_Completion_Date__c,icy,unreferenced; added by ICY commit 2023-12-15 'BCMOHAD-19743 - ICY Integrate complete m',2023-12-15 BCMOHAD-19743 - ICY Integrate complete migration.,force-app/main/default/objects/Case/fields/Personal_Profile_Completion_Date__c.field-meta.xml
CustomField,Case.Personal_Profile_on_File_Indicator__c,icy,unreferenced; added by ICY commit 2023-12-15 'BCMOHAD-19743 - ICY Integrate complete m',2023-12-15 BCMOHAD-19743 - ICY Integrate complete migration.,force-app/main/default/objects/Case/fields/Personal_Profile_on_File_Indicator__c.field-meta.xml
CustomField,Case.Pharmacy_Reporting_Deadline__c,maid,reachable only from MAiD,,force-app/main/default/objects/Case/fields/Pharmacy_Reporting_Deadline__c.field-meta.xml
CustomField,Case.Pharmacy_Reporting_Status__c,maid,reachable only from MAiD,,force-app/main/default/objects/Case/fields/Pharmacy_Reporting_Status__c.field-meta.xml
CustomField,Case.Physical_Address__c,icy,reachable only from ICY,,force-app/main/default/objects/Case/fields/Physical_Address__c.field-meta.xml
CustomField,Case.Practitioner_College_ID__c,maid,reachable only from MAiD,,force-app/main/default/objects/Case/fields/Practitioner_College_ID__c.field-meta.xml
CustomField,Case.Practitioner_Name__c,base,reachable from both ICY and MAiD,,force-app/main/default/objects/Case/fields/Practitioner_Name__c.field-meta.xml
CustomField,Case.Practitioner_Type__c,maid,reachable only from MAiD,,force-app/main/default/objects/Case/fields/Practitioner_Type__c.field-meta.xml
CustomField,Case.Practitioner__c,maid,reachable only from MAiD,,force-app/main/default/objects/Case/fields/Practitioner__c.field-meta.xml
CustomField,Case.Preferred_Gender__c,maid,reachable only from MAiD,,force-app/main/default/objects/Case/fields/Preferred_Gender__c.field-meta.xml
CustomField,Case.Preferred_Method_Of_Contact__c,icy,reachable only from ICY,,force-app/main/default/objects/Case/fields/Preferred_Method_Of_Contact__c.field-meta.xml
CustomField,Case.Prevent_save_on_duplicate_PHN__c,maid,reachable only from MAiD,,force-app/main/default/objects/Case/fields/Prevent_save_on_duplicate_PHN__c.field-meta.xml
CustomField,Case.Primary_Contact_Full_Name__c,icy,reachable only from ICY,,force-app/main/default/objects/Case/fields/Primary_Contact_Full_Name__c.field-meta.xml
CustomField,Case.Primary_Contact__c,icy,reachable only from ICY,,force-app/main/default/objects/Case/fields/Primary_Contact__c.field-meta.xml
CustomField,Case.Primary_Contact_is_Individual_Indicator__c,icy,reachable only from ICY,,force-app/main/default/objects/Case/fields/Primary_Contact_is_Individual_Indicator__c.field-meta.xml
CustomField,Case.Primary_Referral_Contact__c,icy,reachable only from ICY,,force-app/main/default/objects/Case/fields/Primary_Referral_Contact__c.field-meta.xml
CustomField,Case.Priority,icy,reachable only from ICY,,force-app/main/default/objects/Case/fields/Priority.field-meta.xml
CustomField,Case.ProductId,maid,"unreferenced; added 2021-03-16, before ICY existed in repo",2021-03-16 Error Log and 3 field changes on 1634,force-app/main/default/objects/Case/fields/ProductId.field-meta.xml
CustomField,Case.Program_Connected__c,icy,reachable only from ICY,,force-app/main/default/objects/Case/fields/Program_Connected__c.field-meta.xml
CustomField,Case.Protocol_Indicator__c,icy,unreferenced; added by ICY commit 2023-12-15 'BCMOHAD-19743 - ICY Integrate complete m',2023-12-15 BCMOHAD-19743 - ICY Integrate complete migration.,force-app/main/default/objects/Case/fields/Protocol_Indicator__c.field-meta.xml
CustomField,Case.Province_or_Territory_that_issued_PHN__c,base,referenced (transitively) by both projects,,force-app/main/default/objects/Case/fields/Province_or_Territory_that_issued_PHN__c.field-meta.xml
CustomField,Case.Provincial_Feedback_Msg__c,maid,"unreferenced; added 2021-06-24, before ICY existed in repo","2021-06-24 BCMOHAD-6191:added safeguard msg, bug fixes",force-app/main/default/objects/Case/fields/Provincial_Feedback_Msg__c.field-meta.xml
CustomField,Case.Provincial_Safeguard_Feedback_for_1633__c,maid,reachable only from MAiD,,force-app/main/default/objects/Case/fields/Provincial_Safeguard_Feedback_for_1633__c.field-meta.xml
CustomField,Case.Provincial_Safeguards_Feedback__c,maid,reachable only from MAiD,,force-app/main/default/objects/Case/fields/Provincial_Safeguards_Feedback__c.field-meta.xml
CustomField,Case.Provincial_Safeguards__c,maid,reachable only from MAiD,,force-app/main/default/objects/Case/fields/Provincial_Safeguards__c.field-meta.xml
CustomField,Case.Psychological_assessment__c,icy,unreferenced; added by ICY commit 2023-12-15 'BCMOHAD-19743 - ICY Integrate complete m',2023-12-15 BCMOHAD-19743 - ICY Integrate complete migration.,force-app/main/default/objects/Case/fields/Psychological_assessment__c.field-meta.xml
CustomField,Case.Psychologist_Assessment_Location__c,icy,reachable only from ICY,,force-app/main/default/objects/Case/fields/Psychologist_Assessment_Location__c.field-meta.xml
CustomField,Case.Psychologist_Contact_Email__c,icy,unreferenced; added by ICY commit 2023-12-15 'BCMOHAD-19743 - ICY Integrate complete m',2023-12-15 BCMOHAD-19743 - ICY Integrate complete migration.,force-app/main/default/objects/Case/fields/Psychologist_Contact_Email__c.field-meta.xml
CustomField,Case.Psychologist_Contact_Phone_Number__c,icy,unreferenced; added by ICY commit 2023-12-15 'BCMOHAD-19743 - ICY Integrate complete m',2023-12-15 BCMOHAD-19743 - ICY Integrate complete migration.,force-app/main/default/objects/Case/fields/Psychologist_Contact_Phone_Number__c.field-meta.xml
CustomField,Case.Psychologist_First_Name__c,icy,unreferenced; added by ICY commit 2023-12-15 'BCMOHAD-19743 - ICY Integrate complete m',2023-12-15 BCMOHAD-19743 - ICY Integrate complete migration.,force-app/main/default/objects/Case/fields/Psychologist_First_Name__c.field-meta.xml
CustomField,Case.Psychologist_Last_Name__c,icy,unreferenced; added by ICY commit 2023-12-15 'BCMOHAD-19743 - ICY Integrate complete m',2023-12-15 BCMOHAD-19743 - ICY Integrate complete migration.,force-app/main/default/objects/Case/fields/Psychologist_Last_Name__c.field-meta.xml
CustomField,Case.Psychologist_Name__c,icy,reachable only from ICY,,force-app/main/default/objects/Case/fields/Psychologist_Name__c.field-meta.xml
CustomField,Case.Psychologist_Name_text__c,icy,unreferenced; added by ICY commit 2023-12-15 'BCMOHAD-19743 - ICY Integrate complete m',2023-12-15 BCMOHAD-19743 - ICY Integrate complete migration.,force-app/main/default/objects/Case/fields/Psychologist_Name_text__c.field-meta.xml
CustomField,Case.REF_20B__c,maid,reachable only from MAiD,,force-app/main/default/objects/Case/fields/REF_20B__c.field-meta.xml
CustomField,Case.REF_Q05_42_Formula__c,maid,reachable only from MAiD,,force-app/main/default/objects/Case/fields/REF_Q05_42_Formula__c.field-meta.xml
CustomField,Case.REF_Q05_Formula__c,maid,reachable only from MAiD,,force-app/main/default/objects/Case/fields/REF_Q05_Formula__c.field-meta.xml
CustomField,Case.REF_Q05__c,maid,reachable only from MAiD,,force-app/main/default/objects/Case/fields/REF_Q05__c.field-meta.xml
CustomField,Case.REF_Q10_value__c,maid,reachable only from MAiD,,force-app/main/default/objects/Case/fields/REF_Q10_value__c.field-meta.xml
CustomField,Case.REF_Q15_Value__c,maid,"unreferenced; added 2021-07-23, before ICY existed in repo",2021-07-23 updated report fields,force-app/main/default/objects/Case/fields/REF_Q15_Value__c.field-meta.xml
CustomField,Case.REF_Q15__c,maid,"unreferenced; added 2021-05-25, before ICY existed in repo",2021-05-25 1634 Fields / Case Fields,force-app/main/default/objects/Case/fields/REF_Q15__c.field-meta.xml
CustomField,Case.REF_Q20A__c,maid,reachable only from MAiD,,force-app/main/default/objects/Case/fields/REF_Q20A__c.field-meta.xml
CustomField,Case.REF_Q20C__c,maid,reachable only from MAiD,,force-app/main/default/objects/Case/fields/REF_Q20C__c.field-meta.xml
CustomField,Case.REF_Q20D__c,maid,reachable only from MAiD,,force-app/main/default/objects/Case/fields/REF_Q20D__c.field-meta.xml
CustomField,Case.REF_Q21__c,maid,reachable only from MAiD,,force-app/main/default/objects/Case/fields/REF_Q21__c.field-meta.xml
CustomField,Case.REQ_Q05_42_Formula__c,maid,reachable only from MAiD,,force-app/main/default/objects/Case/fields/REQ_Q05_42_Formula__c.field-meta.xml
CustomField,Case.REQ_Q10_Formula__c,maid,reachable only from MAiD,,force-app/main/default/objects/Case/fields/REQ_Q10_Formula__c.field-meta.xml
CustomField,Case.REQ_S05_formula__c,maid,reachable only from MAiD,,force-app/main/default/objects/Case/fields/REQ_S05_formula__c.field-meta.xml
CustomField,Case.RX_MAR_Date_Received__c,maid,reachable only from MAiD,,force-app/main/default/objects/Case/fields/RX_MAR_Date_Received__c.field-meta.xml
CustomField,Case.RX_MAR__c,maid,reachable only from MAiD,,force-app/main/default/objects/Case/fields/RX_MAR__c.field-meta.xml
CustomField,Case.Racial_Ethinic_or_Cultural_Group__c,maid,reachable only from MAiD,,force-app/main/default/objects/Case/fields/Racial_Ethinic_or_Cultural_Group__c.field-meta.xml
CustomField,Case.Reason,icy,reachable only from ICY,,force-app/main/default/objects/Case/fields/Reason.field-meta.xml
CustomField,Case.Reason_for_Flagging__c,maid,reachable only from MAiD,,force-app/main/default/objects/Case/fields/Reason_for_Flagging__c.field-meta.xml
CustomField,Case.Reason_for_re_opening_case__c,maid,reachable only from MAiD,,force-app/main/default/objects/Case/fields/Reason_for_re_opening_case__c.field-meta.xml
CustomField,Case.Receiving_Services_on_Reserve__c,icy,reachable only from ICY,,force-app/main/default/objects/Case/fields/Receiving_Services_on_Reserve__c.field-meta.xml
CustomField,Case.Record_ID_Formula__c,maid,reachable only from MAiD,,force-app/main/default/objects/Case/fields/Record_ID_Formula__c.field-meta.xml
CustomField,Case.Record_ID_Ref__c,maid,reachable only from MAiD,,force-app/main/default/objects/Case/fields/Record_ID_Ref__c.field-meta.xml
CustomField,Case.Record_Type_Name__c,base,reachable from both ICY and MAiD,,force-app/main/default/objects/Case/fields/Record_Type_Name__c.field-meta.xml
CustomField,Case.Referral__c,icy,reachable only from ICY,,force-app/main/default/objects/Case/fields/Referral__c.field-meta.xml
CustomField,Case.Referred_to_Long_Term_Care__c,icy,unreferenced; added by ICY commit 2023-12-15 'BCMOHAD-19743 - ICY Integrate complete m',2023-12-15 BCMOHAD-19743 - ICY Integrate complete migration.,force-app/main/default/objects/Case/fields/Referred_to_Long_Term_Care__c.field-meta.xml
CustomField,Case.Referring_Organization__c,icy,reachable only from ICY,,force-app/main/default/objects/Case/fields/Referring_Organization__c.field-meta.xml
CustomField,Case.Region__c,icy,reachable only from ICY,,force-app/main/default/objects/Case/fields/Region__c.field-meta.xml
CustomField,Case.Registered__c,icy,reachable only from ICY,,force-app/main/default/objects/Case/fields/Registered__c.field-meta.xml
CustomField,Case.Relationship_to_Individual__c,icy,unreferenced; added by ICY commit 2023-12-15 'BCMOHAD-19743 - ICY Integrate complete m',2023-12-15 BCMOHAD-19743 - ICY Integrate complete migration.,force-app/main/default/objects/Case/fields/Relationship_to_Individual__c.field-meta.xml
CustomField,Case.Reportable_to_Health_Canada__c,maid,reachable only from MAiD,,force-app/main/default/objects/Case/fields/Reportable_to_Health_Canada__c.field-meta.xml
CustomField,Case.Reporting_Errors__c,maid,reachable only from MAiD,,force-app/main/default/objects/Case/fields/Reporting_Errors__c.field-meta.xml
CustomField,Case.Reporting_Status__c,maid,reachable only from MAiD,,force-app/main/default/objects/Case/fields/Reporting_Status__c.field-meta.xml
CustomField,Case.Requestor_disability_opinion__c,maid,reachable only from MAiD,,force-app/main/default/objects/Case/fields/Requestor_disability_opinion__c.field-meta.xml
CustomField,Case.Residence_Type__c,icy,reachable only from ICY,,force-app/main/default/objects/Case/fields/Residence_Type__c.field-meta.xml
CustomField,Case.Review_Pending__c,icy,unreferenced; added by ICY commit 2023-12-15 'BCMOHAD-19743 - ICY Integrate complete m',2023-12-15 BCMOHAD-19743 - ICY Integrate complete migration.,force-app/main/default/objects/Case/fields/Review_Pending__c.field-meta.xml
CustomField,Case.SPC_Q05_PCFormula__c,maid,reachable only from MAiD,,force-app/main/default/objects/Case/fields/SPC_Q05_PCFormula__c.field-meta.xml
CustomField,Case.SPC_Q10_Specialty__c,maid,"unreferenced; added 2021-05-25, before ICY existed in repo",2021-05-25 1634 Fields / Case Fields,force-app/main/default/objects/Case/fields/SPC_Q10_Specialty__c.field-meta.xml
CustomField,Case.SPC_Q20_ID__c,maid,reachable only from MAiD,,force-app/main/default/objects/Case/fields/SPC_Q20_ID__c.field-meta.xml
CustomField,Case.SPC_S10__c,maid,reachable only from MAiD,,force-app/main/default/objects/Case/fields/SPC_S10__c.field-meta.xml
CustomField,Case.Secondary_Eligibility_Type__c,icy,reachable only from ICY,,force-app/main/default/objects/Case/fields/Secondary_Eligibility_Type__c.field-meta.xml
CustomField,Case.Secondary_Worker__c,icy,unreferenced; added by ICY commit 2023-12-15 'BCMOHAD-19743 - ICY Integrate complete m',2023-12-15 BCMOHAD-19743 - ICY Integrate complete migration.,force-app/main/default/objects/Case/fields/Secondary_Worker__c.field-meta.xml
CustomField,Case.Self_Identifies_as_Aboriginal__c,icy,unreferenced; added by ICY commit 2023-12-15 'BCMOHAD-19743 - ICY Integrate complete m',2023-12-15 BCMOHAD-19743 - ICY Integrate complete migration.,force-app/main/default/objects/Case/fields/Self_Identifies_as_Aboriginal__c.field-meta.xml
CustomField,Case.ServiceContractId,maid,"unreferenced; added 2021-03-16, before ICY existed in repo",2021-03-16 Error Log and 3 field changes on 1634,force-app/main/default/objects/Case/fields/ServiceContractId.field-meta.xml
CustomField,Case.Service_Response__c,icy,reachable only from ICY,,force-app/main/default/objects/Case/fields/Service_Response__c.field-meta.xml
CustomField,Case.Service_Review_Sequence__c,icy,unreferenced; added by ICY commit 2023-12-15 'BCMOHAD-19743 - ICY Integrate complete m',2023-12-15 BCMOHAD-19743 - ICY Integrate complete migration.,force-app/main/default/objects/Case/fields/Service_Review_Sequence__c.field-meta.xml
CustomField,Case.SlaExitDate,maid,"unreferenced; added 2021-03-16, before ICY existed in repo",2021-03-16 Error Log and 3 field changes on 1634,force-app/main/default/objects/Case/fields/SlaExitDate.field-meta.xml
CustomField,Case.SlaStartDate,maid,reachable only from MAiD,,force-app/main/default/objects/Case/fields/SlaStartDate.field-meta.xml
CustomField,Case.SourceId,maid,"unreferenced; added 2021-03-16, before ICY existed in repo",2021-03-16 Error Log and 3 field changes on 1634,force-app/main/default/objects/Case/fields/SourceId.field-meta.xml
CustomField,Case.Special_limitations_hearing_sight_mob__c,icy,reachable only from ICY,,force-app/main/default/objects/Case/fields/Special_limitations_hearing_sight_mob__c.field-meta.xml
CustomField,Case.Status,icy,reachable only from ICY,,force-app/main/default/objects/Case/fields/Status.field-meta.xml
CustomField,Case.Status_Feedback_Msg__c,maid,reachable only from MAiD,,force-app/main/default/objects/Case/fields/Status_Feedback_Msg__c.field-meta.xml
CustomField,Case.StopStartDate,maid,"unreferenced; added 2021-03-16, before ICY existed in repo",2021-03-16 Error Log and 3 field changes on 1634,force-app/main/default/objects/Case/fields/StopStartDate.field-meta.xml
CustomField,Case.Subject,maid,"unreferenced; added 2021-03-16, before ICY existed in repo",2021-03-16 Error Log and 3 field changes on 1634,force-app/main/default/objects/Case/fields/Subject.field-meta.xml
CustomField,Case.SuppliedCompany,icy,reachable only from ICY,,force-app/main/default/objects/Case/fields/SuppliedCompany.field-meta.xml
CustomField,Case.SuppliedEmail,icy,reachable only from ICY,,force-app/main/default/objects/Case/fields/SuppliedEmail.field-meta.xml
CustomField,Case.SuppliedName,icy,reachable only from ICY,,force-app/main/default/objects/Case/fields/SuppliedName.field-meta.xml
CustomField,Case.SuppliedPhone,icy,reachable only from ICY,,force-app/main/default/objects/Case/fields/SuppliedPhone.field-meta.xml
CustomField,Case.Total_Day_s__c,maid,"unreferenced; added 2023-03-31, before ICY existed in repo",2023-03-31 BCMOHAD-14385 || Add Missing Case fields to Object def,force-app/main/default/objects/Case/fields/Total_Day_s__c.field-meta.xml
CustomField,Case.Total_Hr_s__c,maid,"unreferenced; added 2023-03-31, before ICY existed in repo",2023-03-31 BCMOHAD-14385 || Add Missing Case fields to Object def,force-app/main/default/objects/Case/fields/Total_Hr_s__c.field-meta.xml
CustomField,Case.Transition_Package_Sent_Date__c,icy,unreferenced; added by ICY commit 2023-12-15 'BCMOHAD-19743 - ICY Integrate complete m',2023-12-15 BCMOHAD-19743 - ICY Integrate complete migration.,force-app/main/default/objects/Case/fields/Transition_Package_Sent_Date__c.field-meta.xml
CustomField,Case.Transition_Package_Sent__c,icy,unreferenced; added by ICY commit 2023-12-15 'BCMOHAD-19743 - ICY Integrate complete m',2023-12-15 BCMOHAD-19743 - ICY Integrate complete migration.,force-app/main/default/objects/Case/fields/Transition_Package_Sent__c.field-meta.xml
CustomField,Case.Type,base,reachable from both ICY and MAiD,,force-app/main/default/objects/Case/fields/Type.field-meta.xml
CustomField,Case.Types_of_Reporting_Errors__c,maid,reachable only from MAiD,,force-app/main/default/objects/Case/fields/Types_of_Reporting_Errors__c.field-meta.xml
CustomField,Case.UniqueRec__c,icy,unreferenced; added by ICY commit 2023-12-15 'BCMOHAD-19743 - ICY Integrate complete m',2023-12-15 BCMOHAD-19743 - ICY Integrate complete migration.,force-app/main/default/objects/Case/fields/UniqueRec__c.field-meta.xml
CustomField,Case.User_Role_Name__c,icy,reachable only from ICY,,force-app/main/default/objects/Case/fields/User_Role_Name__c.field-meta.xml
CustomField,Case.Usual_Place_of_Residence__c,maid,reachable only from MAiD,,force-app/main/default/objects/Case/fields/Usual_Place_of_Residence__c.field-meta.xml
CustomField,Case.Waiting_for_CFD_funding__c,icy,unreferenced; added by ICY commit 2023-12-15 'BCMOHAD-19743 - ICY Integrate complete m',2023-12-15 BCMOHAD-19743 - ICY Integrate complete migration.,force-app/main/default/objects/Case/fields/Waiting_for_CFD_funding__c.field-meta.xml
CustomField,Case.Waiting_for_CLBC_funding__c,icy,unreferenced; added by ICY commit 2023-12-15 'BCMOHAD-19743 - ICY Integrate complete m',2023-12-15 BCMOHAD-19743 - ICY Integrate complete migration.,force-app/main/default/objects/Case/fields/Waiting_for_CLBC_funding__c.field-meta.xml
CustomField,Case.Waiting_for_EPBC_funding__c,icy,unreferenced; added by ICY commit 2023-12-15 'BCMOHAD-19743 - ICY Integrate complete m',2023-12-15 BCMOHAD-19743 - ICY Integrate complete migration.,force-app/main/default/objects/Case/fields/Waiting_for_EPBC_funding__c.field-meta.xml
CustomField,Case.Waiting_for_Health_funding__c,icy,unreferenced; added by ICY commit 2023-12-15 'BCMOHAD-19743 - ICY Integrate complete m',2023-12-15 BCMOHAD-19743 - ICY Integrate complete migration.,force-app/main/default/objects/Case/fields/Waiting_for_Health_funding__c.field-meta.xml
CustomField,Case.Waiting_for_School_funding__c,icy,unreferenced; added by ICY commit 2023-12-15 'BCMOHAD-19743 - ICY Integrate complete m',2023-12-15 BCMOHAD-19743 - ICY Integrate complete migration.,force-app/main/default/objects/Case/fields/Waiting_for_School_funding__c.field-meta.xml
CustomField,Case.Warning_Message_If_Any__c,maid,reachable only from MAiD,,force-app/main/default/objects/Case/fields/Warning_Message_If_Any__c.field-meta.xml
CustomField,Case.Was_education_provided__c,maid,reachable only from MAiD,,force-app/main/default/objects/Case/fields/Was_education_provided__c.field-meta.xml
CustomField,Case.What_services_they_are_waiting_for__c,icy,reachable only from ICY,,force-app/main/default/objects/Case/fields/What_services_they_are_waiting_for__c.field-meta.xml
CustomField,Case.Which_part_of_Form_1634_was_missed__c,maid,reachable only from MAiD,,force-app/main/default/objects/Case/fields/Which_part_of_Form_1634_was_missed__c.field-meta.xml
CustomField,Case.Which_part_of_Form_1635_was_missed__c,maid,reachable only from MAiD,,force-app/main/default/objects/Case/fields/Which_part_of_Form_1635_was_missed__c.field-meta.xml
CustomField,Case.Which_part_of_Form_1641_was_missed__c,maid,reachable only from MAiD,,force-app/main/default/objects/Case/fields/Which_part_of_Form_1641_was_missed__c.field-meta.xml
CustomField,Case.Which_part_of_Form_1642_was_missed__c,maid,reachable only from MAiD,,force-app/main/default/objects/Case/fields/Which_part_of_Form_1642_was_missed__c.field-meta.xml
CustomField,Case.Which_part_of_Form_RX_MAR_was_missed__c,maid,reachable only from MAiD,,force-app/main/default/objects/Case/fields/Which_part_of_Form_RX_MAR_was_missed__c.field-meta.xml
CustomField,Case.Which_part_of_form_1633_was_missed__c,maid,reachable only from MAiD,,force-app/main/default/objects/Case/fields/Which_part_of_form_1633_was_missed__c.field-meta.xml
CustomField,Case.Work_Phone__c,icy,reachable only from ICY,,force-app/main/default/objects/Case/fields/Work_Phone__c.field-meta.xml
CustomField,Case.X1630_Date_Received__c,maid,reachable only from MAiD,,force-app/main/default/objects/Case/fields/X1630_Date_Received__c.field-meta.xml
CustomField,Case.X1630__c,maid,reachable only from MAiD,,force-app/main/default/objects/Case/fields/X1630__c.field-meta.xml
CustomField,Case.X1632_Date_Received__c,maid,reachable only from MAiD,,force-app/main/default/objects/Case/fields/X1632_Date_Received__c.field-meta.xml
CustomField,Case.X1632__c,maid,reachable only from MAiD,,force-app/main/default/objects/Case/fields/X1632__c.field-meta.xml
CustomField,Case.X1633_Date_Received__c,maid,reachable only from MAiD,,force-app/main/default/objects/Case/fields/X1633_Date_Received__c.field-meta.xml
CustomField,Case.X1633__c,maid,reachable only from MAiD,,force-app/main/default/objects/Case/fields/X1633__c.field-meta.xml
CustomField,Case.X1634_Date_Received__c,maid,reachable only from MAiD,,force-app/main/default/objects/Case/fields/X1634_Date_Received__c.field-meta.xml
CustomField,Case.X1634__c,maid,reachable only from MAiD,,force-app/main/default/objects/Case/fields/X1634__c.field-meta.xml
CustomField,Case.X1635_Date_Received__c,maid,reachable only from MAiD,,force-app/main/default/objects/Case/fields/X1635_Date_Received__c.field-meta.xml
CustomField,Case.X1635__c,maid,reachable only from MAiD,,force-app/main/default/objects/Case/fields/X1635__c.field-meta.xml
CustomField,Case.X1641_Date_Received__c,maid,reachable only from MAiD,,force-app/main/default/objects/Case/fields/X1641_Date_Received__c.field-meta.xml
CustomField,Case.X1641__c,maid,reachable only from MAiD,,force-app/main/default/objects/Case/fields/X1641__c.field-meta.xml
CustomField,Case.X1642_Date_Received__c,maid,reachable only from MAiD,,force-app/main/default/objects/Case/fields/X1642_Date_Received__c.field-meta.xml
CustomField,Case.X1642__c,maid,reachable only from MAiD,,force-app/main/default/objects/Case/fields/X1642__c.field-meta.xml
CustomField,Case.X1645_Date_Received__c,maid,reachable only from MAiD,,force-app/main/default/objects/Case/fields/X1645_Date_Received__c.field-meta.xml
CustomField,Case.X1645__c,maid,reachable only from MAiD,,force-app/main/default/objects/Case/fields/X1645__c.field-meta.xml
CustomField,Case.Year_13__c,icy,reachable only from ICY,,force-app/main/default/objects/Case/fields/Year_13__c.field-meta.xml
CustomField,Case.sfxId__c,icy,unreferenced; added by ICY commit 2023-12-15 'BCMOHAD-19743 - ICY Integrate complete m',2023-12-15 BCMOHAD-19743 - ICY Integrate complete migration.,force-app/main/default/objects/Case/fields/sfxId__c.field-meta.xml
CustomField,Case_Contact__c.Case__c,icy,reachable only from ICY,,force-app/main/default/objects/Case_Contact__c/fields/Case__c.field-meta.xml
CustomField,Case_Contact__c.Contact_Full_Name__c,icy,reachable only from ICY,,force-app/main/default/objects/Case_Contact__c/fields/Contact_Full_Name__c.field-meta.xml
CustomField,Case_Contact__c.Contact_Person_Cell_Phone_Number__c,icy,reachable only from ICY,,force-app/main/default/objects/Case_Contact__c/fields/Contact_Person_Cell_Phone_Number__c.field-meta.xml
CustomField,Case_Contact__c.Contact_Person_Email_Address__c,icy,reachable only from ICY,,force-app/main/default/objects/Case_Contact__c/fields/Contact_Person_Email_Address__c.field-meta.xml
CustomField,Case_Contact__c.Contact_Person_First_Name__c,icy,reachable only from ICY,,force-app/main/default/objects/Case_Contact__c/fields/Contact_Person_First_Name__c.field-meta.xml
CustomField,Case_Contact__c.Contact_Person_Home_Phone_Extension__c,icy,reachable only from ICY,,force-app/main/default/objects/Case_Contact__c/fields/Contact_Person_Home_Phone_Extension__c.field-meta.xml
CustomField,Case_Contact__c.Contact_Person_Home_Phone_Number__c,icy,reachable only from ICY,,force-app/main/default/objects/Case_Contact__c/fields/Contact_Person_Home_Phone_Number__c.field-meta.xml
CustomField,Case_Contact__c.Contact_Person_Last_Name__c,icy,reachable only from ICY,,force-app/main/default/objects/Case_Contact__c/fields/Contact_Person_Last_Name__c.field-meta.xml
CustomField,Case_Contact__c.Contact_Person_Profession_Role__c,icy,reachable only from ICY,,force-app/main/default/objects/Case_Contact__c/fields/Contact_Person_Profession_Role__c.field-meta.xml
CustomField,Case_Contact__c.Contact_Person_Work_Phone_Extension__c,icy,reachable only from ICY,,force-app/main/default/objects/Case_Contact__c/fields/Contact_Person_Work_Phone_Extension__c.field-meta.xml
CustomField,Case_Contact__c.Contact_Person_Work_Phone_Number__c,icy,reachable only from ICY,,force-app/main/default/objects/Case_Contact__c/fields/Contact_Person_Work_Phone_Number__c.field-meta.xml
CustomField,Case_Contact__c.Contact_Subtype__c,icy,reachable only from ICY,,force-app/main/default/objects/Case_Contact__c/fields/Contact_Subtype__c.field-meta.xml
CustomField,Case_Contact__c.Contact_Type__c,icy,reachable only from ICY,,force-app/main/default/objects/Case_Contact__c/fields/Contact_Type__c.field-meta.xml
CustomField,Case_Contact__c.Contact__c,icy,reachable only from ICY,,force-app/main/default/objects/Case_Contact__c/fields/Contact__c.field-meta.xml
CustomField,Case_Contact__c.Contact_note__c,icy,reachable only from ICY,,force-app/main/default/objects/Case_Contact__c/fields/Contact_note__c.field-meta.xml
CustomField,Case_Contact__c.Inactive_Date__c,icy,reachable only from ICY,,force-app/main/default/objects/Case_Contact__c/fields/Inactive_Date__c.field-meta.xml
CustomField,Case_Contact__c.Inactive__c,icy,reachable only from ICY,,force-app/main/default/objects/Case_Contact__c/fields/Inactive__c.field-meta.xml
CustomField,Case_Contact__c.Intake__c,icy,reachable only from ICY,,force-app/main/default/objects/Case_Contact__c/fields/Intake__c.field-meta.xml
CustomField,Case_Contact__c.Is_ICY_Contact__c,icy,unreferenced; follows owning object,,force-app/main/default/objects/Case_Contact__c/fields/Is_ICY_Contact__c.field-meta.xml
CustomField,Case_Contact__c.Mailing_Address_City__c,icy,reachable only from ICY,,force-app/main/default/objects/Case_Contact__c/fields/Mailing_Address_City__c.field-meta.xml
CustomField,Case_Contact__c.Mailing_Address_Line1__c,icy,reachable only from ICY,,force-app/main/default/objects/Case_Contact__c/fields/Mailing_Address_Line1__c.field-meta.xml
CustomField,Case_Contact__c.Mailing_Address_Line2__c,icy,reachable only from ICY,,force-app/main/default/objects/Case_Contact__c/fields/Mailing_Address_Line2__c.field-meta.xml
CustomField,Case_Contact__c.Mailing_Address_Postal_Code__c,icy,reachable only from ICY,,force-app/main/default/objects/Case_Contact__c/fields/Mailing_Address_Postal_Code__c.field-meta.xml
CustomField,Case_Contact__c.Mailing_Address_Province__c,icy,reachable only from ICY,,force-app/main/default/objects/Case_Contact__c/fields/Mailing_Address_Province__c.field-meta.xml
CustomField,Case_Contact__c.Organization_Name__c,icy,reachable only from ICY,,force-app/main/default/objects/Case_Contact__c/fields/Organization_Name__c.field-meta.xml
CustomField,Case_Contact__c.Other_Relationship__c,icy,reachable only from ICY,,force-app/main/default/objects/Case_Contact__c/fields/Other_Relationship__c.field-meta.xml
CustomField,Case_Contact__c.Preferred_method_of_contact__c,icy,reachable only from ICY,,force-app/main/default/objects/Case_Contact__c/fields/Preferred_method_of_contact__c.field-meta.xml
CustomField,Case_Contact__c.PrimaryContact__c,icy,reachable only from ICY,,force-app/main/default/objects/Case_Contact__c/fields/PrimaryContact__c.field-meta.xml
CustomField,Case_Contact__c.Primary_Referral_Contact__c,icy,reachable only from ICY,,force-app/main/default/objects/Case_Contact__c/fields/Primary_Referral_Contact__c.field-meta.xml
CustomField,Case_Contact__c.Profession_Role__c,icy,reachable only from ICY,,force-app/main/default/objects/Case_Contact__c/fields/Profession_Role__c.field-meta.xml
CustomField,Case_Contact__c.Professional_Identifying_Number__c,icy,reachable only from ICY,,force-app/main/default/objects/Case_Contact__c/fields/Professional_Identifying_Number__c.field-meta.xml
CustomField,Case_Contact__c.Referral__c,icy,reachable only from ICY,,force-app/main/default/objects/Case_Contact__c/fields/Referral__c.field-meta.xml
CustomField,Case_Contact__c.Relationship_Subtype__c,icy,reachable only from ICY,,force-app/main/default/objects/Case_Contact__c/fields/Relationship_Subtype__c.field-meta.xml
CustomField,Case_Contact__c.Support_Team_Member__c,icy,reachable only from ICY,,force-app/main/default/objects/Case_Contact__c/fields/Support_Team_Member__c.field-meta.xml
CustomField,Case_Contact__c.sfxId__c,icy,unreferenced; follows owning object,,force-app/main/default/objects/Case_Contact__c/fields/sfxId__c.field-meta.xml
CustomField,Case_Member__c.ICY_Case_Contact__c,icy,reachable only from ICY,,force-app/main/default/objects/Case_Member__c/fields/ICY_Case_Contact__c.field-meta.xml
CustomField,Case_Member__c.ICY_Case__c,icy,reachable only from ICY,,force-app/main/default/objects/Case_Member__c/fields/ICY_Case__c.field-meta.xml
CustomField,Case_Member__c.ICY_Category_Assignment__c,icy,reachable only from ICY,,force-app/main/default/objects/Case_Member__c/fields/ICY_Category_Assignment__c.field-meta.xml
CustomField,Case_Member__c.ICY_End_Date__c,icy,reachable only from ICY,,force-app/main/default/objects/Case_Member__c/fields/ICY_End_Date__c.field-meta.xml
CustomField,Case_Member__c.ICY_Start_Date__c,icy,reachable only from ICY,,force-app/main/default/objects/Case_Member__c/fields/ICY_Start_Date__c.field-meta.xml
CustomField,Case_Member__c.ICY_Status__c,icy,reachable only from ICY,,force-app/main/default/objects/Case_Member__c/fields/ICY_Status__c.field-meta.xml
CustomField,Case_Member__c.ICY_Team_Member__c,icy,reachable only from ICY,,force-app/main/default/objects/Case_Member__c/fields/ICY_Team_Member__c.field-meta.xml
CustomField,Case_Member__c.ICY_User__c,icy,reachable only from ICY,,force-app/main/default/objects/Case_Member__c/fields/ICY_User__c.field-meta.xml
CustomField,Case_Member__c.Referral__c,icy,reachable only from ICY,,force-app/main/default/objects/Case_Member__c/fields/Referral__c.field-meta.xml
CustomField,Case_Member__c.Report_User_Role__c,icy,reachable only from ICY,,force-app/main/default/objects/Case_Member__c/fields/Report_User_Role__c.field-meta.xml
CustomField,Contact.Active_UserAcct__c,icy,reachable only from ICY,,force-app/main/default/objects/Contact/fields/Active_UserAcct__c.field-meta.xml
CustomField,Contact.Case__c,icy,reachable only from ICY,,force-app/main/default/objects/Contact/fields/Case__c.field-meta.xml
CustomField,Contact.College_ID__c,maid,reachable only from MAiD,,force-app/main/default/objects/Contact/fields/College_ID__c.field-meta.xml
CustomField,Contact.Contact_Middle_Name__c,icy,reachable only from ICY,,force-app/main/default/objects/Contact/fields/Contact_Middle_Name__c.field-meta.xml
CustomField,Contact.Contact_Note__c,icy,reachable only from ICY,,force-app/main/default/objects/Contact/fields/Contact_Note__c.field-meta.xml
CustomField,Contact.Contact_Person_Profession_Role__c,icy,reachable only from ICY,,force-app/main/default/objects/Contact/fields/Contact_Person_Profession_Role__c.field-meta.xml
CustomField,Contact.Email,icy,reachable only from ICY,,force-app/main/default/objects/Contact/fields/Email.field-meta.xml
CustomField,Contact.Fax,icy,reachable only from ICY,,force-app/main/default/objects/Contact/fields/Fax.field-meta.xml
CustomField,Contact.HomePhone,icy,reachable only from ICY,,force-app/main/default/objects/Contact/fields/HomePhone.field-meta.xml
CustomField,Contact.Individual_Preferred_Name__c,icy,reachable only from ICY,,force-app/main/default/objects/Contact/fields/Individual_Preferred_Name__c.field-meta.xml
CustomField,Contact.MailingAddress,icy,reachable only from ICY,,force-app/main/default/objects/Contact/fields/MailingAddress.field-meta.xml
CustomField,Contact.MobilePhone,icy,reachable only from ICY,,force-app/main/default/objects/Contact/fields/MobilePhone.field-meta.xml
CustomField,Contact.Notes__c,maid,reachable only from MAiD,,force-app/main/default/objects/Contact/fields/Notes__c.field-meta.xml
CustomField,Contact.On_Behalf_Of__c,icy,reachable only from ICY,,force-app/main/default/objects/Contact/fields/On_Behalf_Of__c.field-meta.xml
CustomField,Contact.Organization1__c,icy,reachable only from ICY,,force-app/main/default/objects/Contact/fields/Organization1__c.field-meta.xml
CustomField,Contact.Organization__c,icy,reachable only from ICY,,force-app/main/default/objects/Contact/fields/Organization__c.field-meta.xml
CustomField,Contact.OtherAddress,icy,reachable only from ICY,,force-app/main/default/objects/Contact/fields/OtherAddress.field-meta.xml
CustomField,Contact.Phone,icy,reachable only from ICY,,force-app/main/default/objects/Contact/fields/Phone.field-meta.xml
CustomField,Contact.Primary_Contact_Indicator__c,icy,reachable only from ICY,,force-app/main/default/objects/Contact/fields/Primary_Contact_Indicator__c.field-meta.xml
CustomField,Contact.Professional_Identifying_Number__c,icy,reachable only from ICY,,force-app/main/default/objects/Contact/fields/Professional_Identifying_Number__c.field-meta.xml
CustomField,Contact.Region__c,icy,reachable only from ICY,,force-app/main/default/objects/Contact/fields/Region__c.field-meta.xml
CustomField,Contact.Relationship_to_Individual__c,icy,reachable only from ICY,,force-app/main/default/objects/Contact/fields/Relationship_to_Individual__c.field-meta.xml
CustomField,Contact.Relationship_to_Individual_if_Other__c,icy,reachable only from ICY,,force-app/main/default/objects/Contact/fields/Relationship_to_Individual_if_Other__c.field-meta.xml
CustomField,Contact.SPC_Q05_Number__c,maid,manual: SPC_Qnn naming = MAiD form question,,force-app/main/default/objects/Contact/fields/SPC_Q05_Number__c.field-meta.xml
CustomField,Contact.Service_Location__c,icy,reachable only from ICY,,force-app/main/default/objects/Contact/fields/Service_Location__c.field-meta.xml
CustomField,Contact.Specialty_Other__c,maid,reachable only from MAiD,,force-app/main/default/objects/Contact/fields/Specialty_Other__c.field-meta.xml
CustomField,Contact.Specialty__c,maid,reachable only from MAiD,,force-app/main/default/objects/Contact/fields/Specialty__c.field-meta.xml
CustomField,Contact.Support_Team_Member_Role__c,icy,reachable only from ICY,,force-app/main/default/objects/Contact/fields/Support_Team_Member_Role__c.field-meta.xml
CustomField,Contact.Type__c,icy,reachable only from ICY,,force-app/main/default/objects/Contact/fields/Type__c.field-meta.xml
CustomField,Contact.Work_Phone_Number__c,icy,reachable only from ICY,,force-app/main/default/objects/Contact/fields/Work_Phone_Number__c.field-meta.xml
CustomField,Contact.sfxId__c,icy,unreferenced; added by ICY commit 2023-12-15 'BCMOHAD-19743 - ICY Integrate complete m',2023-12-15 BCMOHAD-19743 - ICY Integrate complete migration.,force-app/main/default/objects/Contact/fields/sfxId__c.field-meta.xml
CustomField,Contribution__c.Action__c,icy,reachable only from ICY,,force-app/main/default/objects/Contribution__c/fields/Action__c.field-meta.xml
CustomField,Contribution__c.Case__c,icy,reachable only from ICY,,force-app/main/default/objects/Contribution__c/fields/Case__c.field-meta.xml
CustomField,Contribution__c.Contributed_By__c,icy,reachable only from ICY,,force-app/main/default/objects/Contribution__c/fields/Contributed_By__c.field-meta.xml
CustomField,Contribution__c.Contribution_Type__c,icy,reachable only from ICY,,force-app/main/default/objects/Contribution__c/fields/Contribution_Type__c.field-meta.xml
CustomField,Contribution__c.Created_date__c,icy,reachable only from ICY,,force-app/main/default/objects/Contribution__c/fields/Created_date__c.field-meta.xml
CustomField,Contribution__c.Have_Need__c,icy,unreferenced; follows owning object,,force-app/main/default/objects/Contribution__c/fields/Have_Need__c.field-meta.xml
CustomField,Contribution__c.Individual_Name__c,icy,reachable only from ICY,,force-app/main/default/objects/Contribution__c/fields/Individual_Name__c.field-meta.xml
CustomField,Contribution__c.Organization__c,icy,reachable only from ICY,,force-app/main/default/objects/Contribution__c/fields/Organization__c.field-meta.xml
CustomField,Contribution__c.Region__c,icy,reachable only from ICY,,force-app/main/default/objects/Contribution__c/fields/Region__c.field-meta.xml
CustomField,Contribution__c.Restricted_Indicator__c,icy,reachable only from ICY,,force-app/main/default/objects/Contribution__c/fields/Restricted_Indicator__c.field-meta.xml
CustomField,Contribution__c.Transition_Plan_Domain__c,icy,unreferenced; follows owning object,,force-app/main/default/objects/Contribution__c/fields/Transition_Plan_Domain__c.field-meta.xml
CustomField,Contribution__c.User_Profile__c,icy,reachable only from ICY,,force-app/main/default/objects/Contribution__c/fields/User_Profile__c.field-meta.xml
CustomField,Contribution__c.sfxId__c,icy,unreferenced; follows owning object,,force-app/main/default/objects/Contribution__c/fields/sfxId__c.field-meta.xml
CustomField,Form_1632__c.Case__c,maid,reachable only from MAiD,,force-app/main/default/objects/Form_1632__c/fields/Case__c.field-meta.xml
CustomField,Form_1632__c.Consent_to_contact_for_organ_donor_info__c,maid,reachable only from MAiD,,force-app/main/default/objects/Form_1632__c/fields/Consent_to_contact_for_organ_donor_info__c.field-meta.xml
CustomField,Form_1632__c.Date_Written_Request_Received__c,maid,reachable only from MAiD,,force-app/main/default/objects/Form_1632__c/fields/Date_Written_Request_Received__c.field-meta.xml
CustomField,Form_1632__c.PHN__c,maid,reachable only from MAiD,,force-app/main/default/objects/Form_1632__c/fields/PHN__c.field-meta.xml
CustomField,Form_1632__c.Patient_Date_of_Birth__c,maid,reachable only from MAiD,,force-app/main/default/objects/Form_1632__c/fields/Patient_Date_of_Birth__c.field-meta.xml
CustomField,Form_1632__c.Patient_Name__c,maid,reachable only from MAiD,,force-app/main/default/objects/Form_1632__c/fields/Patient_Name__c.field-meta.xml
CustomField,Form_1632__c.Practitioner__c,maid,reachable only from MAiD,,force-app/main/default/objects/Form_1632__c/fields/Practitioner__c.field-meta.xml
CustomField,Form_1632__c.Proxy_Signed_Date_for_Request__c,maid,reachable only from MAiD,,force-app/main/default/objects/Form_1632__c/fields/Proxy_Signed_Date_for_Request__c.field-meta.xml
CustomField,Form_1632__c.Proxy_for_Requestor_Initialed_Safeguards__c,maid,reachable only from MAiD,,force-app/main/default/objects/Form_1632__c/fields/Proxy_for_Requestor_Initialed_Safeguards__c.field-meta.xml
CustomField,Form_1632__c.Requestor_Signature_Date__c,maid,reachable only from MAiD,,force-app/main/default/objects/Form_1632__c/fields/Requestor_Signature_Date__c.field-meta.xml
CustomField,Form_1632__c.Requestor_initialed_Safeguards__c,maid,reachable only from MAiD,,force-app/main/default/objects/Form_1632__c/fields/Requestor_initialed_Safeguards__c.field-meta.xml
CustomField,Form_1632__c.Requestor_initiated_Safeguards__c,maid,reachable only from MAiD,,force-app/main/default/objects/Form_1632__c/fields/Requestor_initiated_Safeguards__c.field-meta.xml
CustomField,Form_1632__c.Witness_Initialed_Safeguards__c,maid,reachable only from MAiD,,force-app/main/default/objects/Form_1632__c/fields/Witness_Initialed_Safeguards__c.field-meta.xml
CustomField,Form_1632__c.Witness_Signature_Date__c,maid,reachable only from MAiD,,force-app/main/default/objects/Form_1632__c/fields/Witness_Signature_Date__c.field-meta.xml
CustomField,Form_1632__c.Witness_Signed__c,maid,reachable only from MAiD,,force-app/main/default/objects/Form_1632__c/fields/Witness_Signed__c.field-meta.xml
CustomField,Form_1633__c.All_eligibility_criteria_has_been_met__c,maid,reachable only from MAiD,,force-app/main/default/objects/Form_1633__c/fields/All_eligibility_criteria_has_been_met__c.field-meta.xml
CustomField,Form_1633__c.All_safeguards_have_been_met__c,maid,reachable only from MAiD,,force-app/main/default/objects/Form_1633__c/fields/All_safeguards_have_been_met__c.field-meta.xml
CustomField,Form_1633__c.Assessment_Date__c,maid,reachable only from MAiD,,force-app/main/default/objects/Form_1633__c/fields/Assessment_Date__c.field-meta.xml
CustomField,Form_1633__c.Assessment_Interpreter_ID__c,maid,reachable only from MAiD,,force-app/main/default/objects/Form_1633__c/fields/Assessment_Interpreter_ID__c.field-meta.xml
CustomField,Form_1633__c.Assessment_conducted__c,maid,reachable only from MAiD,,force-app/main/default/objects/Form_1633__c/fields/Assessment_conducted__c.field-meta.xml
CustomField,Form_1633__c.Assessor_did_not_receive_1632__c,maid,reachable only from MAiD,,force-app/main/default/objects/Form_1633__c/fields/Assessor_did_not_receive_1632__c.field-meta.xml
CustomField,Form_1633__c.Case_Owner__c,maid,reachable only from MAiD,,force-app/main/default/objects/Form_1633__c/fields/Case_Owner__c.field-meta.xml
CustomField,Form_1633__c.Case_Type_Reported_Date__c,maid,reachable only from MAiD,,force-app/main/default/objects/Form_1633__c/fields/Case_Type_Reported_Date__c.field-meta.xml
CustomField,Form_1633__c.Case_Type__c,maid,reachable only from MAiD,,force-app/main/default/objects/Form_1633__c/fields/Case_Type__c.field-meta.xml
CustomField,Form_1633__c.Case__c,maid,reachable only from MAiD,,force-app/main/default/objects/Form_1633__c/fields/Case__c.field-meta.xml
CustomField,Form_1633__c.Consultation_Reason__c,maid,reachable only from MAiD,,force-app/main/default/objects/Form_1633__c/fields/Consultation_Reason__c.field-meta.xml
CustomField,Form_1633__c.DateTime_Practitioner_signed__c,maid,reachable only from MAiD,,force-app/main/default/objects/Form_1633__c/fields/DateTime_Practitioner_signed__c.field-meta.xml
CustomField,Form_1633__c.Date_Written_Request_Received__c,maid,reachable only from MAiD,,force-app/main/default/objects/Form_1633__c/fields/Date_Written_Request_Received__c.field-meta.xml
CustomField,Form_1633__c.Discussed_means_of_alleviating_suffering__c,maid,reachable only from MAiD,,force-app/main/default/objects/Form_1633__c/fields/Discussed_means_of_alleviating_suffering__c.field-meta.xml
CustomField,Form_1633__c.Expertise_consultant_was__c,maid,reachable only from MAiD,,force-app/main/default/objects/Form_1633__c/fields/Expertise_consultant_was__c.field-meta.xml
CustomField,Form_1633__c.IF_Other_Consultant_Name__c,maid,reachable only from MAiD,,force-app/main/default/objects/Form_1633__c/fields/IF_Other_Consultant_Name__c.field-meta.xml
CustomField,Form_1633__c.I_determine_that_the_patient__c,maid,reachable only from MAiD,,force-app/main/default/objects/Form_1633__c/fields/I_determine_that_the_patient__c.field-meta.xml
CustomField,Form_1633__c.If_FacilitySit_specify__c,maid,reachable only from MAiD,,force-app/main/default/objects/Form_1633__c/fields/If_FacilitySit_specify__c.field-meta.xml
CustomField,Form_1633__c.If_Other_location_specify__c,maid,reachable only from MAiD,,force-app/main/default/objects/Form_1633__c/fields/If_Other_location_specify__c.field-meta.xml
CustomField,Form_1633__c.If_Other_specify__c,maid,reachable only from MAiD,,force-app/main/default/objects/Form_1633__c/fields/If_Other_specify__c.field-meta.xml
CustomField,Form_1633__c.If_Yes_name_of_assessing_practitioner__c,maid,reachable only from MAiD,,force-app/main/default/objects/Form_1633__c/fields/If_Yes_name_of_assessing_practitioner__c.field-meta.xml
CustomField,Form_1633__c.If_by_Telemedicine_Name_of_Witness__c,maid,reachable only from MAiD,,force-app/main/default/objects/Form_1633__c/fields/If_by_Telemedicine_Name_of_Witness__c.field-meta.xml
CustomField,Form_1633__c.If_by_Telemedicine_Witness_College_ID__c,maid,reachable only from MAiD,,force-app/main/default/objects/Form_1633__c/fields/If_by_Telemedicine_Witness_College_ID__c.field-meta.xml
CustomField,Form_1633__c.If_by_Telemedicine_Witness_Profession__c,maid,reachable only from MAiD,,force-app/main/default/objects/Form_1633__c/fields/If_by_Telemedicine_Witness_Profession__c.field-meta.xml
CustomField,Form_1633__c.If_other_third_party_specify__c,maid,reachable only from MAiD,,force-app/main/default/objects/Form_1633__c/fields/If_other_third_party_specify__c.field-meta.xml
CustomField,Form_1633__c.If_patient_directly_other_specify__c,maid,reachable only from MAiD,,force-app/main/default/objects/Form_1633__c/fields/If_patient_directly_other_specify__c.field-meta.xml
CustomField,Form_1633__c.Location_of_Assessment__c,maid,reachable only from MAiD,,force-app/main/default/objects/Form_1633__c/fields/Location_of_Assessment__c.field-meta.xml
CustomField,Form_1633__c.On_receipt_of_assessment_patient_is__c,maid,reachable only from MAiD,,force-app/main/default/objects/Form_1633__c/fields/On_receipt_of_assessment_patient_is__c.field-meta.xml
CustomField,Form_1633__c.PHN__c,maid,reachable only from MAiD,,force-app/main/default/objects/Form_1633__c/fields/PHN__c.field-meta.xml
CustomField,Form_1633__c.Patient_Date_of_Birth__c,maid,reachable only from MAiD,,force-app/main/default/objects/Form_1633__c/fields/Patient_Date_of_Birth__c.field-meta.xml
CustomField,Form_1633__c.Patient_Name__c,maid,reachable only from MAiD,,force-app/main/default/objects/Form_1633__c/fields/Patient_Name__c.field-meta.xml
CustomField,Form_1633__c.Patient_is_capable_of_providing_consent__c,maid,reachable only from MAiD,,force-app/main/default/objects/Form_1633__c/fields/Patient_is_capable_of_providing_consent__c.field-meta.xml
CustomField,Form_1633__c.Practitioner__c,maid,reachable only from MAiD,,force-app/main/default/objects/Form_1633__c/fields/Practitioner__c.field-meta.xml
CustomField,Form_1633__c.Practitioners_Signature_present__c,maid,reachable only from MAiD,,force-app/main/default/objects/Form_1633__c/fields/Practitioners_Signature_present__c.field-meta.xml
CustomField,Form_1633__c.Prescriber_ensured_expertise_in_patient__c,maid,reachable only from MAiD,,force-app/main/default/objects/Form_1633__c/fields/Prescriber_ensured_expertise_in_patient__c.field-meta.xml
CustomField,Form_1633__c.Professional_Interpreter_First_Name__c,maid,reachable only from MAiD,,force-app/main/default/objects/Form_1633__c/fields/Professional_Interpreter_First_Name__c.field-meta.xml
CustomField,Form_1633__c.Professional_Interpreter_Last_Name__c,maid,reachable only from MAiD,,force-app/main/default/objects/Form_1633__c/fields/Professional_Interpreter_Last_Name__c.field-meta.xml
CustomField,Form_1633__c.Professional_Interpreter_Service_Date__c,maid,reachable only from MAiD,,force-app/main/default/objects/Form_1633__c/fields/Professional_Interpreter_Service_Date__c.field-meta.xml
CustomField,Form_1633__c.Professional_Interpreter_s_ID_Number__c,maid,reachable only from MAiD,,force-app/main/default/objects/Form_1633__c/fields/Professional_Interpreter_s_ID_Number__c.field-meta.xml
CustomField,Form_1633__c.Referred_for_assessment_of_capability__c,maid,reachable only from MAiD,,force-app/main/default/objects/Form_1633__c/fields/Referred_for_assessment_of_capability__c.field-meta.xml
CustomField,Form_1633__c.Who_did_you_receive_the_written_request__c,maid,reachable only from MAiD,,force-app/main/default/objects/Form_1633__c/fields/Who_did_you_receive_the_written_request__c.field-meta.xml
CustomField,Form_1633__c.X90_Clear_days_waiting_period_start_date__c,maid,reachable only from MAiD,,force-app/main/default/objects/Form_1633__c/fields/X90_Clear_days_waiting_period_start_date__c.field-meta.xml
CustomField,Form_1634__c.ADM_Q05_Formula__c,maid,reachable only from MAiD,,force-app/main/default/objects/Form_1634__c/fields/ADM_Q05_Formula__c.field-meta.xml
CustomField,Form_1634__c.ADM_Q10_Formula__c,maid,reachable only from MAiD,,force-app/main/default/objects/Form_1634__c/fields/ADM_Q10_Formula__c.field-meta.xml
CustomField,Form_1634__c.ADM_S10_Formula__c,maid,reachable only from MAiD,,force-app/main/default/objects/Form_1634__c/fields/ADM_S10_Formula__c.field-meta.xml
CustomField,Form_1634__c.Additional_Supplementary_Information__c,maid,reachable only from MAiD,,force-app/main/default/objects/Form_1634__c/fields/Additional_Supplementary_Information__c.field-meta.xml
CustomField,Form_1634__c.Advance_consent_sign_date_by_patient__c,maid,reachable only from MAiD,,force-app/main/default/objects/Form_1634__c/fields/Advance_consent_sign_date_by_patient__c.field-meta.xml
CustomField,Form_1634__c.Advance_consent_sign_date_by_prescriber__c,maid,reachable only from MAiD,,force-app/main/default/objects/Form_1634__c/fields/Advance_consent_sign_date_by_prescriber__c.field-meta.xml
CustomField,Form_1634__c.Advance_consent_signature_date_by_patien__c,maid,reachable only from MAiD,,force-app/main/default/objects/Form_1634__c/fields/Advance_consent_signature_date_by_patien__c.field-meta.xml
CustomField,Form_1634__c.An_agreement_with_the_patient_to_waive_f__c,maid,reachable only from MAiD,,force-app/main/default/objects/Form_1634__c/fields/An_agreement_with_the_patient_to_waive_f__c.field-meta.xml
CustomField,Form_1634__c.Assessment_Date__c,maid,reachable only from MAiD,,force-app/main/default/objects/Form_1634__c/fields/Assessment_Date__c.field-meta.xml
CustomField,Form_1634__c.Assessment_Interpreter_First_Name__c,maid,reachable only from MAiD,,force-app/main/default/objects/Form_1634__c/fields/Assessment_Interpreter_First_Name__c.field-meta.xml
CustomField,Form_1634__c.Assessment_Interpreter_Last_Name__c,maid,reachable only from MAiD,,force-app/main/default/objects/Form_1634__c/fields/Assessment_Interpreter_Last_Name__c.field-meta.xml
CustomField,Form_1634__c.Assessment_Interpreter_date_of_service__c,maid,reachable only from MAiD,,force-app/main/default/objects/Form_1634__c/fields/Assessment_Interpreter_date_of_service__c.field-meta.xml
CustomField,Form_1634__c.Assessment_Interpreters_ID_Number__c,maid,reachable only from MAiD,,force-app/main/default/objects/Form_1634__c/fields/Assessment_Interpreters_ID_Number__c.field-meta.xml
CustomField,Form_1634__c.Assessment_conducted__c,maid,reachable only from MAiD,,force-app/main/default/objects/Form_1634__c/fields/Assessment_conducted__c.field-meta.xml
CustomField,Form_1634__c.Assessor_and_Prescriber_in_agreement__c,maid,reachable only from MAiD,,force-app/main/default/objects/Form_1634__c/fields/Assessor_and_Prescriber_in_agreement__c.field-meta.xml
CustomField,Form_1634__c.COD_Q05_formula__c,maid,reachable only from MAiD,,force-app/main/default/objects/Form_1634__c/fields/COD_Q05_formula__c.field-meta.xml
CustomField,Form_1634__c.COD_Q10_Formula__c,maid,reachable only from MAiD,,force-app/main/default/objects/Form_1634__c/fields/COD_Q10_Formula__c.field-meta.xml
CustomField,Form_1634__c.COD_Q11_Formula__c,maid,reachable only from MAiD,,force-app/main/default/objects/Form_1634__c/fields/COD_Q11_Formula__c.field-meta.xml
CustomField,Form_1634__c.COD_Q15_Formula__c,maid,reachable only from MAiD,,force-app/main/default/objects/Form_1634__c/fields/COD_Q15_Formula__c.field-meta.xml
CustomField,Form_1634__c.COD_Q20_Formula__c,maid,reachable only from MAiD,,force-app/main/default/objects/Form_1634__c/fields/COD_Q20_Formula__c.field-meta.xml
CustomField,Form_1634__c.COD_Q25_Formula__c,maid,reachable only from MAiD,,force-app/main/default/objects/Form_1634__c/fields/COD_Q25_Formula__c.field-meta.xml
CustomField,Form_1634__c.Case__c,maid,reachable only from MAiD,,force-app/main/default/objects/Form_1634__c/fields/Case__c.field-meta.xml
CustomField,Form_1634__c.Clear_days_waiting_period_start_date__c,maid,reachable only from MAiD,,force-app/main/default/objects/Form_1634__c/fields/Clear_days_waiting_period_start_date__c.field-meta.xml
CustomField,Form_1634__c.Consultation_Reason__c,maid,reachable only from MAiD,,force-app/main/default/objects/Form_1634__c/fields/Consultation_Reason__c.field-meta.xml
CustomField,Form_1634__c.Counselling_mental_health_and_other_sup__c,maid,reachable only from MAiD,,force-app/main/default/objects/Form_1634__c/fields/Counselling_mental_health_and_other_sup__c.field-meta.xml
CustomField,Form_1634__c.DOB_Q05__c,maid,reachable only from MAiD,,force-app/main/default/objects/Form_1634__c/fields/DOB_Q05__c.field-meta.xml
CustomField,Form_1634__c.DateTime_Practitioner_signed__c,maid,reachable only from MAiD,,force-app/main/default/objects/Form_1634__c/fields/DateTime_Practitioner_signed__c.field-meta.xml
CustomField,Form_1634__c.Date_Signed_by_Proxy_for_MAID__c,maid,reachable only from MAiD,,force-app/main/default/objects/Form_1634__c/fields/Date_Signed_by_Proxy_for_MAID__c.field-meta.xml
CustomField,Form_1634__c.Date_second_assessor_signed_assessment__c,maid,reachable only from MAiD,,force-app/main/default/objects/Form_1634__c/fields/Date_second_assessor_signed_assessment__c.field-meta.xml
CustomField,Form_1634__c.Date_written_request_received__c,maid,reachable only from MAiD,,force-app/main/default/objects/Form_1634__c/fields/Date_written_request_received__c.field-meta.xml
CustomField,Form_1634__c.Days_from_Initial_request_if_less_than__c,maid,reachable only from MAiD,,force-app/main/default/objects/Form_1634__c/fields/Days_from_Initial_request_if_less_than__c.field-meta.xml
CustomField,Form_1634__c.Death_occurred_prior_to_MAiD__c,maid,reachable only from MAiD,,force-app/main/default/objects/Form_1634__c/fields/Death_occurred_prior_to_MAiD__c.field-meta.xml
CustomField,Form_1634__c.Did_practitioner_complete_medical_certi__c,maid,reachable only from MAiD,,force-app/main/default/objects/Form_1634__c/fields/Did_practitioner_complete_medical_certi__c.field-meta.xml
CustomField,Form_1634__c.Did_the_patient_cause_their_death__c,maid,reachable only from MAiD,,force-app/main/default/objects/Form_1634__c/fields/Did_the_patient_cause_their_death__c.field-meta.xml
CustomField,Form_1634__c.Did_the_patient_die_after_self_admin__c,maid,reachable only from MAiD,,force-app/main/default/objects/Form_1634__c/fields/Did_the_patient_die_after_self_admin__c.field-meta.xml
CustomField,Form_1634__c.Did_the_patient_die_after_self_administ__c,maid,reachable only from MAiD,,force-app/main/default/objects/Form_1634__c/fields/Did_the_patient_die_after_self_administ__c.field-meta.xml
CustomField,Form_1634__c.Did_the_patient_self_administer_the_subs__c,maid,reachable only from MAiD,,force-app/main/default/objects/Form_1634__c/fields/Did_the_patient_self_administer_the_subs__c.field-meta.xml
CustomField,Form_1634__c.Did_you_consult_with_other_health_care_p__c,maid,reachable only from MAiD,,force-app/main/default/objects/Form_1634__c/fields/Did_you_consult_with_other_health_care_p__c.field-meta.xml
CustomField,Form_1634__c.Disability_support_services_received__c,maid,reachable only from MAiD,,force-app/main/default/objects/Form_1634__c/fields/Disability_support_services_received__c.field-meta.xml
CustomField,Form_1634__c.ELG_Q05_Formula__c,maid,reachable only from MAiD,,force-app/main/default/objects/Form_1634__c/fields/ELG_Q05_Formula__c.field-meta.xml
CustomField,Form_1634__c.ELG_Q100_Formula__c,maid,reachable only from MAiD,,force-app/main/default/objects/Form_1634__c/fields/ELG_Q100_Formula__c.field-meta.xml
CustomField,Form_1634__c.ELG_Q105_Formula__c,maid,reachable only from MAiD,,force-app/main/default/objects/Form_1634__c/fields/ELG_Q105_Formula__c.field-meta.xml
CustomField,Form_1634__c.ELG_Q10_Formula__c,maid,reachable only from MAiD,,force-app/main/default/objects/Form_1634__c/fields/ELG_Q10_Formula__c.field-meta.xml
CustomField,Form_1634__c.ELG_Q110_Formula__c,maid,reachable only from MAiD,,force-app/main/default/objects/Form_1634__c/fields/ELG_Q110_Formula__c.field-meta.xml
CustomField,Form_1634__c.ELG_Q115_Formula__c,maid,reachable only from MAiD,,force-app/main/default/objects/Form_1634__c/fields/ELG_Q115_Formula__c.field-meta.xml
CustomField,Form_1634__c.ELG_Q120_Formula__c,maid,reachable only from MAiD,,force-app/main/default/objects/Form_1634__c/fields/ELG_Q120_Formula__c.field-meta.xml
CustomField,Form_1634__c.ELG_Q125_Formula__c,maid,reachable only from MAiD,,force-app/main/default/objects/Form_1634__c/fields/ELG_Q125_Formula__c.field-meta.xml
CustomField,Form_1634__c.ELG_Q15_Formula__c,maid,reachable only from MAiD,,force-app/main/default/objects/Form_1634__c/fields/ELG_Q15_Formula__c.field-meta.xml
CustomField,Form_1634__c.ELG_Q20_Formula__c,maid,reachable only from MAiD,,force-app/main/default/objects/Form_1634__c/fields/ELG_Q20_Formula__c.field-meta.xml
CustomField,Form_1634__c.ELG_Q25A__c,maid,reachable only from MAiD,,force-app/main/default/objects/Form_1634__c/fields/ELG_Q25A__c.field-meta.xml
CustomField,Form_1634__c.ELG_Q25B__c,maid,reachable only from MAiD,,force-app/main/default/objects/Form_1634__c/fields/ELG_Q25B__c.field-meta.xml
CustomField,Form_1634__c.ELG_Q25C__c,maid,reachable only from MAiD,,force-app/main/default/objects/Form_1634__c/fields/ELG_Q25C__c.field-meta.xml
CustomField,Form_1634__c.ELG_Q25D__c,maid,reachable only from MAiD,,force-app/main/default/objects/Form_1634__c/fields/ELG_Q25D__c.field-meta.xml
CustomField,Form_1634__c.ELG_Q25E__c,maid,reachable only from MAiD,,force-app/main/default/objects/Form_1634__c/fields/ELG_Q25E__c.field-meta.xml
CustomField,Form_1634__c.ELG_Q25F__c,maid,reachable only from MAiD,,force-app/main/default/objects/Form_1634__c/fields/ELG_Q25F__c.field-meta.xml
CustomField,Form_1634__c.ELG_Q30_Formula__c,maid,reachable only from MAiD,,force-app/main/default/objects/Form_1634__c/fields/ELG_Q30_Formula__c.field-meta.xml
CustomField,Form_1634__c.ELG_Q35_formula__c,maid,reachable only from MAiD,,force-app/main/default/objects/Form_1634__c/fields/ELG_Q35_formula__c.field-meta.xml
CustomField,Form_1634__c.ELG_Q40C__c,maid,reachable only from MAiD,,force-app/main/default/objects/Form_1634__c/fields/ELG_Q40C__c.field-meta.xml
CustomField,Form_1634__c.ELG_Q40D__c,maid,reachable only from MAiD,,force-app/main/default/objects/Form_1634__c/fields/ELG_Q40D__c.field-meta.xml
CustomField,Form_1634__c.ELG_Q40E__c,maid,reachable only from MAiD,,force-app/main/default/objects/Form_1634__c/fields/ELG_Q40E__c.field-meta.xml
CustomField,Form_1634__c.ELG_Q40F__c,maid,reachable only from MAiD,,force-app/main/default/objects/Form_1634__c/fields/ELG_Q40F__c.field-meta.xml
CustomField,Form_1634__c.ELG_Q40G__c,maid,reachable only from MAiD,,force-app/main/default/objects/Form_1634__c/fields/ELG_Q40G__c.field-meta.xml
CustomField,Form_1634__c.ELG_Q41A__c,maid,reachable only from MAiD,,force-app/main/default/objects/Form_1634__c/fields/ELG_Q41A__c.field-meta.xml
CustomField,Form_1634__c.ELG_Q41B__c,maid,reachable only from MAiD,,force-app/main/default/objects/Form_1634__c/fields/ELG_Q41B__c.field-meta.xml
CustomField,Form_1634__c.ELG_Q41C__c,maid,reachable only from MAiD,,force-app/main/default/objects/Form_1634__c/fields/ELG_Q41C__c.field-meta.xml
CustomField,Form_1634__c.ELG_Q41D__c,maid,reachable only from MAiD,,force-app/main/default/objects/Form_1634__c/fields/ELG_Q41D__c.field-meta.xml
CustomField,Form_1634__c.ELG_Q41E__c,maid,reachable only from MAiD,,force-app/main/default/objects/Form_1634__c/fields/ELG_Q41E__c.field-meta.xml
CustomField,Form_1634__c.ELG_Q41F__c,maid,reachable only from MAiD,,force-app/main/default/objects/Form_1634__c/fields/ELG_Q41F__c.field-meta.xml
CustomField,Form_1634__c.ELG_Q41G__c,maid,reachable only from MAiD,,force-app/main/default/objects/Form_1634__c/fields/ELG_Q41G__c.field-meta.xml
CustomField,Form_1634__c.ELG_Q41H__c,maid,reachable only from MAiD,,force-app/main/default/objects/Form_1634__c/fields/ELG_Q41H__c.field-meta.xml
CustomField,Form_1634__c.ELG_Q42A__c,maid,reachable only from MAiD,,force-app/main/default/objects/Form_1634__c/fields/ELG_Q42A__c.field-meta.xml
CustomField,Form_1634__c.ELG_Q42B__c,maid,reachable only from MAiD,,force-app/main/default/objects/Form_1634__c/fields/ELG_Q42B__c.field-meta.xml
CustomField,Form_1634__c.ELG_Q42C__c,maid,reachable only from MAiD,,force-app/main/default/objects/Form_1634__c/fields/ELG_Q42C__c.field-meta.xml
CustomField,Form_1634__c.ELG_Q45_Formula__c,maid,reachable only from MAiD,,force-app/main/default/objects/Form_1634__c/fields/ELG_Q45_Formula__c.field-meta.xml
CustomField,Form_1634__c.ELG_Q50_Formula__c,maid,reachable only from MAiD,,force-app/main/default/objects/Form_1634__c/fields/ELG_Q50_Formula__c.field-meta.xml
CustomField,Form_1634__c.ELG_Q55A__c,maid,reachable only from MAiD,,force-app/main/default/objects/Form_1634__c/fields/ELG_Q55A__c.field-meta.xml
CustomField,Form_1634__c.ELG_Q55B__c,maid,reachable only from MAiD,,force-app/main/default/objects/Form_1634__c/fields/ELG_Q55B__c.field-meta.xml
CustomField,Form_1634__c.ELG_Q55C__c,maid,reachable only from MAiD,,force-app/main/default/objects/Form_1634__c/fields/ELG_Q55C__c.field-meta.xml
CustomField,Form_1634__c.ELG_Q55D__c,maid,reachable only from MAiD,,force-app/main/default/objects/Form_1634__c/fields/ELG_Q55D__c.field-meta.xml
CustomField,Form_1634__c.ELG_Q55E__c,maid,reachable only from MAiD,,force-app/main/default/objects/Form_1634__c/fields/ELG_Q55E__c.field-meta.xml
CustomField,Form_1634__c.ELG_Q55F__c,maid,reachable only from MAiD,,force-app/main/default/objects/Form_1634__c/fields/ELG_Q55F__c.field-meta.xml
CustomField,Form_1634__c.ELG_Q55G__c,maid,reachable only from MAiD,,force-app/main/default/objects/Form_1634__c/fields/ELG_Q55G__c.field-meta.xml
CustomField,Form_1634__c.ELG_Q55H__c,maid,reachable only from MAiD,,force-app/main/default/objects/Form_1634__c/fields/ELG_Q55H__c.field-meta.xml
CustomField,Form_1634__c.ELG_Q55I__c,maid,reachable only from MAiD,,force-app/main/default/objects/Form_1634__c/fields/ELG_Q55I__c.field-meta.xml
CustomField,Form_1634__c.ELG_Q60_Formula__c,maid,reachable only from MAiD,,force-app/main/default/objects/Form_1634__c/fields/ELG_Q60_Formula__c.field-meta.xml
CustomField,Form_1634__c.ELG_Q65_Formula__c,maid,reachable only from MAiD,,force-app/main/default/objects/Form_1634__c/fields/ELG_Q65_Formula__c.field-meta.xml
CustomField,Form_1634__c.ELG_Q70A__c,maid,reachable only from MAiD,,force-app/main/default/objects/Form_1634__c/fields/ELG_Q70A__c.field-meta.xml
CustomField,Form_1634__c.ELG_Q70B__c,maid,reachable only from MAiD,,force-app/main/default/objects/Form_1634__c/fields/ELG_Q70B__c.field-meta.xml
CustomField,Form_1634__c.ELG_Q70C__c,maid,reachable only from MAiD,,force-app/main/default/objects/Form_1634__c/fields/ELG_Q70C__c.field-meta.xml
CustomField,Form_1634__c.ELG_Q70D__c,maid,reachable only from MAiD,,force-app/main/default/objects/Form_1634__c/fields/ELG_Q70D__c.field-meta.xml
CustomField,Form_1634__c.ELG_Q70E__c,maid,reachable only from MAiD,,force-app/main/default/objects/Form_1634__c/fields/ELG_Q70E__c.field-meta.xml
CustomField,Form_1634__c.ELG_Q70F__c,maid,reachable only from MAiD,,force-app/main/default/objects/Form_1634__c/fields/ELG_Q70F__c.field-meta.xml
CustomField,Form_1634__c.ELG_Q70G__c,maid,reachable only from MAiD,,force-app/main/default/objects/Form_1634__c/fields/ELG_Q70G__c.field-meta.xml
CustomField,Form_1634__c.ELG_Q70H__c,maid,reachable only from MAiD,,force-app/main/default/objects/Form_1634__c/fields/ELG_Q70H__c.field-meta.xml
CustomField,Form_1634__c.ELG_Q70I__c,maid,reachable only from MAiD,,force-app/main/default/objects/Form_1634__c/fields/ELG_Q70I__c.field-meta.xml
CustomField,Form_1634__c.ELG_Q75_Formula__c,maid,reachable only from MAiD,,force-app/main/default/objects/Form_1634__c/fields/ELG_Q75_Formula__c.field-meta.xml
CustomField,Form_1634__c.ELG_Q80_Formula__c,maid,reachable only from MAiD,,force-app/main/default/objects/Form_1634__c/fields/ELG_Q80_Formula__c.field-meta.xml
CustomField,Form_1634__c.ELG_Q85_Formula__c,maid,reachable only from MAiD,,force-app/main/default/objects/Form_1634__c/fields/ELG_Q85_Formula__c.field-meta.xml
CustomField,Form_1634__c.ELG_Q90_Formula__c,maid,reachable only from MAiD,,force-app/main/default/objects/Form_1634__c/fields/ELG_Q90_Formula__c.field-meta.xml
CustomField,Form_1634__c.ELG_S25F_Formula__c,maid,reachable only from MAiD,,force-app/main/default/objects/Form_1634__c/fields/ELG_S25F_Formula__c.field-meta.xml
CustomField,Form_1634__c.ELG_S40D_Formula__c,maid,reachable only from MAiD,,force-app/main/default/objects/Form_1634__c/fields/ELG_S40D_Formula__c.field-meta.xml
CustomField,Form_1634__c.ELG_S40F_Formula__c,maid,reachable only from MAiD,,force-app/main/default/objects/Form_1634__c/fields/ELG_S40F_Formula__c.field-meta.xml
CustomField,Form_1634__c.ELG_S40G_Formula__c,maid,reachable only from MAiD,,force-app/main/default/objects/Form_1634__c/fields/ELG_S40G_Formula__c.field-meta.xml
CustomField,Form_1634__c.ELG_S41H_Formula__c,maid,reachable only from MAiD,,force-app/main/default/objects/Form_1634__c/fields/ELG_S41H_Formula__c.field-meta.xml
CustomField,Form_1634__c.ELG_S42C_Formula__c,maid,reachable only from MAiD,,force-app/main/default/objects/Form_1634__c/fields/ELG_S42C_Formula__c.field-meta.xml
CustomField,Form_1634__c.ELG_S55I_Formula__c,maid,reachable only from MAiD,,force-app/main/default/objects/Form_1634__c/fields/ELG_S55I_Formula__c.field-meta.xml
CustomField,Form_1634__c.ELG_S70I_Formula__c,maid,reachable only from MAiD,,force-app/main/default/objects/Form_1634__c/fields/ELG_S70I_Formula__c.field-meta.xml
CustomField,Form_1634__c.Ensured_MAiD_administered_as_specified__c,maid,reachable only from MAiD,,force-app/main/default/objects/Form_1634__c/fields/Ensured_MAiD_administered_as_specified__c.field-meta.xml
CustomField,Form_1634__c.Ensured_patient_did_not_show_refusal__c,maid,reachable only from MAiD,,force-app/main/default/objects/Form_1634__c/fields/Ensured_patient_did_not_show_refusal__c.field-meta.xml
CustomField,Form_1634__c.Ensured_there_were_at_least_90_days__c,maid,reachable only from MAiD,,force-app/main/default/objects/Form_1634__c/fields/Ensured_there_were_at_least_90_days__c.field-meta.xml
CustomField,Form_1634__c.Expert_consultant_specialty__c,maid,reachable only from MAiD,,force-app/main/default/objects/Form_1634__c/fields/Expert_consultant_specialty__c.field-meta.xml
CustomField,Form_1634__c.Expertise_consultant_was__c,maid,reachable only from MAiD,,force-app/main/default/objects/Form_1634__c/fields/Expertise_consultant_was__c.field-meta.xml
CustomField,Form_1634__c.HIN_Q010_c_Formula__c,maid,reachable only from MAiD,,force-app/main/default/objects/Form_1634__c/fields/HIN_Q010_c_Formula__c.field-meta.xml
CustomField,Form_1634__c.HIN_Q05_Formula__c,maid,reachable only from MAiD,,force-app/main/default/objects/Form_1634__c/fields/HIN_Q05_Formula__c.field-meta.xml
CustomField,Form_1634__c.HIN_Q06__c,maid,reachable only from MAiD,,force-app/main/default/objects/Form_1634__c/fields/HIN_Q06__c.field-meta.xml
CustomField,Form_1634__c.HIN_Q15_Formula__c,maid,reachable only from MAiD,,force-app/main/default/objects/Form_1634__c/fields/HIN_Q15_Formula__c.field-meta.xml
CustomField,Form_1634__c.How_was_MAiD_administered__c,maid,reachable only from MAiD,,force-app/main/default/objects/Form_1634__c/fields/How_was_MAiD_administered__c.field-meta.xml
CustomField,Form_1634__c.IF_Other_Consultant_Name__c,maid,reachable only from MAiD,,force-app/main/default/objects/Form_1634__c/fields/IF_Other_Consultant_Name__c.field-meta.xml
CustomField,Form_1634__c.IF_Yes_BCTEB_referral_intake_form_was__c,maid,reachable only from MAiD,,force-app/main/default/objects/Form_1634__c/fields/IF_Yes_BCTEB_referral_intake_form_was__c.field-meta.xml
CustomField,Form_1634__c.I_determine_that_the_patient__c,maid,reachable only from MAiD,,force-app/main/default/objects/Form_1634__c/fields/I_determine_that_the_patient__c.field-meta.xml
CustomField,Form_1634__c.If_Cancer_Other_specify__c,maid,reachable only from MAiD,,force-app/main/default/objects/Form_1634__c/fields/If_Cancer_Other_specify__c.field-meta.xml
CustomField,Form_1634__c.If_Cardio_vascular_condition_specify__c,maid,reachable only from MAiD,,force-app/main/default/objects/Form_1634__c/fields/If_Cardio_vascular_condition_specify__c.field-meta.xml
CustomField,Form_1634__c.If_FacilitySit_specify__c,maid,reachable only from MAiD,,force-app/main/default/objects/Form_1634__c/fields/If_FacilitySit_specify__c.field-meta.xml
CustomField,Form_1634__c.If_FacilitySite_specify_Facility_Unit__c,maid,reachable only from MAiD,,force-app/main/default/objects/Form_1634__c/fields/If_FacilitySite_specify_Facility_Unit__c.field-meta.xml
CustomField,Form_1634__c.If_Neurological_condition_other_speci__c,maid,reachable only from MAiD,,force-app/main/default/objects/Form_1634__c/fields/If_Neurological_condition_other_speci__c.field-meta.xml
CustomField,Form_1634__c.If_No_Practitioner_administered_IV_as_p__c,maid,reachable only from MAiD,,force-app/main/default/objects/Form_1634__c/fields/If_No_Practitioner_administered_IV_as_p__c.field-meta.xml
CustomField,Form_1634__c.If_No_practioner_administered_2nd_dose__c,maid,reachable only from MAiD,,force-app/main/default/objects/Form_1634__c/fields/If_No_practioner_administered_2nd_dose__c.field-meta.xml
CustomField,Form_1634__c.If_No_practitioner_admin_IV_per_agree__c,maid,reachable only from MAiD,,force-app/main/default/objects/Form_1634__c/fields/If_No_practitioner_admin_IV_per_agree__c.field-meta.xml
CustomField,Form_1634__c.If_No_why_not_voluntary__c,maid,reachable only from MAiD,,force-app/main/default/objects/Form_1634__c/fields/If_No_why_not_voluntary__c.field-meta.xml
CustomField,Form_1634__c.If_Organ_Failure_other_specify__c,maid,reachable only from MAiD,,force-app/main/default/objects/Form_1634__c/fields/If_Organ_Failure_other_specify__c.field-meta.xml
CustomField,Form_1634__c.If_Other_location_specify_1__c,maid,reachable only from MAiD,,force-app/main/default/objects/Form_1634__c/fields/If_Other_location_specify_1__c.field-meta.xml
CustomField,Form_1634__c.If_Other_location_specify__c,maid,reachable only from MAiD,,force-app/main/default/objects/Form_1634__c/fields/If_Other_location_specify__c.field-meta.xml
CustomField,Form_1634__c.If_Other_reason_specify__c,maid,reachable only from MAiD,,force-app/main/default/objects/Form_1634__c/fields/If_Other_reason_specify__c.field-meta.xml
CustomField,Form_1634__c.If_Other_service_specify__c,maid,reachable only from MAiD,,force-app/main/default/objects/Form_1634__c/fields/If_Other_service_specify__c.field-meta.xml
CustomField,Form_1634__c.If_Other_specify_1__c,maid,reachable only from MAiD,,force-app/main/default/objects/Form_1634__c/fields/If_Other_specify_1__c.field-meta.xml
CustomField,Form_1634__c.If_Other_specify_2__c,maid,reachable only from MAiD,,force-app/main/default/objects/Form_1634__c/fields/If_Other_specify_2__c.field-meta.xml
CustomField,Form_1634__c.If_Prior_Request_outcome__c,maid,reachable only from MAiD,,force-app/main/default/objects/Form_1634__c/fields/If_Prior_Request_outcome__c.field-meta.xml
CustomField,Form_1634__c.If_Respiratory_other_specify__c,maid,reachable only from MAiD,,force-app/main/default/objects/Form_1634__c/fields/If_Respiratory_other_specify__c.field-meta.xml
CustomField,Form_1634__c.If_Yes_is_patients_change_in_eligbilit__c,maid,reachable only from MAiD,,force-app/main/default/objects/Form_1634__c/fields/If_Yes_is_patients_change_in_eligbilit__c.field-meta.xml
CustomField,Form_1634__c.If_Yes_name_of_assessing_practitioner__c,maid,reachable only from MAiD,,force-app/main/default/objects/Form_1634__c/fields/If_Yes_name_of_assessing_practitioner__c.field-meta.xml
CustomField,Form_1634__c.If_Yes_patient_consented__c,maid,reachable only from MAiD,,force-app/main/default/objects/Form_1634__c/fields/If_Yes_patient_consented__c.field-meta.xml
CustomField,Form_1634__c.If_Yes_practitioner_became_aware_patien__c,maid,reachable only from MAiD,,force-app/main/default/objects/Form_1634__c/fields/If_Yes_practitioner_became_aware_patien__c.field-meta.xml
CustomField,Form_1634__c.If_Yes_was_Prescriber_present__c,maid,reachable only from MAiD,,force-app/main/default/objects/Form_1634__c/fields/If_Yes_was_Prescriber_present__c.field-meta.xml
CustomField,Form_1634__c.If_by_Telemedicine_Name_of_Witness__c,maid,reachable only from MAiD,,force-app/main/default/objects/Form_1634__c/fields/If_by_Telemedicine_Name_of_Witness__c.field-meta.xml
CustomField,Form_1634__c.If_by_Telemedicine_Witness_College_ID__c,maid,reachable only from MAiD,,force-app/main/default/objects/Form_1634__c/fields/If_by_Telemedicine_Witness_College_ID__c.field-meta.xml
CustomField,Form_1634__c.If_by_Telemedicine_Witness_Profession__c,maid,reachable only from MAiD,,force-app/main/default/objects/Form_1634__c/fields/If_by_Telemedicine_Witness_Profession__c.field-meta.xml
CustomField,Form_1634__c.If_known_reasons_for_withdrawal__c,maid,reachable only from MAiD,,force-app/main/default/objects/Form_1634__c/fields/If_known_reasons_for_withdrawal__c.field-meta.xml
CustomField,Form_1634__c.If_multiple_co_morbidities_specify__c,maid,reachable only from MAiD,,force-app/main/default/objects/Form_1634__c/fields/If_multiple_co_morbidities_specify__c.field-meta.xml
CustomField,Form_1634__c.If_no_confirm__c,maid,reachable only from MAiD,,force-app/main/default/objects/Form_1634__c/fields/If_no_confirm__c.field-meta.xml
CustomField,Form_1634__c.If_no_date_of_death__c,maid,reachable only from MAiD,,force-app/main/default/objects/Form_1634__c/fields/If_no_date_of_death__c.field-meta.xml
CustomField,Form_1634__c.If_no_was_palliative_care_accessible_to__c,maid,reachable only from MAiD,,force-app/main/default/objects/Form_1634__c/fields/If_no_was_palliative_care_accessible_to__c.field-meta.xml
CustomField,Form_1634__c.If_no_were_services_accessible__c,maid,reachable only from MAiD,,force-app/main/default/objects/Form_1634__c/fields/If_no_were_services_accessible__c.field-meta.xml
CustomField,Form_1634__c.If_other_specify_3__c,maid,reachable only from MAiD,,force-app/main/default/objects/Form_1634__c/fields/If_other_specify_3__c.field-meta.xml
CustomField,Form_1634__c.If_other_specify_4__c,maid,reachable only from MAiD,,force-app/main/default/objects/Form_1634__c/fields/If_other_specify_4__c.field-meta.xml
CustomField,Form_1634__c.If_other_specify__c,maid,reachable only from MAiD,,force-app/main/default/objects/Form_1634__c/fields/If_other_specify__c.field-meta.xml
CustomField,Form_1634__c.If_other_third_party_specify__c,maid,reachable only from MAiD,,force-app/main/default/objects/Form_1634__c/fields/If_other_third_party_specify__c.field-meta.xml
CustomField,Form_1634__c.If_other_type_specify__c,maid,reachable only from MAiD,,force-app/main/default/objects/Form_1634__c/fields/If_other_type_specify__c.field-meta.xml
CustomField,Form_1634__c.If_patient_directly_other_specify__c,maid,reachable only from MAiD,,force-app/main/default/objects/Form_1634__c/fields/If_patient_directly_other_specify__c.field-meta.xml
CustomField,Form_1634__c.If_patient_had_difficulty_communicating__c,maid,reachable only from MAiD,,force-app/main/default/objects/Form_1634__c/fields/If_patient_had_difficulty_communicating__c.field-meta.xml
CustomField,Form_1634__c.If_the_patient_withdrew_request_what_we__c,maid,reachable only from MAiD,,force-app/main/default/objects/Form_1634__c/fields/If_the_patient_withdrew_request_what_we__c.field-meta.xml
CustomField,Form_1634__c.If_transferred_was_it_due_to_facility_po__c,maid,reachable only from MAiD,,force-app/main/default/objects/Form_1634__c/fields/If_transferred_was_it_due_to_facility_po__c.field-meta.xml
CustomField,Form_1634__c.If_yes_cause_of_death_Specify__c,maid,reachable only from MAiD,,force-app/main/default/objects/Form_1634__c/fields/If_yes_cause_of_death_Specify__c.field-meta.xml
CustomField,Form_1634__c.If_yes_date_of_death__c,maid,reachable only from MAiD,,force-app/main/default/objects/Form_1634__c/fields/If_yes_date_of_death__c.field-meta.xml
CustomField,Form_1634__c.If_yes_did_patient_received_disability__c,maid,reachable only from MAiD,,force-app/main/default/objects/Form_1634__c/fields/If_yes_did_patient_received_disability__c.field-meta.xml
CustomField,Form_1634__c.If_yes_for_how_long_1__c,maid,reachable only from MAiD,,force-app/main/default/objects/Form_1634__c/fields/If_yes_for_how_long_1__c.field-meta.xml
CustomField,Form_1634__c.If_yes_for_how_long__c,maid,reachable only from MAiD,,force-app/main/default/objects/Form_1634__c/fields/If_yes_for_how_long__c.field-meta.xml
CustomField,Form_1634__c.If_yes_indicate_services_means__c,maid,reachable only from MAiD,,force-app/main/default/objects/Form_1634__c/fields/If_yes_indicate_services_means__c.field-meta.xml
CustomField,Form_1634__c.If_yes_reasons_for_opinion__c,maid,reachable only from MAiD,,force-app/main/default/objects/Form_1634__c/fields/If_yes_reasons_for_opinion__c.field-meta.xml
CustomField,Form_1634__c.If_yes_select_all_that_apply_1__c,maid,reachable only from MAiD,,force-app/main/default/objects/Form_1634__c/fields/If_yes_select_all_that_apply_1__c.field-meta.xml
CustomField,Form_1634__c.If_yes_select_all_that_apply__c,maid,reachable only from MAiD,,force-app/main/default/objects/Form_1634__c/fields/If_yes_select_all_that_apply__c.field-meta.xml
CustomField,Form_1634__c.If_yes_signed_request_date__c,maid,reachable only from MAiD,,force-app/main/default/objects/Form_1634__c/fields/If_yes_signed_request_date__c.field-meta.xml
CustomField,Form_1634__c.If_yes_underlying_cause_of_death__c,maid,reachable only from MAiD,,force-app/main/default/objects/Form_1634__c/fields/If_yes_underlying_cause_of_death__c.field-meta.xml
CustomField,Form_1634__c.If_yes_was_the_Prescriber_present__c,maid,reachable only from MAiD,,force-app/main/default/objects/Form_1634__c/fields/If_yes_was_the_Prescriber_present__c.field-meta.xml
CustomField,Form_1634__c.Indicate_safeguard_not_met__c,maid,reachable only from MAiD,,force-app/main/default/objects/Form_1634__c/fields/Indicate_safeguard_not_met__c.field-meta.xml
CustomField,Form_1634__c.Interpreter_for_MAID_ID__c,maid,reachable only from MAiD,,force-app/main/default/objects/Form_1634__c/fields/Interpreter_for_MAID_ID__c.field-meta.xml
CustomField,Form_1634__c.Interpreter_for_MAID_Last_Name__c,maid,reachable only from MAiD,,force-app/main/default/objects/Form_1634__c/fields/Interpreter_for_MAID_Last_Name__c.field-meta.xml
CustomField,Form_1634__c.Interpreter_for_MAID_date_of_service__c,maid,reachable only from MAiD,,force-app/main/default/objects/Form_1634__c/fields/Interpreter_for_MAID_date_of_service__c.field-meta.xml
CustomField,Form_1634__c.Interpreter_for_MAiD_First_Name__c,maid,reachable only from MAiD,,force-app/main/default/objects/Form_1634__c/fields/Interpreter_for_MAiD_First_Name__c.field-meta.xml
CustomField,Form_1634__c.Is_there_waiver_of_final_consent_in_plac__c,maid,reachable only from MAiD,,force-app/main/default/objects/Form_1634__c/fields/Is_there_waiver_of_final_consent_in_plac__c.field-meta.xml
CustomField,Form_1634__c.Length_of_assessment_period__c,maid,reachable only from MAiD,,force-app/main/default/objects/Form_1634__c/fields/Length_of_assessment_period__c.field-meta.xml
CustomField,Form_1634__c.Length_of_medical_condition__c,maid,reachable only from MAiD,,force-app/main/default/objects/Form_1634__c/fields/Length_of_medical_condition__c.field-meta.xml
CustomField,Form_1634__c.Location_of_Assessment__c,maid,reachable only from MAiD,,force-app/main/default/objects/Form_1634__c/fields/Location_of_Assessment__c.field-meta.xml
CustomField,Form_1634__c.Location_of_Palliative_care__c,maid,reachable only from MAiD,,force-app/main/default/objects/Form_1634__c/fields/Location_of_Palliative_care__c.field-meta.xml
CustomField,Form_1634__c.MAiD_Administration_Date__c,maid,reachable only from MAiD,,force-app/main/default/objects/Form_1634__c/fields/MAiD_Administration_Date__c.field-meta.xml
CustomField,Form_1634__c.MAiD_Location_Address__c,maid,reachable only from MAiD,,force-app/main/default/objects/Form_1634__c/fields/MAiD_Location_Address__c.field-meta.xml
CustomField,Form_1634__c.MAiD_Location_Type__c,maid,reachable only from MAiD,,force-app/main/default/objects/Form_1634__c/fields/MAiD_Location_Type__c.field-meta.xml
CustomField,Form_1634__c.MAiD_Prescriber_full_name__c,maid,reachable only from MAiD,,force-app/main/default/objects/Form_1634__c/fields/MAiD_Prescriber_full_name__c.field-meta.xml
CustomField,Form_1634__c.MAiD_Prescriber_sign_self_administ__c,maid,reachable only from MAiD,,force-app/main/default/objects/Form_1634__c/fields/MAiD_Prescriber_sign_self_administ__c.field-meta.xml
CustomField,Form_1634__c.MDR1_Q02_Formula__c,maid,reachable only from MAiD,,force-app/main/default/objects/Form_1634__c/fields/MDR1_Q02_Formula__c.field-meta.xml
CustomField,Form_1634__c.MDR5_Q03_Formula__c,maid,reachable only from MAiD,,force-app/main/default/objects/Form_1634__c/fields/MDR5_Q03_Formula__c.field-meta.xml
CustomField,Form_1634__c.MDR7_QR3_formula__c,maid,reachable only from MAiD,,force-app/main/default/objects/Form_1634__c/fields/MDR7_QR3_formula__c.field-meta.xml
CustomField,Form_1634__c.Mental_Disorder_specify__c,maid,reachable only from MAiD,,force-app/main/default/objects/Form_1634__c/fields/Mental_Disorder_specify__c.field-meta.xml
CustomField,Form_1634__c.NON_RFND_safeguard_completed_date__c,maid,reachable only from MAiD,,force-app/main/default/objects/Form_1634__c/fields/NON_RFND_safeguard_completed_date__c.field-meta.xml
CustomField,Form_1634__c.Name_of_facility_if_due_to_MAiD_policy__c,maid,reachable only from MAiD,,force-app/main/default/objects/Form_1634__c/fields/Name_of_facility_if_due_to_MAiD_policy__c.field-meta.xml
CustomField,Form_1634__c.On_receipt_of_assessment_patient_is__c,maid,reachable only from MAiD,,force-app/main/default/objects/Form_1634__c/fields/On_receipt_of_assessment_patient_is__c.field-meta.xml
CustomField,Form_1634__c.Other_Condition_Co_morbidity_specify__c,maid,reachable only from MAiD,,force-app/main/default/objects/Form_1634__c/fields/Other_Condition_Co_morbidity_specify__c.field-meta.xml
CustomField,Form_1634__c.Other_Outcome_Specify__c,maid,reachable only from MAiD,,force-app/main/default/objects/Form_1634__c/fields/Other_Outcome_Specify__c.field-meta.xml
CustomField,Form_1634__c.Other_natural_death_reason__c,maid,reachable only from MAiD,,force-app/main/default/objects/Form_1634__c/fields/Other_natural_death_reason__c.field-meta.xml
CustomField,Form_1634__c.Other_opinion_specify__c,maid,reachable only from MAiD,,force-app/main/default/objects/Form_1634__c/fields/Other_opinion_specify__c.field-meta.xml
CustomField,Form_1634__c.Other_reason_specify__c,maid,reachable only from MAiD,,force-app/main/default/objects/Form_1634__c/fields/Other_reason_specify__c.field-meta.xml
CustomField,Form_1634__c.Other_relief_means_specify__c,maid,reachable only from MAiD,,force-app/main/default/objects/Form_1634__c/fields/Other_relief_means_specify__c.field-meta.xml
CustomField,Form_1634__c.Other_services_means_specify__c,maid,reachable only from MAiD,,force-app/main/default/objects/Form_1634__c/fields/Other_services_means_specify__c.field-meta.xml
CustomField,Form_1634__c.Other_specify__c,maid,reachable only from MAiD,,force-app/main/default/objects/Form_1634__c/fields/Other_specify__c.field-meta.xml
CustomField,Form_1634__c.Other_supports_specify__c,maid,reachable only from MAiD,,force-app/main/default/objects/Form_1634__c/fields/Other_supports_specify__c.field-meta.xml
CustomField,Form_1634__c.PHN__c,maid,reachable only from MAiD,,force-app/main/default/objects/Form_1634__c/fields/PHN__c.field-meta.xml
CustomField,Form_1634__c.PROC_Q05_Formula__c,maid,reachable only from MAiD,,force-app/main/default/objects/Form_1634__c/fields/PROC_Q05_Formula__c.field-meta.xml
CustomField,Form_1634__c.PROC_Q10_Formula__c,maid,reachable only from MAiD,,force-app/main/default/objects/Form_1634__c/fields/PROC_Q10_Formula__c.field-meta.xml
CustomField,Form_1634__c.PROC_Q15_Formula__c,maid,reachable only from MAiD,,force-app/main/default/objects/Form_1634__c/fields/PROC_Q15_Formula__c.field-meta.xml
CustomField,Form_1634__c.PROC_Q20_Formula__c,maid,reachable only from MAiD,,force-app/main/default/objects/Form_1634__c/fields/PROC_Q20_Formula__c.field-meta.xml
CustomField,Form_1634__c.PROC_Q25_Formula__c,maid,reachable only from MAiD,,force-app/main/default/objects/Form_1634__c/fields/PROC_Q25_Formula__c.field-meta.xml
CustomField,Form_1634__c.PROC_Q30_Formula__c,maid,reachable only from MAiD,,force-app/main/default/objects/Form_1634__c/fields/PROC_Q30_Formula__c.field-meta.xml
CustomField,Form_1634__c.PROC_Q35_Formula__c,maid,reachable only from MAiD,,force-app/main/default/objects/Form_1634__c/fields/PROC_Q35_Formula__c.field-meta.xml
CustomField,Form_1634__c.PROC_Q40_Formula__c,maid,reachable only from MAiD,,force-app/main/default/objects/Form_1634__c/fields/PROC_Q40_Formula__c.field-meta.xml
CustomField,Form_1634__c.PROC_Q45_Formula__c,maid,reachable only from MAiD,,force-app/main/default/objects/Form_1634__c/fields/PROC_Q45_Formula__c.field-meta.xml
CustomField,Form_1634__c.PROC_Q50_Formula__c,maid,reachable only from MAiD,,force-app/main/default/objects/Form_1634__c/fields/PROC_Q50_Formula__c.field-meta.xml
CustomField,Form_1634__c.PROC_Q70_Formula__c,maid,reachable only from MAiD,,force-app/main/default/objects/Form_1634__c/fields/PROC_Q70_Formula__c.field-meta.xml
CustomField,Form_1634__c.PROC_Q75_Formula__c,maid,reachable only from MAiD,,force-app/main/default/objects/Form_1634__c/fields/PROC_Q75_Formula__c.field-meta.xml
CustomField,Form_1634__c.PROC_Q80_Formula__c,maid,reachable only from MAiD,,force-app/main/default/objects/Form_1634__c/fields/PROC_Q80_Formula__c.field-meta.xml
CustomField,Form_1634__c.Patient_Date_for_MAiD_Administration__c,maid,reachable only from MAiD,,force-app/main/default/objects/Form_1634__c/fields/Patient_Date_for_MAiD_Administration__c.field-meta.xml
CustomField,Form_1634__c.Patient_Date_of_Birth__c,maid,reachable only from MAiD,,force-app/main/default/objects/Form_1634__c/fields/Patient_Date_of_Birth__c.field-meta.xml
CustomField,Form_1634__c.Patient_Name__c,maid,reachable only from MAiD,,force-app/main/default/objects/Form_1634__c/fields/Patient_Name__c.field-meta.xml
CustomField,Form_1634__c.Patient_Signed_for_MAiD_Administration__c,maid,reachable only from MAiD,,force-app/main/default/objects/Form_1634__c/fields/Patient_Signed_for_MAiD_Administration__c.field-meta.xml
CustomField,Form_1634__c.Patient_at_least_18_years_of_age__c,maid,reachable only from MAiD,,force-app/main/default/objects/Form_1634__c/fields/Patient_at_least_18_years_of_age__c.field-meta.xml
CustomField,Form_1634__c.Patient_authorized_to_recieve_second_dos__c,maid,reachable only from MAiD,,force-app/main/default/objects/Form_1634__c/fields/Patient_authorized_to_recieve_second_dos__c.field-meta.xml
CustomField,Form_1634__c.Patient_capable_of_making_this_health_ca__c,maid,reachable only from MAiD,,force-app/main/default/objects/Form_1634__c/fields/Patient_capable_of_making_this_health_ca__c.field-meta.xml
CustomField,Form_1634__c.Patient_consensented_to_assessment__c,maid,reachable only from MAiD,,force-app/main/default/objects/Form_1634__c/fields/Patient_consensented_to_assessment__c.field-meta.xml
CustomField,Form_1634__c.Patient_consented_to_assessment__c,maid,reachable only from MAiD,,force-app/main/default/objects/Form_1634__c/fields/Patient_consented_to_assessment__c.field-meta.xml
CustomField,Form_1634__c.Patient_desc_suffering_If_yes_select_all__c,maid,reachable only from MAiD,,force-app/main/default/objects/Form_1634__c/fields/Patient_desc_suffering_If_yes_select_all__c.field-meta.xml
CustomField,Form_1634__c.Patient_eligible_for_health_services_in__c,maid,reachable only from MAiD,,force-app/main/default/objects/Form_1634__c/fields/Patient_eligible_for_health_services_in__c.field-meta.xml
CustomField,Form_1634__c.Patient_full_name__c,maid,reachable only from MAiD,,force-app/main/default/objects/Form_1634__c/fields/Patient_full_name__c.field-meta.xml
CustomField,Form_1634__c.Patient_gave_informed_consent_after_bein__c,maid,reachable only from MAiD,,force-app/main/default/objects/Form_1634__c/fields/Patient_gave_informed_consent_after_bein__c.field-meta.xml
CustomField,Form_1634__c.Patient_had_difficulty_communicating__c,maid,reachable only from MAiD,,force-app/main/default/objects/Form_1634__c/fields/Patient_had_difficulty_communicating__c.field-meta.xml
CustomField,Form_1634__c.Patient_has_been_informed_of_risk_of_los__c,maid,reachable only from MAiD,,force-app/main/default/objects/Form_1634__c/fields/Patient_has_been_informed_of_risk_of_los__c.field-meta.xml
CustomField,Form_1634__c.Patient_has_been_offered_to_speak_to_BC__c,maid,reachable only from MAiD,,force-app/main/default/objects/Form_1634__c/fields/Patient_has_been_offered_to_speak_to_BC__c.field-meta.xml
CustomField,Form_1634__c.Patient_has_discussed_and_considered_mea__c,maid,reachable only from MAiD,,force-app/main/default/objects/Form_1634__c/fields/Patient_has_discussed_and_considered_mea__c.field-meta.xml
CustomField,Form_1634__c.Patient_has_serious_and_incurable_illnes__c,maid,reachable only from MAiD,,force-app/main/default/objects/Form_1634__c/fields/Patient_has_serious_and_incurable_illnes__c.field-meta.xml
CustomField,Form_1634__c.Patient_in_an_advanced_state_of_irrevers__c,maid,reachable only from MAiD,,force-app/main/default/objects/Form_1634__c/fields/Patient_in_an_advanced_state_of_irrevers__c.field-meta.xml
CustomField,Form_1634__c.Patient_is_capable_of_providing_consent__c,maid,reachable only from MAiD,,force-app/main/default/objects/Form_1634__c/fields/Patient_is_capable_of_providing_consent__c.field-meta.xml
CustomField,Form_1634__c.Patient_lost_capabilty_to_consent__c,maid,reachable only from MAiD,,force-app/main/default/objects/Form_1634__c/fields/Patient_lost_capabilty_to_consent__c.field-meta.xml
CustomField,Form_1634__c.Patient_lost_capacity_to_consent_1__c,maid,reachable only from MAiD,,force-app/main/default/objects/Form_1634__c/fields/Patient_lost_capacity_to_consent_1__c.field-meta.xml
CustomField,Form_1634__c.Patient_make_a_voluntary_request_for_MAI__c,maid,reachable only from MAiD,,force-app/main/default/objects/Form_1634__c/fields/Patient_make_a_voluntary_request_for_MAI__c.field-meta.xml
CustomField,Form_1634__c.Patient_no_longer_eligible__c,maid,reachable only from MAiD,,force-app/main/default/objects/Form_1634__c/fields/Patient_no_longer_eligible__c.field-meta.xml
CustomField,Form_1634__c.Patient_received_palliative_care__c,maid,reachable only from MAiD,,force-app/main/default/objects/Form_1634__c/fields/Patient_received_palliative_care__c.field-meta.xml
CustomField,Form_1634__c.Patient_requested_the_following_options__c,maid,reachable only from MAiD,,force-app/main/default/objects/Form_1634__c/fields/Patient_requested_the_following_options__c.field-meta.xml
CustomField,Form_1634__c.Patient_required_palliative_care__c,maid,reachable only from MAiD,,force-app/main/default/objects/Form_1634__c/fields/Patient_required_palliative_care__c.field-meta.xml
CustomField,Form_1634__c.Patient_requires_disability_support_serv__c,maid,reachable only from MAiD,,force-app/main/default/objects/Form_1634__c/fields/Patient_requires_disability_support_serv__c.field-meta.xml
CustomField,Form_1634__c.Patient_signature_self_administration__c,maid,reachable only from MAiD,,force-app/main/default/objects/Form_1634__c/fields/Patient_signature_self_administration__c.field-meta.xml
CustomField,Form_1634__c.Patient_was_given_opportunity_to_withdra__c,maid,reachable only from MAiD,,force-app/main/default/objects/Form_1634__c/fields/Patient_was_given_opportunity_to_withdra__c.field-meta.xml
CustomField,Form_1634__c.Patient_was_referred_for_assessment_of_c__c,maid,reachable only from MAiD,,force-app/main/default/objects/Form_1634__c/fields/Patient_was_referred_for_assessment_of_c__c.field-meta.xml
CustomField,Form_1634__c.Patient_withdrew_request__c,maid,reachable only from MAiD,,force-app/main/default/objects/Form_1634__c/fields/Patient_withdrew_request__c.field-meta.xml
CustomField,Form_1634__c.Patient_withdrew_request_immediately_bef__c,maid,reachable only from MAiD,,force-app/main/default/objects/Form_1634__c/fields/Patient_withdrew_request_immediately_bef__c.field-meta.xml
CustomField,Form_1634__c.Patients_illness_disease_or_disability__c,maid,reachable only from MAiD,,force-app/main/default/objects/Form_1634__c/fields/Patients_illness_disease_or_disability__c.field-meta.xml
CustomField,Form_1634__c.Patients_natural_death_become_reasonabl__c,maid,reachable only from MAiD,,force-app/main/default/objects/Form_1634__c/fields/Patients_natural_death_become_reasonabl__c.field-meta.xml
CustomField,Form_1634__c.Patients_request_for_MAiD_was_in_writin__c,maid,reachable only from MAiD,,force-app/main/default/objects/Form_1634__c/fields/Patients_request_for_MAiD_was_in_writin__c.field-meta.xml
CustomField,Form_1634__c.Patients_request_was_signed_dated_and__c,maid,reachable only from MAiD,,force-app/main/default/objects/Form_1634__c/fields/Patients_request_was_signed_dated_and__c.field-meta.xml
CustomField,Form_1634__c.Planned_Date__c,maid,reachable only from MAiD,,force-app/main/default/objects/Form_1634__c/fields/Planned_Date__c.field-meta.xml
CustomField,Form_1634__c.Planned_Location_for_MAiD__c,maid,reachable only from MAiD,,force-app/main/default/objects/Form_1634__c/fields/Planned_Location_for_MAiD__c.field-meta.xml
CustomField,Form_1634__c.Planned_location_and_time_for_MAiD__c,maid,reachable only from MAiD,,force-app/main/default/objects/Form_1634__c/fields/Planned_location_and_time_for_MAiD__c.field-meta.xml
CustomField,Form_1634__c.Potential_BCCS_Review__c,maid,reachable only from MAiD,,force-app/main/default/objects/Form_1634__c/fields/Potential_BCCS_Review__c.field-meta.xml
CustomField,Form_1634__c.Potential_risks_and_expected_outcome__c,maid,reachable only from MAiD,,force-app/main/default/objects/Form_1634__c/fields/Potential_risks_and_expected_outcome__c.field-meta.xml
CustomField,Form_1634__c.Practitioner_Administration_sign_off_Dat__c,maid,reachable only from MAiD,,force-app/main/default/objects/Form_1634__c/fields/Practitioner_Administration_sign_off_Dat__c.field-meta.xml
CustomField,Form_1634__c.Practitioner_Type__c,maid,reachable only from MAiD,,force-app/main/default/objects/Form_1634__c/fields/Practitioner_Type__c.field-meta.xml
CustomField,Form_1634__c.Practitioner__c,maid,reachable only from MAiD,,force-app/main/default/objects/Form_1634__c/fields/Practitioner__c.field-meta.xml
CustomField,Form_1634__c.Practitioner_ensured_10_clear_days__c,maid,reachable only from MAiD,,force-app/main/default/objects/Form_1634__c/fields/Practitioner_ensured_10_clear_days__c.field-meta.xml
CustomField,Form_1634__c.Practitioner_is_not_a_beneficiary__c,maid,reachable only from MAiD,,force-app/main/default/objects/Form_1634__c/fields/Practitioner_is_not_a_beneficiary__c.field-meta.xml
CustomField,Form_1634__c.Practitioner_opinion_for_consideration__c,maid,reachable only from MAiD,,force-app/main/default/objects/Form_1634__c/fields/Practitioner_opinion_for_consideration__c.field-meta.xml
CustomField,Form_1634__c.Practitioner_planned_for_potential_issue__c,maid,reachable only from MAiD,,force-app/main/default/objects/Form_1634__c/fields/Practitioner_planned_for_potential_issue__c.field-meta.xml
CustomField,Form_1634__c.Practitioner_previously_determined_patie__c,maid,reachable only from MAiD,,force-app/main/default/objects/Form_1634__c/fields/Practitioner_previously_determined_patie__c.field-meta.xml
CustomField,Form_1634__c.Practitioner_reasons_IF_less_than_10_cle__c,maid,reachable only from MAiD,,force-app/main/default/objects/Form_1634__c/fields/Practitioner_reasons_IF_less_than_10_cle__c.field-meta.xml
CustomField,Form_1634__c.Practitioner_reviewed_request_and_medica__c,maid,reachable only from MAiD,,force-app/main/default/objects/Form_1634__c/fields/Practitioner_reviewed_request_and_medica__c.field-meta.xml
CustomField,Form_1634__c.Practitioner_will_be_present_initials_by__c,maid,reachable only from MAiD,,force-app/main/default/objects/Form_1634__c/fields/Practitioner_will_be_present_initials_by__c.field-meta.xml
CustomField,Form_1634__c.Practitioners_Administration_Signature__c,maid,reachable only from MAiD,,force-app/main/default/objects/Form_1634__c/fields/Practitioners_Administration_Signature__c.field-meta.xml
CustomField,Form_1634__c.Practitioners_Signature__c,maid,reachable only from MAiD,,force-app/main/default/objects/Form_1634__c/fields/Practitioners_Signature__c.field-meta.xml
CustomField,Form_1634__c.Pratictioner_was_satisfied_second_assess__c,maid,reachable only from MAiD,,force-app/main/default/objects/Form_1634__c/fields/Pratictioner_was_satisfied_second_assess__c.field-meta.xml
CustomField,Form_1634__c.Prescriber_ensured_expertise_in_patient__c,maid,reachable only from MAiD,,force-app/main/default/objects/Form_1634__c/fields/Prescriber_ensured_expertise_in_patient__c.field-meta.xml
CustomField,Form_1634__c.Prescription_indicates_medication_is_for__c,maid,reachable only from MAiD,,force-app/main/default/objects/Form_1634__c/fields/Prescription_indicates_medication_is_for__c.field-meta.xml
CustomField,Form_1634__c.Prior_Request_for_MAiD__c,maid,reachable only from MAiD,,force-app/main/default/objects/Form_1634__c/fields/Prior_Request_for_MAiD__c.field-meta.xml
CustomField,Form_1634__c.Profession_if_yes_select_all_that_apply__c,maid,reachable only from MAiD,,force-app/main/default/objects/Form_1634__c/fields/Profession_if_yes_select_all_that_apply__c.field-meta.xml
CustomField,Form_1634__c.Proxy_Relationship_to_Patient__c,maid,reachable only from MAiD,,force-app/main/default/objects/Form_1634__c/fields/Proxy_Relationship_to_Patient__c.field-meta.xml
CustomField,Form_1634__c.Proxy_Signed_for_MAiD__c,maid,reachable only from MAiD,,force-app/main/default/objects/Form_1634__c/fields/Proxy_Signed_for_MAiD__c.field-meta.xml
CustomField,Form_1634__c.Proxy_for_MAiD_City__c,maid,reachable only from MAiD,,force-app/main/default/objects/Form_1634__c/fields/Proxy_for_MAiD_City__c.field-meta.xml
CustomField,Form_1634__c.Proxy_for_MAiD_First_Name__c,maid,reachable only from MAiD,,force-app/main/default/objects/Form_1634__c/fields/Proxy_for_MAiD_First_Name__c.field-meta.xml
CustomField,Form_1634__c.Proxy_for_MAiD_Last_Name__c,maid,reachable only from MAiD,,force-app/main/default/objects/Form_1634__c/fields/Proxy_for_MAiD_Last_Name__c.field-meta.xml
CustomField,Form_1634__c.Proxy_for_MAiD_Phone_Number__c,maid,reachable only from MAiD,,force-app/main/default/objects/Form_1634__c/fields/Proxy_for_MAiD_Phone_Number__c.field-meta.xml
CustomField,Form_1634__c.Proxy_for_MAiD_Postal_Code__c,maid,reachable only from MAiD,,force-app/main/default/objects/Form_1634__c/fields/Proxy_for_MAiD_Postal_Code__c.field-meta.xml
CustomField,Form_1634__c.Proxy_for_MAiD_Province__c,maid,reachable only from MAiD,,force-app/main/default/objects/Form_1634__c/fields/Proxy_for_MAiD_Province__c.field-meta.xml
CustomField,Form_1634__c.Proxy_for_MAiD_Signature__c,maid,reachable only from MAiD,,force-app/main/default/objects/Form_1634__c/fields/Proxy_for_MAiD_Signature__c.field-meta.xml
CustomField,Form_1634__c.Proxy_for_MAiD_Street_Address__c,maid,reachable only from MAiD,,force-app/main/default/objects/Form_1634__c/fields/Proxy_for_MAiD_Street_Address__c.field-meta.xml
CustomField,Form_1634__c.REF_Q05_Formula__c,maid,reachable only from MAiD,,force-app/main/default/objects/Form_1634__c/fields/REF_Q05_Formula__c.field-meta.xml
CustomField,Form_1634__c.REF_Q10_Formula__c,maid,reachable only from MAiD,,force-app/main/default/objects/Form_1634__c/fields/REF_Q10_Formula__c.field-meta.xml
CustomField,Form_1634__c.REF_Q20A_Formula__c,maid,reachable only from MAiD,,force-app/main/default/objects/Form_1634__c/fields/REF_Q20A_Formula__c.field-meta.xml
CustomField,Form_1634__c.REF_Q20B_Formula__c,maid,reachable only from MAiD,,force-app/main/default/objects/Form_1634__c/fields/REF_Q20B_Formula__c.field-meta.xml
CustomField,Form_1634__c.REF_Q20C_Formula__c,maid,reachable only from MAiD,,force-app/main/default/objects/Form_1634__c/fields/REF_Q20C_Formula__c.field-meta.xml
CustomField,Form_1634__c.REF_Q20D_Formula__c,maid,reachable only from MAiD,,force-app/main/default/objects/Form_1634__c/fields/REF_Q20D_Formula__c.field-meta.xml
CustomField,Form_1634__c.REF_Q21_Formula__c,maid,reachable only from MAiD,,force-app/main/default/objects/Form_1634__c/fields/REF_Q21_Formula__c.field-meta.xml
CustomField,Form_1634__c.REQ_Q05_Formula__c,maid,reachable only from MAiD,,force-app/main/default/objects/Form_1634__c/fields/REQ_Q05_Formula__c.field-meta.xml
CustomField,Form_1634__c.REQ_Q10_Formula__c,maid,reachable only from MAiD,,force-app/main/default/objects/Form_1634__c/fields/REQ_Q10_Formula__c.field-meta.xml
CustomField,Form_1634__c.REQ_S05_Formula__c,maid,reachable only from MAiD,,force-app/main/default/objects/Form_1634__c/fields/REQ_S05_Formula__c.field-meta.xml
CustomField,Form_1634__c.Reasons_for_serious_consideration__c,maid,reachable only from MAiD,,force-app/main/default/objects/Form_1634__c/fields/Reasons_for_serious_consideration__c.field-meta.xml
CustomField,Form_1634__c.Reasons_for_transfer__c,maid,reachable only from MAiD,,force-app/main/default/objects/Form_1634__c/fields/Reasons_for_transfer__c.field-meta.xml
CustomField,Form_1634__c.Received_a_second_assessment_indicating__c,maid,reachable only from MAiD,,force-app/main/default/objects/Form_1634__c/fields/Received_a_second_assessment_indicating__c.field-meta.xml
CustomField,Form_1634__c.Recommend_seeking_advice_on_insurance__c,maid,reachable only from MAiD,,force-app/main/default/objects/Form_1634__c/fields/Recommend_seeking_advice_on_insurance__c.field-meta.xml
CustomField,Form_1634__c.Record_ID1__c,maid,reachable only from MAiD,,force-app/main/default/objects/Form_1634__c/fields/Record_ID1__c.field-meta.xml
CustomField,Form_1634__c.Record_ID__c,maid,reachable only from MAiD,,force-app/main/default/objects/Form_1634__c/fields/Record_ID__c.field-meta.xml
CustomField,Form_1634__c.Request_Province_was_received__c,maid,reachable only from MAiD,,force-app/main/default/objects/Form_1634__c/fields/Request_Province_was_received__c.field-meta.xml
CustomField,Form_1634__c.Request_was_signed_and_dated_after_the_p__c,maid,reachable only from MAiD,,force-app/main/default/objects/Form_1634__c/fields/Request_was_signed_and_dated_after_the_p__c.field-meta.xml
CustomField,Form_1634__c.Right_to_withdraw_their_request__c,maid,reachable only from MAiD,,force-app/main/default/objects/Form_1634__c/fields/Right_to_withdraw_their_request__c.field-meta.xml
CustomField,Form_1634__c.SEX_Q05_Formula__c,maid,reachable only from MAiD,,force-app/main/default/objects/Form_1634__c/fields/SEX_Q05_Formula__c.field-meta.xml
CustomField,Form_1634__c.SLF_Q05_formula__c,maid,reachable only from MAiD,,force-app/main/default/objects/Form_1634__c/fields/SLF_Q05_formula__c.field-meta.xml
CustomField,Form_1634__c.SLF_Q10_Formula__c,maid,reachable only from MAiD,,force-app/main/default/objects/Form_1634__c/fields/SLF_Q10_Formula__c.field-meta.xml
CustomField,Form_1634__c.SLF_Q11__c,maid,reachable only from MAiD,,force-app/main/default/objects/Form_1634__c/fields/SLF_Q11__c.field-meta.xml
CustomField,Form_1634__c.SLF_Q15_Formula__c,maid,reachable only from MAiD,,force-app/main/default/objects/Form_1634__c/fields/SLF_Q15_Formula__c.field-meta.xml
CustomField,Form_1634__c.SLF_Q20_Formula__c,maid,reachable only from MAiD,,force-app/main/default/objects/Form_1634__c/fields/SLF_Q20_Formula__c.field-meta.xml
CustomField,Form_1634__c.SLF_Q25_Formula__c,maid,reachable only from MAiD,,force-app/main/default/objects/Form_1634__c/fields/SLF_Q25_Formula__c.field-meta.xml
CustomField,Form_1634__c.SLF_Q26_NA__c,maid,reachable only from MAiD,,force-app/main/default/objects/Form_1634__c/fields/SLF_Q26_NA__c.field-meta.xml
CustomField,Form_1634__c.SLF_Q30_Formula__c,maid,reachable only from MAiD,,force-app/main/default/objects/Form_1634__c/fields/SLF_Q30_Formula__c.field-meta.xml
CustomField,Form_1634__c.SLF_Q35_Formula__c,maid,reachable only from MAiD,,force-app/main/default/objects/Form_1634__c/fields/SLF_Q35_Formula__c.field-meta.xml
CustomField,Form_1634__c.SLF_Q40_Formula__c,maid,reachable only from MAiD,,force-app/main/default/objects/Form_1634__c/fields/SLF_Q40_Formula__c.field-meta.xml
CustomField,Form_1634__c.SLF_Q41_NA__c,maid,reachable only from MAiD,,force-app/main/default/objects/Form_1634__c/fields/SLF_Q41_NA__c.field-meta.xml
CustomField,Form_1634__c.SLF_S10_Formula__c,maid,reachable only from MAiD,,force-app/main/default/objects/Form_1634__c/fields/SLF_S10_Formula__c.field-meta.xml
CustomField,Form_1634__c.SLF_S11__c,maid,reachable only from MAiD,,force-app/main/default/objects/Form_1634__c/fields/SLF_S11__c.field-meta.xml
CustomField,Form_1634__c.SLF_S30_Formula__c,maid,reachable only from MAiD,,force-app/main/default/objects/Form_1634__c/fields/SLF_S30_Formula__c.field-meta.xml
CustomField,Form_1634__c.SPC_Q05_Formula__c,maid,reachable only from MAiD,,force-app/main/default/objects/Form_1634__c/fields/SPC_Q05_Formula__c.field-meta.xml
CustomField,Form_1634__c.SPC_Q10_Formula_Values__c,maid,reachable only from MAiD,,force-app/main/default/objects/Form_1634__c/fields/SPC_Q10_Formula_Values__c.field-meta.xml
CustomField,Form_1634__c.SPC_Q20_Formula__c,maid,reachable only from MAiD,,force-app/main/default/objects/Form_1634__c/fields/SPC_Q20_Formula__c.field-meta.xml
CustomField,Form_1634__c.SPC_Q25_Formula__c,maid,reachable only from MAiD,,force-app/main/default/objects/Form_1634__c/fields/SPC_Q25_Formula__c.field-meta.xml
CustomField,Form_1634__c.SPC_S10_Formula__c,maid,reachable only from MAiD,,force-app/main/default/objects/Form_1634__c/fields/SPC_S10_Formula__c.field-meta.xml
CustomField,Form_1634__c.SUP_Q05__c,maid,reachable only from MAiD,,force-app/main/default/objects/Form_1634__c/fields/SUP_Q05__c.field-meta.xml
CustomField,Form_1634__c.SUP_Q10_Formula__c,maid,reachable only from MAiD,,force-app/main/default/objects/Form_1634__c/fields/SUP_Q10_Formula__c.field-meta.xml
CustomField,Form_1634__c.SUP_Q10__c,maid,reachable only from MAiD,,force-app/main/default/objects/Form_1634__c/fields/SUP_Q10__c.field-meta.xml
CustomField,Form_1634__c.Second_assessor_was_a_physcian_or_nurse__c,maid,reachable only from MAiD,,force-app/main/default/objects/Form_1634__c/fields/Second_assessor_was_a_physcian_or_nurse__c.field-meta.xml
CustomField,Form_1634__c.Services_offered_or_discussed__c,maid,reachable only from MAiD,,force-app/main/default/objects/Form_1634__c/fields/Services_offered_or_discussed__c.field-meta.xml
CustomField,Form_1634__c.Specify_expert_specialty_if_Other__c,maid,reachable only from MAiD,,force-app/main/default/objects/Form_1634__c/fields/Specify_expert_specialty_if_Other__c.field-meta.xml
CustomField,Form_1634__c.Specify_other_transfer_reason__c,maid,reachable only from MAiD,,force-app/main/default/objects/Form_1634__c/fields/Specify_other_transfer_reason__c.field-meta.xml
CustomField,Form_1634__c.Specify_other_withdrawal_reason__c,maid,reachable only from MAiD,,force-app/main/default/objects/Form_1634__c/fields/Specify_other_withdrawal_reason__c.field-meta.xml
CustomField,Form_1634__c.Supplementary_Information__c,maid,reachable only from MAiD,,force-app/main/default/objects/Form_1634__c/fields/Supplementary_Information__c.field-meta.xml
CustomField,Form_1634__c.The_patient_was_at_risk_of_losing_capaci__c,maid,reachable only from MAiD,,force-app/main/default/objects/Form_1634__c/fields/The_patient_was_at_risk_of_losing_capaci__c.field-meta.xml
CustomField,Form_1634__c.Their_medical_diagnosis_and_prognosis__c,maid,reachable only from MAiD,,force-app/main/default/objects/Form_1634__c/fields/Their_medical_diagnosis_and_prognosis__c.field-meta.xml
CustomField,Form_1634__c.Types_of_palliative_care_received__c,maid,reachable only from MAiD,,force-app/main/default/objects/Form_1634__c/fields/Types_of_palliative_care_received__c.field-meta.xml
CustomField,Form_1634__c.Underlying_reason_s_of_death__c,maid,reachable only from MAiD,,force-app/main/default/objects/Form_1634__c/fields/Underlying_reason_s_of_death__c.field-meta.xml
CustomField,Form_1634__c.Verbal_Consent_Notes__c,maid,reachable only from MAiD,,force-app/main/default/objects/Form_1634__c/fields/Verbal_Consent_Notes__c.field-meta.xml
CustomField,Form_1634__c.WOR_Q05A__c,maid,reachable only from MAiD,,force-app/main/default/objects/Form_1634__c/fields/WOR_Q05A__c.field-meta.xml
CustomField,Form_1634__c.WOR_Q05B__c,maid,reachable only from MAiD,,force-app/main/default/objects/Form_1634__c/fields/WOR_Q05B__c.field-meta.xml
CustomField,Form_1634__c.WOR_Q05C__c,maid,reachable only from MAiD,,force-app/main/default/objects/Form_1634__c/fields/WOR_Q05C__c.field-meta.xml
CustomField,Form_1634__c.WOR_Q05D_Formula__c,maid,reachable only from MAiD,,force-app/main/default/objects/Form_1634__c/fields/WOR_Q05D_Formula__c.field-meta.xml
CustomField,Form_1634__c.WOR_Q05D__c,maid,reachable only from MAiD,,force-app/main/default/objects/Form_1634__c/fields/WOR_Q05D__c.field-meta.xml
CustomField,Form_1634__c.WOR_Q05E__c,maid,reachable only from MAiD,,force-app/main/default/objects/Form_1634__c/fields/WOR_Q05E__c.field-meta.xml
CustomField,Form_1634__c.WOR_Q10_Formula__c,maid,reachable only from MAiD,,force-app/main/default/objects/Form_1634__c/fields/WOR_Q10_Formula__c.field-meta.xml
CustomField,Form_1634__c.Was_a_1635_form_completed__c,maid,reachable only from MAiD,,force-app/main/default/objects/Form_1634__c/fields/Was_a_1635_form_completed__c.field-meta.xml
CustomField,Form_1634__c.Was_patient_transferred_for_MAiD__c,maid,reachable only from MAiD,,force-app/main/default/objects/Form_1634__c/fields/Was_patient_transferred_for_MAiD__c.field-meta.xml
CustomField,Form_1634__c.Was_the_substance_self_administered__c,maid,reachable only from MAiD,,force-app/main/default/objects/Form_1634__c/fields/Was_the_substance_self_administered__c.field-meta.xml
CustomField,Form_1634__c.Who_did_you_receive_the_written_request__c,maid,reachable only from MAiD,,force-app/main/default/objects/Form_1634__c/fields/Who_did_you_receive_the_written_request__c.field-meta.xml
CustomField,Form_1634__c.Withdrawal_means_to_relieve_suffering__c,maid,reachable only from MAiD,,force-app/main/default/objects/Form_1634__c/fields/Withdrawal_means_to_relieve_suffering__c.field-meta.xml
CustomField,Form_1634__c.Written_or_verbal_request_date__c,maid,reachable only from MAiD,,force-app/main/default/objects/Form_1634__c/fields/Written_or_verbal_request_date__c.field-meta.xml
CustomField,Form_1634__c.X1633_Form_entered__c,maid,reachable only from MAiD,,force-app/main/default/objects/Form_1634__c/fields/X1633_Form_entered__c.field-meta.xml
CustomField,Form_1634__c.X1634_Old_form__c,maid,reachable only from MAiD,,force-app/main/default/objects/Form_1634__c/fields/X1634_Old_form__c.field-meta.xml
CustomField,Form_1634__c.X2nd_dose_will_be_adminstered_after_min__c,maid,reachable only from MAiD,,force-app/main/default/objects/Form_1634__c/fields/X2nd_dose_will_be_adminstered_after_min__c.field-meta.xml
CustomField,Form_1634__c.consulted_other_healthcare_professionals__c,maid,reachable only from MAiD,,force-app/main/default/objects/Form_1634__c/fields/consulted_other_healthcare_professionals__c.field-meta.xml
CustomField,Form_1635__c.Assessed_the_patient_and_determined__c,maid,reachable only from MAiD,,force-app/main/default/objects/Form_1635__c/fields/Assessed_the_patient_and_determined__c.field-meta.xml
CustomField,Form_1635__c.Case__c,maid,reachable only from MAiD,,force-app/main/default/objects/Form_1635__c/fields/Case__c.field-meta.xml
CustomField,Form_1635__c.Consultant_Practitioner_Examination_Date__c,maid,reachable only from MAiD,,force-app/main/default/objects/Form_1635__c/fields/Consultant_Practitioner_Examination_Date__c.field-meta.xml
CustomField,Form_1635__c.Consultant_Practitioner__c,maid,reachable only from MAiD,,force-app/main/default/objects/Form_1635__c/fields/Consultant_Practitioner__c.field-meta.xml
CustomField,Form_1635__c.Consultant_Practitioner_s_Signature__c,maid,reachable only from MAiD,,force-app/main/default/objects/Form_1635__c/fields/Consultant_Practitioner_s_Signature__c.field-meta.xml
CustomField,Form_1635__c.Date_Time_Signed__c,maid,reachable only from MAiD,,force-app/main/default/objects/Form_1635__c/fields/Date_Time_Signed__c.field-meta.xml
CustomField,Form_1635__c.If_other_specify__c,maid,reachable only from MAiD,,force-app/main/default/objects/Form_1635__c/fields/If_other_specify__c.field-meta.xml
CustomField,Form_1635__c.Location_of_Assessment__c,maid,reachable only from MAiD,,force-app/main/default/objects/Form_1635__c/fields/Location_of_Assessment__c.field-meta.xml
CustomField,Form_1635__c.PHN__c,maid,reachable only from MAiD,,force-app/main/default/objects/Form_1635__c/fields/PHN__c.field-meta.xml
CustomField,Form_1635__c.Patient_Consent__c,maid,reachable only from MAiD,,force-app/main/default/objects/Form_1635__c/fields/Patient_Consent__c.field-meta.xml
CustomField,Form_1635__c.Patient_Date_of_Birth__c,maid,reachable only from MAiD,,force-app/main/default/objects/Form_1635__c/fields/Patient_Date_of_Birth__c.field-meta.xml
CustomField,Form_1635__c.Patient_Name__c,maid,reachable only from MAiD,,force-app/main/default/objects/Form_1635__c/fields/Patient_Name__c.field-meta.xml
CustomField,Form_1635__c.Professional_Interpreter_First_Name__c,maid,reachable only from MAiD,,force-app/main/default/objects/Form_1635__c/fields/Professional_Interpreter_First_Name__c.field-meta.xml
CustomField,Form_1635__c.Professional_Interpreter_Last_Name__c,maid,reachable only from MAiD,,force-app/main/default/objects/Form_1635__c/fields/Professional_Interpreter_Last_Name__c.field-meta.xml
CustomField,Form_1635__c.Professional_interpreter_Service_Date__c,maid,reachable only from MAiD,,force-app/main/default/objects/Form_1635__c/fields/Professional_interpreter_Service_Date__c.field-meta.xml
CustomField,Form_1635__c.Professional_interpreter_s_ID_Number__c,maid,reachable only from MAiD,,force-app/main/default/objects/Form_1635__c/fields/Professional_interpreter_s_ID_Number__c.field-meta.xml
CustomField,Form_1635__c.Referring_Practitioner__c,maid,reachable only from MAiD,,force-app/main/default/objects/Form_1635__c/fields/Referring_Practitioner__c.field-meta.xml
CustomField,Form_1641__c.Bupivacaine_Quantity__c,maid,reachable only from MAiD,,force-app/main/default/objects/Form_1641__c/fields/Bupivacaine_Quantity__c.field-meta.xml
CustomField,Form_1641__c.Bupivacaine_Strength__c,maid,reachable only from MAiD,,force-app/main/default/objects/Form_1641__c/fields/Bupivacaine_Strength__c.field-meta.xml
CustomField,Form_1641__c.Bupivacaine__c,maid,reachable only from MAiD,,force-app/main/default/objects/Form_1641__c/fields/Bupivacaine__c.field-meta.xml
CustomField,Form_1641__c.Bupivacaine_consistent_with_MAR__c,maid,reachable only from MAiD,,force-app/main/default/objects/Form_1641__c/fields/Bupivacaine_consistent_with_MAR__c.field-meta.xml
CustomField,Form_1641__c.CPBC_Receiving_Pharmacist_License__c,maid,reachable only from MAiD,,force-app/main/default/objects/Form_1641__c/fields/CPBC_Receiving_Pharmacist_License__c.field-meta.xml
CustomField,Form_1641__c.CPSID_BCCNM_Prescriber_License__c,maid,reachable only from MAiD,,force-app/main/default/objects/Form_1641__c/fields/CPSID_BCCNM_Prescriber_License__c.field-meta.xml
CustomField,Form_1641__c.CPSID_BCCNM_Returning_Prescriber_Licen__c,maid,reachable only from MAiD,,force-app/main/default/objects/Form_1641__c/fields/CPSID_BCCNM_Returning_Prescriber_Licen__c.field-meta.xml
CustomField,Form_1641__c.Case__c,maid,reachable only from MAiD,,force-app/main/default/objects/Form_1641__c/fields/Case__c.field-meta.xml
CustomField,Form_1641__c.College_ID__c,maid,reachable only from MAiD,,force-app/main/default/objects/Form_1641__c/fields/College_ID__c.field-meta.xml
CustomField,Form_1641__c.Compound_Suspension_Quantity__c,maid,reachable only from MAiD,,force-app/main/default/objects/Form_1641__c/fields/Compound_Suspension_Quantity__c.field-meta.xml
CustomField,Form_1641__c.Compound_Suspension_consistent_with_MAR__c,maid,reachable only from MAiD,,force-app/main/default/objects/Form_1641__c/fields/Compound_Suspension_consistent_with_MAR__c.field-meta.xml
CustomField,Form_1641__c.Confirmation_of_photo_ID__c,maid,reachable only from MAiD,,force-app/main/default/objects/Form_1641__c/fields/Confirmation_of_photo_ID__c.field-meta.xml
CustomField,Form_1641__c.Dispensed_Date_Time__c,maid,reachable only from MAiD,,force-app/main/default/objects/Form_1641__c/fields/Dispensed_Date_Time__c.field-meta.xml
CustomField,Form_1641__c.Dispensing_Pharmacist__c,maid,reachable only from MAiD,,force-app/main/default/objects/Form_1641__c/fields/Dispensing_Pharmacist__c.field-meta.xml
CustomField,Form_1641__c.Dispensing_Pharmacist_s_Signature__c,maid,reachable only from MAiD,,force-app/main/default/objects/Form_1641__c/fields/Dispensing_Pharmacist_s_Signature__c.field-meta.xml
CustomField,Form_1641__c.FNAME04_formula__c,maid,reachable only from MAiD,,force-app/main/default/objects/Form_1641__c/fields/FNAME04_formula__c.field-meta.xml
CustomField,Form_1641__c.Haloperidol_Quantity__c,maid,reachable only from MAiD,,force-app/main/default/objects/Form_1641__c/fields/Haloperidol_Quantity__c.field-meta.xml
CustomField,Form_1641__c.Haloperidol_Strength__c,maid,reachable only from MAiD,,force-app/main/default/objects/Form_1641__c/fields/Haloperidol_Strength__c.field-meta.xml
CustomField,Form_1641__c.Haloperidol__c,maid,reachable only from MAiD,,force-app/main/default/objects/Form_1641__c/fields/Haloperidol__c.field-meta.xml
CustomField,Form_1641__c.Haloperidol_consistent_with_MAR__c,maid,reachable only from MAiD,,force-app/main/default/objects/Form_1641__c/fields/Haloperidol_consistent_with_MAR__c.field-meta.xml
CustomField,Form_1641__c.If_Other_specify__c,maid,reachable only from MAiD,,force-app/main/default/objects/Form_1641__c/fields/If_Other_specify__c.field-meta.xml
CustomField,Form_1641__c.Instructions_to_complete_MAR__c,maid,reachable only from MAiD,,force-app/main/default/objects/Form_1641__c/fields/Instructions_to_complete_MAR__c.field-meta.xml
CustomField,Form_1641__c.LNAME04_Formula__c,maid,reachable only from MAiD,,force-app/main/default/objects/Form_1641__c/fields/LNAME04_Formula__c.field-meta.xml
CustomField,Form_1641__c.Lidocaine_Quantity__c,maid,reachable only from MAiD,,force-app/main/default/objects/Form_1641__c/fields/Lidocaine_Quantity__c.field-meta.xml
CustomField,Form_1641__c.Lidocaine_Strength__c,maid,reachable only from MAiD,,force-app/main/default/objects/Form_1641__c/fields/Lidocaine_Strength__c.field-meta.xml
CustomField,Form_1641__c.Lidocaine__c,maid,reachable only from MAiD,,force-app/main/default/objects/Form_1641__c/fields/Lidocaine__c.field-meta.xml
CustomField,Form_1641__c.Lidocaine_consistent_with_MAR__c,maid,reachable only from MAiD,,force-app/main/default/objects/Form_1641__c/fields/Lidocaine_consistent_with_MAR__c.field-meta.xml
CustomField,Form_1641__c.Lorazepam_Quantity__c,maid,reachable only from MAiD,,force-app/main/default/objects/Form_1641__c/fields/Lorazepam_Quantity__c.field-meta.xml
CustomField,Form_1641__c.Lorazepam_Strength__c,maid,reachable only from MAiD,,force-app/main/default/objects/Form_1641__c/fields/Lorazepam_Strength__c.field-meta.xml
CustomField,Form_1641__c.Lorazepam__c,maid,reachable only from MAiD,,force-app/main/default/objects/Form_1641__c/fields/Lorazepam__c.field-meta.xml
CustomField,Form_1641__c.Lorazepam_consistent_with_MAR__c,maid,reachable only from MAiD,,force-app/main/default/objects/Form_1641__c/fields/Lorazepam_consistent_with_MAR__c.field-meta.xml
CustomField,Form_1641__c.Metoclopramide_Quantity__c,maid,reachable only from MAiD,,force-app/main/default/objects/Form_1641__c/fields/Metoclopramide_Quantity__c.field-meta.xml
CustomField,Form_1641__c.Metoclopramide_Strength__c,maid,reachable only from MAiD,,force-app/main/default/objects/Form_1641__c/fields/Metoclopramide_Strength__c.field-meta.xml
CustomField,Form_1641__c.Metoclopramide__c,maid,reachable only from MAiD,,force-app/main/default/objects/Form_1641__c/fields/Metoclopramide__c.field-meta.xml
CustomField,Form_1641__c.Metoclopramide_consistent_with_MAR__c,maid,reachable only from MAiD,,force-app/main/default/objects/Form_1641__c/fields/Metoclopramide_consistent_with_MAR__c.field-meta.xml
CustomField,Form_1641__c.Midazolam_Quantity__c,maid,reachable only from MAiD,,force-app/main/default/objects/Form_1641__c/fields/Midazolam_Quantity__c.field-meta.xml
CustomField,Form_1641__c.Midazolam_Strength__c,maid,reachable only from MAiD,,force-app/main/default/objects/Form_1641__c/fields/Midazolam_Strength__c.field-meta.xml
CustomField,Form_1641__c.Midazolam__c,maid,reachable only from MAiD,,force-app/main/default/objects/Form_1641__c/fields/Midazolam__c.field-meta.xml
CustomField,Form_1641__c.Midazolam_consistent_with_MAR__c,maid,reachable only from MAiD,,force-app/main/default/objects/Form_1641__c/fields/Midazolam_consistent_with_MAR__c.field-meta.xml
CustomField,Form_1641__c.Ondansetron_Quantity__c,maid,reachable only from MAiD,,force-app/main/default/objects/Form_1641__c/fields/Ondansetron_Quantity__c.field-meta.xml
CustomField,Form_1641__c.Ondansetron_Strength__c,maid,reachable only from MAiD,,force-app/main/default/objects/Form_1641__c/fields/Ondansetron_Strength__c.field-meta.xml
CustomField,Form_1641__c.Ondansetron__c,maid,reachable only from MAiD,,force-app/main/default/objects/Form_1641__c/fields/Ondansetron__c.field-meta.xml
CustomField,Form_1641__c.Ondansetron_consistent_with_MAR__c,maid,reachable only from MAiD,,force-app/main/default/objects/Form_1641__c/fields/Ondansetron_consistent_with_MAR__c.field-meta.xml
CustomField,Form_1641__c.Oral_Suspension_Quantity__c,maid,reachable only from MAiD,,force-app/main/default/objects/Form_1641__c/fields/Oral_Suspension_Quantity__c.field-meta.xml
CustomField,Form_1641__c.Oral_Suspension_consistent_with_MAR__c,maid,reachable only from MAiD,,force-app/main/default/objects/Form_1641__c/fields/Oral_Suspension_consistent_with_MAR__c.field-meta.xml
CustomField,Form_1641__c.Other_Medication_specify__c,maid,reachable only from MAiD,,force-app/main/default/objects/Form_1641__c/fields/Other_Medication_specify__c.field-meta.xml
CustomField,Form_1641__c.PHA_Q05_Formula__c,maid,reachable only from MAiD,,force-app/main/default/objects/Form_1641__c/fields/PHA_Q05_Formula__c.field-meta.xml
CustomField,Form_1641__c.PHA_Q10_Formula__c,maid,reachable only from MAiD,,force-app/main/default/objects/Form_1641__c/fields/PHA_Q10_Formula__c.field-meta.xml
CustomField,Form_1641__c.PHA_Q11_NA__c,maid,reachable only from MAiD,,force-app/main/default/objects/Form_1641__c/fields/PHA_Q11_NA__c.field-meta.xml
CustomField,Form_1641__c.PHA_Q15_Formula__c,maid,reachable only from MAiD,,force-app/main/default/objects/Form_1641__c/fields/PHA_Q15_Formula__c.field-meta.xml
CustomField,Form_1641__c.PHA_Q16__c,maid,reachable only from MAiD,,force-app/main/default/objects/Form_1641__c/fields/PHA_Q16__c.field-meta.xml
CustomField,Form_1641__c.PHA_Q20_Formula__c,maid,reachable only from MAiD,,force-app/main/default/objects/Form_1641__c/fields/PHA_Q20_Formula__c.field-meta.xml
CustomField,Form_1641__c.PHA_Q25_Formula__c,maid,reachable only from MAiD,,force-app/main/default/objects/Form_1641__c/fields/PHA_Q25_Formula__c.field-meta.xml
CustomField,Form_1641__c.PHA_Q35_Formula__c,maid,reachable only from MAiD,,force-app/main/default/objects/Form_1641__c/fields/PHA_Q35_Formula__c.field-meta.xml
CustomField,Form_1641__c.PHA_Q40_Formula__c,maid,reachable only from MAiD,,force-app/main/default/objects/Form_1641__c/fields/PHA_Q40_Formula__c.field-meta.xml
CustomField,Form_1641__c.PHA_Q45_formula__c,maid,reachable only from MAiD,,force-app/main/default/objects/Form_1641__c/fields/PHA_Q45_formula__c.field-meta.xml
CustomField,Form_1641__c.PHA_S45_Formula__c,maid,reachable only from MAiD,,force-app/main/default/objects/Form_1641__c/fields/PHA_S45_Formula__c.field-meta.xml
CustomField,Form_1641__c.PHN__c,maid,reachable only from MAiD,,force-app/main/default/objects/Form_1641__c/fields/PHN__c.field-meta.xml
CustomField,Form_1641__c.Patient_Date_of_Birth__c,maid,reachable only from MAiD,,force-app/main/default/objects/Form_1641__c/fields/Patient_Date_of_Birth__c.field-meta.xml
CustomField,Form_1641__c.Patient_Name__c,maid,reachable only from MAiD,,force-app/main/default/objects/Form_1641__c/fields/Patient_Name__c.field-meta.xml
CustomField,Form_1641__c.Pharmacist_Returned_Date_Time__c,maid,reachable only from MAiD,,force-app/main/default/objects/Form_1641__c/fields/Pharmacist_Returned_Date_Time__c.field-meta.xml
CustomField,Form_1641__c.Phenobarbital_Oral_Suspension__c,maid,reachable only from MAiD,,force-app/main/default/objects/Form_1641__c/fields/Phenobarbital_Oral_Suspension__c.field-meta.xml
CustomField,Form_1641__c.Phenobarbital_Soduim_Quantity__c,maid,reachable only from MAiD,,force-app/main/default/objects/Form_1641__c/fields/Phenobarbital_Soduim_Quantity__c.field-meta.xml
CustomField,Form_1641__c.Phenobarbital_Soduim_Strength__c,maid,reachable only from MAiD,,force-app/main/default/objects/Form_1641__c/fields/Phenobarbital_Soduim_Strength__c.field-meta.xml
CustomField,Form_1641__c.Phenobarbital_Soduim__c,maid,reachable only from MAiD,,force-app/main/default/objects/Form_1641__c/fields/Phenobarbital_Soduim__c.field-meta.xml
CustomField,Form_1641__c.Phenobarbital_Soduim_consistent_with_MAR__c,maid,reachable only from MAiD,,force-app/main/default/objects/Form_1641__c/fields/Phenobarbital_Soduim_consistent_with_MAR__c.field-meta.xml
CustomField,Form_1641__c.Planned_Release_Date_Time__c,maid,reachable only from MAiD,,force-app/main/default/objects/Form_1641__c/fields/Planned_Release_Date_Time__c.field-meta.xml
CustomField,Form_1641__c.Planned_Returned_Date_Time__c,maid,reachable only from MAiD,,force-app/main/default/objects/Form_1641__c/fields/Planned_Returned_Date_Time__c.field-meta.xml
CustomField,Form_1641__c.Practitioner_did_not_return_medication__c,maid,reachable only from MAiD,,force-app/main/default/objects/Form_1641__c/fields/Practitioner_did_not_return_medication__c.field-meta.xml
CustomField,Form_1641__c.Prescriber_Returned__c,maid,reachable only from MAiD,,force-app/main/default/objects/Form_1641__c/fields/Prescriber_Returned__c.field-meta.xml
CustomField,Form_1641__c.Prescriber_s_Signature__c,maid,reachable only from MAiD,,force-app/main/default/objects/Form_1641__c/fields/Prescriber_s_Signature__c.field-meta.xml
CustomField,Form_1641__c.Procedures_for_unused_medication__c,maid,reachable only from MAiD,,force-app/main/default/objects/Form_1641__c/fields/Procedures_for_unused_medication__c.field-meta.xml
CustomField,Form_1641__c.Propofol_Quantity__c,maid,reachable only from MAiD,,force-app/main/default/objects/Form_1641__c/fields/Propofol_Quantity__c.field-meta.xml
CustomField,Form_1641__c.Propofol_Strength__c,maid,reachable only from MAiD,,force-app/main/default/objects/Form_1641__c/fields/Propofol_Strength__c.field-meta.xml
CustomField,Form_1641__c.Propofol__c,maid,reachable only from MAiD,,force-app/main/default/objects/Form_1641__c/fields/Propofol__c.field-meta.xml
CustomField,Form_1641__c.Propofol_consistent_with_MAR__c,maid,reachable only from MAiD,,force-app/main/default/objects/Form_1641__c/fields/Propofol_consistent_with_MAR__c.field-meta.xml
CustomField,Form_1641__c.Received_Date_Time__c,maid,reachable only from MAiD,,force-app/main/default/objects/Form_1641__c/fields/Received_Date_Time__c.field-meta.xml
CustomField,Form_1641__c.Receiving_Pharmacist__c,maid,reachable only from MAiD,,force-app/main/default/objects/Form_1641__c/fields/Receiving_Pharmacist__c.field-meta.xml
CustomField,Form_1641__c.Receiving_Pharmacist_s_Signature__c,maid,reachable only from MAiD,,force-app/main/default/objects/Form_1641__c/fields/Receiving_Pharmacist_s_Signature__c.field-meta.xml
CustomField,Form_1641__c.Receiving_Prescriber_Name__c,maid,reachable only from MAiD,,force-app/main/default/objects/Form_1641__c/fields/Receiving_Prescriber_Name__c.field-meta.xml
CustomField,Form_1641__c.Returning_Prescriber_Name__c,maid,reachable only from MAiD,,force-app/main/default/objects/Form_1641__c/fields/Returning_Prescriber_Name__c.field-meta.xml
CustomField,Form_1641__c.Returning_Prescriber_s_Signature__c,maid,reachable only from MAiD,,force-app/main/default/objects/Form_1641__c/fields/Returning_Prescriber_s_Signature__c.field-meta.xml
CustomField,Form_1641__c.Rocuronium_Bromide_Quantity__c,maid,reachable only from MAiD,,force-app/main/default/objects/Form_1641__c/fields/Rocuronium_Bromide_Quantity__c.field-meta.xml
CustomField,Form_1641__c.Rocuronium_Bromide_Strength__c,maid,reachable only from MAiD,,force-app/main/default/objects/Form_1641__c/fields/Rocuronium_Bromide_Strength__c.field-meta.xml
CustomField,Form_1641__c.Rocuronium_Bromide__c,maid,reachable only from MAiD,,force-app/main/default/objects/Form_1641__c/fields/Rocuronium_Bromide__c.field-meta.xml
CustomField,Form_1641__c.Rocuronium_Bromide_consistent_with_MAR__c,maid,reachable only from MAiD,,force-app/main/default/objects/Form_1641__c/fields/Rocuronium_Bromide_consistent_with_MAR__c.field-meta.xml
CustomField,Form_1641__c.SUP_Q05_Formula__c,maid,reachable only from MAiD,,force-app/main/default/objects/Form_1641__c/fields/SUP_Q05_Formula__c.field-meta.xml
CustomField,Form_1641__c.SUP_Q10_NA__c,maid,reachable only from MAiD,,force-app/main/default/objects/Form_1641__c/fields/SUP_Q10_NA__c.field-meta.xml
CustomField,Form_1641__c.Sealed_IV_Back_Up_Kit__c,maid,reachable only from MAiD,,force-app/main/default/objects/Form_1641__c/fields/Sealed_IV_Back_Up_Kit__c.field-meta.xml
CustomField,Form_1641__c.Sealed_IV_Back_Up_Kit_consistent_with_MA__c,maid,reachable only from MAiD,,force-app/main/default/objects/Form_1641__c/fields/Sealed_IV_Back_Up_Kit_consistent_with_MA__c.field-meta.xml
CustomField,Form_1641__c.Sealed_Oral_Kit__c,maid,reachable only from MAiD,,force-app/main/default/objects/Form_1641__c/fields/Sealed_Oral_Kit__c.field-meta.xml
CustomField,Form_1641__c.Sealed_Oral_Kit_consistent_with_MAR__c,maid,reachable only from MAiD,,force-app/main/default/objects/Form_1641__c/fields/Sealed_Oral_Kit_consistent_with_MAR__c.field-meta.xml
CustomField,Form_1641__c.Secobarbital_compound_suspension__c,maid,reachable only from MAiD,,force-app/main/default/objects/Form_1641__c/fields/Secobarbital_compound_suspension__c.field-meta.xml
CustomField,Form_1641__c.Sodium_Chloride_Quantity__c,maid,reachable only from MAiD,,force-app/main/default/objects/Form_1641__c/fields/Sodium_Chloride_Quantity__c.field-meta.xml
CustomField,Form_1641__c.Sodium_Chloride_Strength__c,maid,reachable only from MAiD,,force-app/main/default/objects/Form_1641__c/fields/Sodium_Chloride_Strength__c.field-meta.xml
CustomField,Form_1641__c.Sodium_Chloride__c,maid,reachable only from MAiD,,force-app/main/default/objects/Form_1641__c/fields/Sodium_Chloride__c.field-meta.xml
CustomField,Form_1641__c.Sodium_Chloride_consistent_with_MAR__c,maid,reachable only from MAiD,,force-app/main/default/objects/Form_1641__c/fields/Sodium_Chloride_consistent_with_MAR__c.field-meta.xml
CustomField,Form_1641__c.Supplementary_Information__c,maid,reachable only from MAiD,,force-app/main/default/objects/Form_1641__c/fields/Supplementary_Information__c.field-meta.xml
CustomField,Form_1641__c.Where_was_the_substance_dispensed__c,maid,reachable only from MAiD,,force-app/main/default/objects/Form_1641__c/fields/Where_was_the_substance_dispensed__c.field-meta.xml
CustomField,Form_1642__c.Case__c,maid,reachable only from MAiD,,force-app/main/default/objects/Form_1642__c/fields/Case__c.field-meta.xml
CustomField,Form_1642__c.Contrary_to_your_conscience_or_beliefs__c,maid,reachable only from MAiD,,force-app/main/default/objects/Form_1642__c/fields/Contrary_to_your_conscience_or_beliefs__c.field-meta.xml
CustomField,Form_1642__c.DOB_Q05_42__c,maid,reachable only from MAiD,,force-app/main/default/objects/Form_1642__c/fields/DOB_Q05_42__c.field-meta.xml
CustomField,Form_1642__c.Date_Practitioner_Signed_Form__c,maid,reachable only from MAiD,,force-app/main/default/objects/Form_1642__c/fields/Date_Practitioner_Signed_Form__c.field-meta.xml
CustomField,Form_1642__c.Date_Written_Request_Received__c,maid,reachable only from MAiD,,force-app/main/default/objects/Form_1642__c/fields/Date_Written_Request_Received__c.field-meta.xml
CustomField,Form_1642__c.Date_of_transfer_of_request_or_care__c,maid,reachable only from MAiD,,force-app/main/default/objects/Form_1642__c/fields/Date_of_transfer_of_request_or_care__c.field-meta.xml
CustomField,Form_1642__c.Did_complete_an_eligibility_assessment__c,maid,reachable only from MAiD,,force-app/main/default/objects/Form_1642__c/fields/Did_complete_an_eligibility_assessment__c.field-meta.xml
CustomField,Form_1642__c.Due_to_patient_s_request__c,maid,reachable only from MAiD,,force-app/main/default/objects/Form_1642__c/fields/Due_to_patient_s_request__c.field-meta.xml
CustomField,Form_1642__c.Due_to_policies_on_MAID_of_a_facility__c,maid,reachable only from MAiD,,force-app/main/default/objects/Form_1642__c/fields/Due_to_policies_on_MAID_of_a_facility__c.field-meta.xml
CustomField,Form_1642__c.ELG_Q60_42__c,maid,reachable only from MAiD,,force-app/main/default/objects/Form_1642__c/fields/ELG_Q60_42__c.field-meta.xml
CustomField,Form_1642__c.Facility_not_permit_MAiD_assessment__c,maid,reachable only from MAiD,,force-app/main/default/objects/Form_1642__c/fields/Facility_not_permit_MAiD_assessment__c.field-meta.xml
CustomField,Form_1642__c.Facility_will_not_permit_MAiD_provision__c,maid,reachable only from MAiD,,force-app/main/default/objects/Form_1642__c/fields/Facility_will_not_permit_MAiD_provision__c.field-meta.xml
CustomField,Form_1642__c.From_whom_you_receive_written_request__c,maid,reachable only from MAiD,,force-app/main/default/objects/Form_1642__c/fields/From_whom_you_receive_written_request__c.field-meta.xml
CustomField,Form_1642__c.HIN_Q010_42_Formula__c,maid,reachable only from MAiD,,force-app/main/default/objects/Form_1642__c/fields/HIN_Q010_42_Formula__c.field-meta.xml
CustomField,Form_1642__c.HIN_Q05_42_Formula__c,maid,reachable only from MAiD,,force-app/main/default/objects/Form_1642__c/fields/HIN_Q05_42_Formula__c.field-meta.xml
CustomField,Form_1642__c.HIN_Q06_42__c,maid,reachable only from MAiD,,force-app/main/default/objects/Form_1642__c/fields/HIN_Q06_42__c.field-meta.xml
CustomField,Form_1642__c.HIN_Q15_42_Formula__c,maid,reachable only from MAiD,,force-app/main/default/objects/Form_1642__c/fields/HIN_Q15_42_Formula__c.field-meta.xml
CustomField,Form_1642__c.If_Other_specify__c,maid,reachable only from MAiD,,force-app/main/default/objects/Form_1642__c/fields/If_Other_specify__c.field-meta.xml
CustomField,Form_1642__c.If_other_third_party_specify__c,maid,reachable only from MAiD,,force-app/main/default/objects/Form_1642__c/fields/If_other_third_party_specify__c.field-meta.xml
CustomField,Form_1642__c.If_patient_directly_other_specify__c,maid,reachable only from MAiD,,force-app/main/default/objects/Form_1642__c/fields/If_patient_directly_other_specify__c.field-meta.xml
CustomField,Form_1642__c.If_yes_specify__c,maid,reachable only from MAiD,,force-app/main/default/objects/Form_1642__c/fields/If_yes_specify__c.field-meta.xml
CustomField,Form_1642__c.If_yes_was_the_patient_eligible_1__c,maid,reachable only from MAiD,,force-app/main/default/objects/Form_1642__c/fields/If_yes_was_the_patient_eligible_1__c.field-meta.xml
CustomField,Form_1642__c.Lack_relevant_expertise_to_assess_MAiD__c,maid,reachable only from MAiD,,force-app/main/default/objects/Form_1642__c/fields/Lack_relevant_expertise_to_assess_MAiD__c.field-meta.xml
CustomField,Form_1642__c.Lack_relevant_expertise_to_provide_MAiD__c,maid,reachable only from MAiD,,force-app/main/default/objects/Form_1642__c/fields/Lack_relevant_expertise_to_provide_MAiD__c.field-meta.xml
CustomField,Form_1642__c.MDR1_Q02_42_Formula__c,maid,reachable only from MAiD,,force-app/main/default/objects/Form_1642__c/fields/MDR1_Q02_42_Formula__c.field-meta.xml
CustomField,Form_1642__c.None_of_the_above__c,maid,reachable only from MAiD,,force-app/main/default/objects/Form_1642__c/fields/None_of_the_above__c.field-meta.xml
CustomField,Form_1642__c.PHN__c,maid,reachable only from MAiD,,force-app/main/default/objects/Form_1642__c/fields/PHN__c.field-meta.xml
CustomField,Form_1642__c.Patient_Date_of_Birth__c,maid,reachable only from MAiD,,force-app/main/default/objects/Form_1642__c/fields/Patient_Date_of_Birth__c.field-meta.xml
CustomField,Form_1642__c.Patient_Name__c,maid,reachable only from MAiD,,force-app/main/default/objects/Form_1642__c/fields/Patient_Name__c.field-meta.xml
CustomField,Form_1642__c.Practitioner__c,maid,reachable only from MAiD,,force-app/main/default/objects/Form_1642__c/fields/Practitioner__c.field-meta.xml
CustomField,Form_1642__c.Prior_patient_consultation_1__c,maid,reachable only from MAiD,,force-app/main/default/objects/Form_1642__c/fields/Prior_patient_consultation_1__c.field-meta.xml
CustomField,Form_1642__c.REF_Q05_42_Formula__c,maid,reachable only from MAiD,,force-app/main/default/objects/Form_1642__c/fields/REF_Q05_42_Formula__c.field-meta.xml
CustomField,Form_1642__c.REF_Q10_Value__c,maid,reachable only from MAiD,,force-app/main/default/objects/Form_1642__c/fields/REF_Q10_Value__c.field-meta.xml
CustomField,Form_1642__c.REF_Q15_42_Formula__c,maid,reachable only from MAiD,,force-app/main/default/objects/Form_1642__c/fields/REF_Q15_42_Formula__c.field-meta.xml
CustomField,Form_1642__c.REF_Q20A_42_Formula__c,maid,reachable only from MAiD,,force-app/main/default/objects/Form_1642__c/fields/REF_Q20A_42_Formula__c.field-meta.xml
CustomField,Form_1642__c.REF_Q20B_42_Formula__c,maid,reachable only from MAiD,,force-app/main/default/objects/Form_1642__c/fields/REF_Q20B_42_Formula__c.field-meta.xml
CustomField,Form_1642__c.REF_Q20C_42_Formula__c,maid,reachable only from MAiD,,force-app/main/default/objects/Form_1642__c/fields/REF_Q20C_42_Formula__c.field-meta.xml
CustomField,Form_1642__c.REF_Q20D_42_Formula__c,maid,reachable only from MAiD,,force-app/main/default/objects/Form_1642__c/fields/REF_Q20D_42_Formula__c.field-meta.xml
CustomField,Form_1642__c.REF_Q21_42__c,maid,reachable only from MAiD,,force-app/main/default/objects/Form_1642__c/fields/REF_Q21_42__c.field-meta.xml
CustomField,Form_1642__c.REQ_Q05_42_Formula__c,maid,reachable only from MAiD,,force-app/main/default/objects/Form_1642__c/fields/REQ_Q05_42_Formula__c.field-meta.xml
CustomField,Form_1642__c.REQ_Q10_42_Formula__c,maid,reachable only from MAiD,,force-app/main/default/objects/Form_1642__c/fields/REQ_Q10_42_Formula__c.field-meta.xml
CustomField,Form_1642__c.SEX_Q05_42_Formula__c,maid,reachable only from MAiD,,force-app/main/default/objects/Form_1642__c/fields/SEX_Q05_42_Formula__c.field-meta.xml
CustomField,Form_1642__c.SPC_Q05_42_Formula__c,maid,reachable only from MAiD,,force-app/main/default/objects/Form_1642__c/fields/SPC_Q05_42_Formula__c.field-meta.xml
CustomField,Form_1642__c.SPC_Q10_42_Formula__c,maid,reachable only from MAiD,,force-app/main/default/objects/Form_1642__c/fields/SPC_Q10_42_Formula__c.field-meta.xml
CustomField,Form_1642__c.SPC_Q20_42_Formula__c,maid,reachable only from MAiD,,force-app/main/default/objects/Form_1642__c/fields/SPC_Q20_42_Formula__c.field-meta.xml
CustomField,Form_1642__c.SPC_Q25_42_Formula__c,maid,reachable only from MAiD,,force-app/main/default/objects/Form_1642__c/fields/SPC_Q25_42_Formula__c.field-meta.xml
CustomField,Form_1642__c.SPC_S10_42_Formula__c,maid,reachable only from MAiD,,force-app/main/default/objects/Form_1642__c/fields/SPC_S10_42_Formula__c.field-meta.xml
CustomField,Form_1642__c.SUP_Q05_42__c,maid,reachable only from MAiD,,force-app/main/default/objects/Form_1642__c/fields/SUP_Q05_42__c.field-meta.xml
CustomField,Form_1642__c.SUP_Q10_42__c,maid,reachable only from MAiD,,force-app/main/default/objects/Form_1642__c/fields/SUP_Q10_42__c.field-meta.xml
CustomField,Form_1642__c.Signature_of_Practitioner__c,maid,reachable only from MAiD,,force-app/main/default/objects/Form_1642__c/fields/Signature_of_Practitioner__c.field-meta.xml
CustomField,Form_1642__c.Transferred_the_request_to__c,maid,reachable only from MAiD,,force-app/main/default/objects/Form_1642__c/fields/Transferred_the_request_to__c.field-meta.xml
CustomField,Form_1645__c.Agreed_date_of_MAiD__c,maid,reachable only from MAiD,,force-app/main/default/objects/Form_1645__c/fields/Agreed_date_of_MAiD__c.field-meta.xml
CustomField,Form_1645__c.Case__c,maid,reachable only from MAiD,,force-app/main/default/objects/Form_1645__c/fields/Case__c.field-meta.xml
CustomField,Form_1645__c.Final_waiver_of_consent_date_signed__c,maid,reachable only from MAiD,,force-app/main/default/objects/Form_1645__c/fields/Final_waiver_of_consent_date_signed__c.field-meta.xml
CustomField,Form_1645__c.PHN__c,maid,reachable only from MAiD,,force-app/main/default/objects/Form_1645__c/fields/PHN__c.field-meta.xml
CustomField,Form_1645__c.Patient_Date_of_Birth__c,maid,reachable only from MAiD,,force-app/main/default/objects/Form_1645__c/fields/Patient_Date_of_Birth__c.field-meta.xml
CustomField,Form_1645__c.Patient_Name__c,maid,reachable only from MAiD,,force-app/main/default/objects/Form_1645__c/fields/Patient_Name__c.field-meta.xml
CustomField,Form_1645__c.Patient_Safeguards_Completed__c,maid,reachable only from MAiD,,force-app/main/default/objects/Form_1645__c/fields/Patient_Safeguards_Completed__c.field-meta.xml
CustomField,Form_1645__c.Patient_Signed_and_Dated__c,maid,reachable only from MAiD,,force-app/main/default/objects/Form_1645__c/fields/Patient_Signed_and_Dated__c.field-meta.xml
CustomField,Form_1645__c.Practitioner_Safeguards_Completed__c,maid,reachable only from MAiD,,force-app/main/default/objects/Form_1645__c/fields/Practitioner_Safeguards_Completed__c.field-meta.xml
CustomField,Form_1645__c.Practitioner_Signed_and_Dated__c,maid,reachable only from MAiD,,force-app/main/default/objects/Form_1645__c/fields/Practitioner_Signed_and_Dated__c.field-meta.xml
CustomField,Form_1645__c.Practitioner__c,maid,reachable only from MAiD,,force-app/main/default/objects/Form_1645__c/fields/Practitioner__c.field-meta.xml
CustomField,Form_1645__c.Proxy_Completed_Safeguards__c,maid,reachable only from MAiD,,force-app/main/default/objects/Form_1645__c/fields/Proxy_Completed_Safeguards__c.field-meta.xml
CustomField,Form_1645__c.Proxy_Signed_and_Dated__c,maid,reachable only from MAiD,,force-app/main/default/objects/Form_1645__c/fields/Proxy_Signed_and_Dated__c.field-meta.xml
CustomField,Form_1645__c.Verbal_Consent__c,maid,reachable only from MAiD,,force-app/main/default/objects/Form_1645__c/fields/Verbal_Consent__c.field-meta.xml
CustomField,Form_RXMAR__c.Administered_Date__c,maid,reachable only from MAiD,,force-app/main/default/objects/Form_RXMAR__c/fields/Administered_Date__c.field-meta.xml
CustomField,Form_RXMAR__c.Administering_Initials_present__c,maid,reachable only from MAiD,,force-app/main/default/objects/Form_RXMAR__c/fields/Administering_Initials_present__c.field-meta.xml
CustomField,Form_RXMAR__c.Administering_Prescriber_College_ID__c,maid,reachable only from MAiD,,force-app/main/default/objects/Form_RXMAR__c/fields/Administering_Prescriber_College_ID__c.field-meta.xml
CustomField,Form_RXMAR__c.Administering_Prescriber_Full_Name__c,maid,reachable only from MAiD,,force-app/main/default/objects/Form_RXMAR__c/fields/Administering_Prescriber_Full_Name__c.field-meta.xml
CustomField,Form_RXMAR__c.Administering_Signature_present__c,maid,reachable only from MAiD,,force-app/main/default/objects/Form_RXMAR__c/fields/Administering_Signature_present__c.field-meta.xml
CustomField,Form_RXMAR__c.Alcohol_99_VV_ordered__c,maid,reachable only from MAiD,,force-app/main/default/objects/Form_RXMAR__c/fields/Alcohol_99_VV_ordered__c.field-meta.xml
CustomField,Form_RXMAR__c.Anaesthetic_lidocaine__c,maid,reachable only from MAiD,,force-app/main/default/objects/Form_RXMAR__c/fields/Anaesthetic_lidocaine__c.field-meta.xml
CustomField,Form_RXMAR__c.Anti_emetic_haloperidol_Dose_2__c,maid,reachable only from MAiD,,force-app/main/default/objects/Form_RXMAR__c/fields/Anti_emetic_haloperidol_Dose_2__c.field-meta.xml
CustomField,Form_RXMAR__c.Anti_emetic_haloperidol__c,maid,reachable only from MAiD,,force-app/main/default/objects/Form_RXMAR__c/fields/Anti_emetic_haloperidol__c.field-meta.xml
CustomField,Form_RXMAR__c.Anti_emetic_metoclopramide__c,maid,reachable only from MAiD,,force-app/main/default/objects/Form_RXMAR__c/fields/Anti_emetic_metoclopramide__c.field-meta.xml
CustomField,Form_RXMAR__c.Anti_emetic_ondansetron__c,maid,reachable only from MAiD,,force-app/main/default/objects/Form_RXMAR__c/fields/Anti_emetic_ondansetron__c.field-meta.xml
CustomField,Form_RXMAR__c.Anxiolytic_LORazepam_Dose_2__c,maid,reachable only from MAiD,,force-app/main/default/objects/Form_RXMAR__c/fields/Anxiolytic_LORazepam_Dose_2__c.field-meta.xml
CustomField,Form_RXMAR__c.Anxiolytic_LORazepam_ordered__c,maid,reachable only from MAiD,,force-app/main/default/objects/Form_RXMAR__c/fields/Anxiolytic_LORazepam_ordered__c.field-meta.xml
CustomField,Form_RXMAR__c.Anxyolitic_LORazepam_Dose_1__c,maid,reachable only from MAiD,,force-app/main/default/objects/Form_RXMAR__c/fields/Anxyolitic_LORazepam_Dose_1__c.field-meta.xml
CustomField,Form_RXMAR__c.Anxyolitic_midazolam_Dose_1__c,maid,reachable only from MAiD,,force-app/main/default/objects/Form_RXMAR__c/fields/Anxyolitic_midazolam_Dose_1__c.field-meta.xml
CustomField,Form_RXMAR__c.Anxyolitic_midazolam_Dose_2__c,maid,reachable only from MAiD,,force-app/main/default/objects/Form_RXMAR__c/fields/Anxyolitic_midazolam_Dose_2__c.field-meta.xml
CustomField,Form_RXMAR__c.Bupivacaine_Sodium_Chloride_flush__c,maid,reachable only from MAiD,,force-app/main/default/objects/Form_RXMAR__c/fields/Bupivacaine_Sodium_Chloride_flush__c.field-meta.xml
CustomField,Form_RXMAR__c.Bupivacaine_ordered__c,maid,reachable only from MAiD,,force-app/main/default/objects/Form_RXMAR__c/fields/Bupivacaine_ordered__c.field-meta.xml
CustomField,Form_RXMAR__c.Case__c,maid,reachable only from MAiD,,force-app/main/default/objects/Form_RXMAR__c/fields/Case__c.field-meta.xml
CustomField,Form_RXMAR__c.Chloral_hydrate_powder_ordered__c,maid,reachable only from MAiD,,force-app/main/default/objects/Form_RXMAR__c/fields/Chloral_hydrate_powder_ordered__c.field-meta.xml
CustomField,Form_RXMAR__c.Choice_between_ORA_or_DW_ordered__c,maid,reachable only from MAiD,,force-app/main/default/objects/Form_RXMAR__c/fields/Choice_between_ORA_or_DW_ordered__c.field-meta.xml
CustomField,Form_RXMAR__c.College_ID__c,maid,reachable only from MAiD,,force-app/main/default/objects/Form_RXMAR__c/fields/College_ID__c.field-meta.xml
CustomField,Form_RXMAR__c.Coma_inducing_agent_Option_A__c,maid,reachable only from MAiD,,force-app/main/default/objects/Form_RXMAR__c/fields/Coma_inducing_agent_Option_A__c.field-meta.xml
CustomField,Form_RXMAR__c.Coma_inducing_agent_Option_B__c,maid,reachable only from MAiD,,force-app/main/default/objects/Form_RXMAR__c/fields/Coma_inducing_agent_Option_B__c.field-meta.xml
CustomField,Form_RXMAR__c.Date_filled_and_signed_oral_protocol__c,maid,reachable only from MAiD,,force-app/main/default/objects/Form_RXMAR__c/fields/Date_filled_and_signed_oral_protocol__c.field-meta.xml
CustomField,Form_RXMAR__c.Date_when_filled_and_signed_IV_Protocol__c,maid,reachable only from MAiD,,force-app/main/default/objects/Form_RXMAR__c/fields/Date_when_filled_and_signed_IV_Protocol__c.field-meta.xml
CustomField,Form_RXMAR__c.Describe_Dose_1_of_anxiolytic_LORazepam__c,maid,reachable only from MAiD,,force-app/main/default/objects/Form_RXMAR__c/fields/Describe_Dose_1_of_anxiolytic_LORazepam__c.field-meta.xml
CustomField,Form_RXMAR__c.Describe_Dose_1_of_anxiolytic_midazolam__c,maid,reachable only from MAiD,,force-app/main/default/objects/Form_RXMAR__c/fields/Describe_Dose_1_of_anxiolytic_midazolam__c.field-meta.xml
CustomField,Form_RXMAR__c.Describe_Dose_2_of_anxiolytic_LORazepam__c,maid,reachable only from MAiD,,force-app/main/default/objects/Form_RXMAR__c/fields/Describe_Dose_2_of_anxiolytic_LORazepam__c.field-meta.xml
CustomField,Form_RXMAR__c.Describe_Dose_2_of_anxiolytic_midazolam__c,maid,reachable only from MAiD,,force-app/main/default/objects/Form_RXMAR__c/fields/Describe_Dose_2_of_anxiolytic_midazolam__c.field-meta.xml
CustomField,Form_RXMAR__c.Describe_Dose_2_of_haloperidol__c,maid,reachable only from MAiD,,force-app/main/default/objects/Form_RXMAR__c/fields/Describe_Dose_2_of_haloperidol__c.field-meta.xml
CustomField,Form_RXMAR__c.Describe_Dose_2_of_phenobarbital__c,maid,reachable only from MAiD,,force-app/main/default/objects/Form_RXMAR__c/fields/Describe_Dose_2_of_phenobarbital__c.field-meta.xml
CustomField,Form_RXMAR__c.Describe_Dose_2_of_proPOFol__c,maid,reachable only from MAiD,,force-app/main/default/objects/Form_RXMAR__c/fields/Describe_Dose_2_of_proPOFol__c.field-meta.xml
CustomField,Form_RXMAR__c.Describe_Dose_of_Bupivacaine__c,maid,reachable only from MAiD,,force-app/main/default/objects/Form_RXMAR__c/fields/Describe_Dose_of_Bupivacaine__c.field-meta.xml
CustomField,Form_RXMAR__c.Describe_Dose_of_anaesthetic_lidocaine__c,maid,reachable only from MAiD,,force-app/main/default/objects/Form_RXMAR__c/fields/Describe_Dose_of_anaesthetic_lidocaine__c.field-meta.xml
CustomField,Form_RXMAR__c.Describe_Dose_of_anti_emetic_haloperidol__c,maid,reachable only from MAiD,,force-app/main/default/objects/Form_RXMAR__c/fields/Describe_Dose_of_anti_emetic_haloperidol__c.field-meta.xml
CustomField,Form_RXMAR__c.Describe_Dose_of_anti_emetic_ondansetron__c,maid,reachable only from MAiD,,force-app/main/default/objects/Form_RXMAR__c/fields/Describe_Dose_of_anti_emetic_ondansetron__c.field-meta.xml
CustomField,Form_RXMAR__c.Describe_Dose_of_metoclopramide__c,maid,reachable only from MAiD,,force-app/main/default/objects/Form_RXMAR__c/fields/Describe_Dose_of_metoclopramide__c.field-meta.xml
CustomField,Form_RXMAR__c.Describe_Dose_of_phenobarbital__c,maid,reachable only from MAiD,,force-app/main/default/objects/Form_RXMAR__c/fields/Describe_Dose_of_phenobarbital__c.field-meta.xml
CustomField,Form_RXMAR__c.Describe_Dose_of_proPOFol__c,maid,reachable only from MAiD,,force-app/main/default/objects/Form_RXMAR__c/fields/Describe_Dose_of_proPOFol__c.field-meta.xml
CustomField,Form_RXMAR__c.Describe_Dose_of_rocuronium__c,maid,reachable only from MAiD,,force-app/main/default/objects/Form_RXMAR__c/fields/Describe_Dose_of_rocuronium__c.field-meta.xml
CustomField,Form_RXMAR__c.Distilled_Water_for_feeding_tube_ordered__c,maid,reachable only from MAiD,,force-app/main/default/objects/Form_RXMAR__c/fields/Distilled_Water_for_feeding_tube_ordered__c.field-meta.xml
CustomField,Form_RXMAR__c.Distilled_water_ordered__c,maid,reachable only from MAiD,,force-app/main/default/objects/Form_RXMAR__c/fields/Distilled_water_ordered__c.field-meta.xml
CustomField,Form_RXMAR__c.Dose_2_of_Coma_inducing_agent_proPOFol__c,maid,reachable only from MAiD,,force-app/main/default/objects/Form_RXMAR__c/fields/Dose_2_of_Coma_inducing_agent_proPOFol__c.field-meta.xml
CustomField,Form_RXMAR__c.Dose_2_of_phenobarbital__c,maid,reachable only from MAiD,,force-app/main/default/objects/Form_RXMAR__c/fields/Dose_2_of_phenobarbital__c.field-meta.xml
CustomField,Form_RXMAR__c.Dose_of_Bupivacaine__c,maid,reachable only from MAiD,,force-app/main/default/objects/Form_RXMAR__c/fields/Dose_of_Bupivacaine__c.field-meta.xml
CustomField,Form_RXMAR__c.Dose_of_Coma_inducing_agent_proPOFol__c,maid,reachable only from MAiD,,force-app/main/default/objects/Form_RXMAR__c/fields/Dose_of_Coma_inducing_agent_proPOFol__c.field-meta.xml
CustomField,Form_RXMAR__c.Dose_of_phenobarbital__c,maid,reachable only from MAiD,,force-app/main/default/objects/Form_RXMAR__c/fields/Dose_of_phenobarbital__c.field-meta.xml
CustomField,Form_RXMAR__c.Flavour_of_choice_ordered__c,maid,reachable only from MAiD,,force-app/main/default/objects/Form_RXMAR__c/fields/Flavour_of_choice_ordered__c.field-meta.xml
CustomField,Form_RXMAR__c.Haloperidol_ordered__c,maid,reachable only from MAiD,,force-app/main/default/objects/Form_RXMAR__c/fields/Haloperidol_ordered__c.field-meta.xml
CustomField,Form_RXMAR__c.IV_Drug_Regiment__c,maid,reachable only from MAiD,,force-app/main/default/objects/Form_RXMAR__c/fields/IV_Drug_Regiment__c.field-meta.xml
CustomField,Form_RXMAR__c.IV_Line_Flush_Solution_sodium_chloride__c,maid,reachable only from MAiD,,force-app/main/default/objects/Form_RXMAR__c/fields/IV_Line_Flush_Solution_sodium_chloride__c.field-meta.xml
CustomField,Form_RXMAR__c.Initials_present_on_administered_drugs__c,maid,reachable only from MAiD,,force-app/main/default/objects/Form_RXMAR__c/fields/Initials_present_on_administered_drugs__c.field-meta.xml
CustomField,Form_RXMAR__c.Lidocaine_being_ordered__c,maid,reachable only from MAiD,,force-app/main/default/objects/Form_RXMAR__c/fields/Lidocaine_being_ordered__c.field-meta.xml
CustomField,Form_RXMAR__c.Lidocaine_sodium_chloride_flush__c,maid,reachable only from MAiD,,force-app/main/default/objects/Form_RXMAR__c/fields/Lidocaine_sodium_chloride_flush__c.field-meta.xml
CustomField,Form_RXMAR__c.Medical_Information__c,maid,reachable only from MAiD,,force-app/main/default/objects/Form_RXMAR__c/fields/Medical_Information__c.field-meta.xml
CustomField,Form_RXMAR__c.Metoclopramide_ordered__c,maid,reachable only from MAiD,,force-app/main/default/objects/Form_RXMAR__c/fields/Metoclopramide_ordered__c.field-meta.xml
CustomField,Form_RXMAR__c.Midazolam_being_ordered__c,maid,reachable only from MAiD,,force-app/main/default/objects/Form_RXMAR__c/fields/Midazolam_being_ordered__c.field-meta.xml
CustomField,Form_RXMAR__c.Morphine_sulphate_ordered__c,maid,reachable only from MAiD,,force-app/main/default/objects/Form_RXMAR__c/fields/Morphine_sulphate_ordered__c.field-meta.xml
CustomField,Form_RXMAR__c.Neuromuscular_blocker_rocuronium__c,maid,reachable only from MAiD,,force-app/main/default/objects/Form_RXMAR__c/fields/Neuromuscular_blocker_rocuronium__c.field-meta.xml
CustomField,Form_RXMAR__c.ORA_PlusORA_Sweet_5050_ordered__c,maid,reachable only from MAiD,,force-app/main/default/objects/Form_RXMAR__c/fields/ORA_PlusORA_Sweet_5050_ordered__c.field-meta.xml
CustomField,Form_RXMAR__c.Ondansetron_ordered__c,maid,reachable only from MAiD,,force-app/main/default/objects/Form_RXMAR__c/fields/Ondansetron_ordered__c.field-meta.xml
CustomField,Form_RXMAR__c.PHN__c,maid,reachable only from MAiD,,force-app/main/default/objects/Form_RXMAR__c/fields/PHN__c.field-meta.xml
CustomField,Form_RXMAR__c.Patient_Date_of_Birth__c,maid,reachable only from MAiD,,force-app/main/default/objects/Form_RXMAR__c/fields/Patient_Date_of_Birth__c.field-meta.xml
CustomField,Form_RXMAR__c.Patient_Name__c,maid,reachable only from MAiD,,force-app/main/default/objects/Form_RXMAR__c/fields/Patient_Name__c.field-meta.xml
CustomField,Form_RXMAR__c.Patient_information_is_complete__c,maid,reachable only from MAiD,,force-app/main/default/objects/Form_RXMAR__c/fields/Patient_information_is_complete__c.field-meta.xml
CustomField,Form_RXMAR__c.Pharmacist_Initials_Present__c,maid,reachable only from MAiD,,force-app/main/default/objects/Form_RXMAR__c/fields/Pharmacist_Initials_Present__c.field-meta.xml
CustomField,Form_RXMAR__c.Pharmacists_safeguards_initialed__c,maid,reachable only from MAiD,,force-app/main/default/objects/Form_RXMAR__c/fields/Pharmacists_safeguards_initialed__c.field-meta.xml
CustomField,Form_RXMAR__c.Phenobarbital_ordered__c,maid,reachable only from MAiD,,force-app/main/default/objects/Form_RXMAR__c/fields/Phenobarbital_ordered__c.field-meta.xml
CustomField,Form_RXMAR__c.Phenobarbital_powder_ordered__c,maid,reachable only from MAiD,,force-app/main/default/objects/Form_RXMAR__c/fields/Phenobarbital_powder_ordered__c.field-meta.xml
CustomField,Form_RXMAR__c.Phenobarbital_sodium_chloride__c,maid,reachable only from MAiD,,force-app/main/default/objects/Form_RXMAR__c/fields/Phenobarbital_sodium_chloride__c.field-meta.xml
CustomField,Form_RXMAR__c.Prescribing_Practitioner__c,maid,reachable only from MAiD,,force-app/main/default/objects/Form_RXMAR__c/fields/Prescribing_Practitioner__c.field-meta.xml
CustomField,Form_RXMAR__c.Propylene_glycol_ordered__c,maid,reachable only from MAiD,,force-app/main/default/objects/Form_RXMAR__c/fields/Propylene_glycol_ordered__c.field-meta.xml
CustomField,Form_RXMAR__c.Rocuronium_ordered__c,maid,reachable only from MAiD,,force-app/main/default/objects/Form_RXMAR__c/fields/Rocuronium_ordered__c.field-meta.xml
CustomField,Form_RXMAR__c.Rocuronium_sodium_chloride__c,maid,reachable only from MAiD,,force-app/main/default/objects/Form_RXMAR__c/fields/Rocuronium_sodium_chloride__c.field-meta.xml
CustomField,Form_RXMAR__c.Saccharin_sodium_ordered__c,maid,reachable only from MAiD,,force-app/main/default/objects/Form_RXMAR__c/fields/Saccharin_sodium_ordered__c.field-meta.xml
CustomField,Form_RXMAR__c.Safeguards_signed_by_prescriber__c,maid,reachable only from MAiD,,force-app/main/default/objects/Form_RXMAR__c/fields/Safeguards_signed_by_prescriber__c.field-meta.xml
CustomField,Form_RXMAR__c.Secobarbital_sodium_ordered__c,maid,reachable only from MAiD,,force-app/main/default/objects/Form_RXMAR__c/fields/Secobarbital_sodium_ordered__c.field-meta.xml
CustomField,Form_RXMAR__c.Second_Practitioners_Name__c,maid,reachable only from MAiD,,force-app/main/default/objects/Form_RXMAR__c/fields/Second_Practitioners_Name__c.field-meta.xml
CustomField,Form_RXMAR__c.Signature_present_for_medications__c,maid,reachable only from MAiD,,force-app/main/default/objects/Form_RXMAR__c/fields/Signature_present_for_medications__c.field-meta.xml
CustomField,Form_RXMAR__c.Signature_present_on_above_medications__c,maid,reachable only from MAiD,,force-app/main/default/objects/Form_RXMAR__c/fields/Signature_present_on_above_medications__c.field-meta.xml
CustomField,Form_RXMAR__c.Sodium_chloride__c,maid,reachable only from MAiD,,force-app/main/default/objects/Form_RXMAR__c/fields/Sodium_chloride__c.field-meta.xml
CustomField,Form_RXMAR__c.Syrup_simplex_ordered__c,maid,reachable only from MAiD,,force-app/main/default/objects/Form_RXMAR__c/fields/Syrup_simplex_ordered__c.field-meta.xml
CustomField,Form_RXMAR__c.Time_for_Coma_inducing_agent_Option_B__c,maid,reachable only from MAiD,,force-app/main/default/objects/Form_RXMAR__c/fields/Time_for_Coma_inducing_agent_Option_B__c.field-meta.xml
CustomField,Form_RXMAR__c.Time_for_Dose_1_of_anxiolytic_LORazepam__c,maid,reachable only from MAiD,,force-app/main/default/objects/Form_RXMAR__c/fields/Time_for_Dose_1_of_anxiolytic_LORazepam__c.field-meta.xml
CustomField,Form_RXMAR__c.Time_for_Dose_1_of_anxiolytic_midazolam__c,maid,reachable only from MAiD,,force-app/main/default/objects/Form_RXMAR__c/fields/Time_for_Dose_1_of_anxiolytic_midazolam__c.field-meta.xml
CustomField,Form_RXMAR__c.Time_for_Dose_2_of_anxiolytic_LORazepam__c,maid,reachable only from MAiD,,force-app/main/default/objects/Form_RXMAR__c/fields/Time_for_Dose_2_of_anxiolytic_LORazepam__c.field-meta.xml
CustomField,Form_RXMAR__c.Time_for_Dose_2_of_anxiolytic_midazolam__c,maid,reachable only from MAiD,,force-app/main/default/objects/Form_RXMAR__c/fields/Time_for_Dose_2_of_anxiolytic_midazolam__c.field-meta.xml
CustomField,Form_RXMAR__c.Time_for_Dose_2_of_haloperidol__c,maid,reachable only from MAiD,,force-app/main/default/objects/Form_RXMAR__c/fields/Time_for_Dose_2_of_haloperidol__c.field-meta.xml
CustomField,Form_RXMAR__c.Time_for_Dose_2_of_phenobarbital__c,maid,reachable only from MAiD,,force-app/main/default/objects/Form_RXMAR__c/fields/Time_for_Dose_2_of_phenobarbital__c.field-meta.xml
CustomField,Form_RXMAR__c.Time_for_Dose_2_of_proPOFol__c,maid,reachable only from MAiD,,force-app/main/default/objects/Form_RXMAR__c/fields/Time_for_Dose_2_of_proPOFol__c.field-meta.xml
CustomField,Form_RXMAR__c.Time_for_Dose_of_Bupivacaine__c,maid,reachable only from MAiD,,force-app/main/default/objects/Form_RXMAR__c/fields/Time_for_Dose_of_Bupivacaine__c.field-meta.xml
CustomField,Form_RXMAR__c.Time_for_Dose_of_Option_A__c,maid,reachable only from MAiD,,force-app/main/default/objects/Form_RXMAR__c/fields/Time_for_Dose_of_Option_A__c.field-meta.xml
CustomField,Form_RXMAR__c.Time_for_Dose_of_anaesthetic_lidocaine__c,maid,reachable only from MAiD,,force-app/main/default/objects/Form_RXMAR__c/fields/Time_for_Dose_of_anaesthetic_lidocaine__c.field-meta.xml
CustomField,Form_RXMAR__c.Time_for_Dose_of_anti_emetic_haloperidol__c,maid,reachable only from MAiD,,force-app/main/default/objects/Form_RXMAR__c/fields/Time_for_Dose_of_anti_emetic_haloperidol__c.field-meta.xml
CustomField,Form_RXMAR__c.Time_for_Dose_of_anti_emetic_ondansetron__c,maid,reachable only from MAiD,,force-app/main/default/objects/Form_RXMAR__c/fields/Time_for_Dose_of_anti_emetic_ondansetron__c.field-meta.xml
CustomField,Form_RXMAR__c.Time_for_Dose_of_metoclopramide__c,maid,reachable only from MAiD,,force-app/main/default/objects/Form_RXMAR__c/fields/Time_for_Dose_of_metoclopramide__c.field-meta.xml
CustomField,Form_RXMAR__c.Time_for_Dose_of_phenobarbital__c,maid,reachable only from MAiD,,force-app/main/default/objects/Form_RXMAR__c/fields/Time_for_Dose_of_phenobarbital__c.field-meta.xml
CustomField,Form_RXMAR__c.Time_for_Dose_of_proPOFol__c,maid,reachable only from MAiD,,force-app/main/default/objects/Form_RXMAR__c/fields/Time_for_Dose_of_proPOFol__c.field-meta.xml
CustomField,Form_RXMAR__c.Time_for_Dose_of_rocuronium__c,maid,reachable only from MAiD,,force-app/main/default/objects/Form_RXMAR__c/fields/Time_for_Dose_of_rocuronium__c.field-meta.xml
CustomField,Form_RXMAR__c.proDOfol_ordered__c,maid,reachable only from MAiD,,force-app/main/default/objects/Form_RXMAR__c/fields/proDOfol_ordered__c.field-meta.xml
CustomField,Form_RXMAR__c.proPOFol_sodium_chloride__c,maid,reachable only from MAiD,,force-app/main/default/objects/Form_RXMAR__c/fields/proPOFol_sodium_chloride__c.field-meta.xml
CustomField,ICY_Document__c.Case__c,icy,reachable only from ICY,,force-app/main/default/objects/ICY_Document__c/fields/Case__c.field-meta.xml
CustomField,ICY_Document__c.Category__c,icy,reachable only from ICY,,force-app/main/default/objects/ICY_Document__c/fields/Category__c.field-meta.xml
CustomField,ICY_Document__c.Description__c,icy,reachable only from ICY,,force-app/main/default/objects/ICY_Document__c/fields/Description__c.field-meta.xml
CustomField,ICY_Document__c.Document_Key_Words__c,icy,reachable only from ICY,,force-app/main/default/objects/ICY_Document__c/fields/Document_Key_Words__c.field-meta.xml
CustomField,ICY_Document__c.Document_Type__c,icy,reachable only from ICY,,force-app/main/default/objects/ICY_Document__c/fields/Document_Type__c.field-meta.xml
CustomField,ICY_Document__c.Intake__c,icy,reachable only from ICY,,force-app/main/default/objects/ICY_Document__c/fields/Intake__c.field-meta.xml
CustomField,ICY_Document__c.Other_Document_Type__c,icy,reachable only from ICY,,force-app/main/default/objects/ICY_Document__c/fields/Other_Document_Type__c.field-meta.xml
CustomField,ICY_Document__c.Referral__c,icy,reachable only from ICY,,force-app/main/default/objects/ICY_Document__c/fields/Referral__c.field-meta.xml
CustomField,ICY_Document__c.Sub_Category__c,icy,reachable only from ICY,,force-app/main/default/objects/ICY_Document__c/fields/Sub_Category__c.field-meta.xml
CustomField,ICY_Notes__c.Attendees__c,icy,reachable only from ICY,,force-app/main/default/objects/ICY_Notes__c/fields/Attendees__c.field-meta.xml
CustomField,ICY_Notes__c.Case__c,icy,reachable only from ICY,,force-app/main/default/objects/ICY_Notes__c/fields/Case__c.field-meta.xml
CustomField,ICY_Notes__c.Description__c,icy,reachable only from ICY,,force-app/main/default/objects/ICY_Notes__c/fields/Description__c.field-meta.xml
CustomField,ICY_Notes__c.ICY_Meeting_Date__c,icy,reachable only from ICY,,force-app/main/default/objects/ICY_Notes__c/fields/ICY_Meeting_Date__c.field-meta.xml
CustomField,ICY_Notes__c.Intake__c,icy,reachable only from ICY,,force-app/main/default/objects/ICY_Notes__c/fields/Intake__c.field-meta.xml
CustomField,ICY_Notes__c.Length_of_Meeting__c,icy,reachable only from ICY,,force-app/main/default/objects/ICY_Notes__c/fields/Length_of_Meeting__c.field-meta.xml
CustomField,ICY_Notes__c.Mode_Location__c,icy,reachable only from ICY,,force-app/main/default/objects/ICY_Notes__c/fields/Mode_Location__c.field-meta.xml
CustomField,ICY_Notes__c.Note_Source__c,icy,reachable only from ICY,,force-app/main/default/objects/ICY_Notes__c/fields/Note_Source__c.field-meta.xml
CustomField,ICY_Notes__c.Notes_Type__c,icy,reachable only from ICY,,force-app/main/default/objects/ICY_Notes__c/fields/Notes_Type__c.field-meta.xml
CustomField,ICY_Notes__c.Other_Mode_Location__c,icy,reachable only from ICY,,force-app/main/default/objects/ICY_Notes__c/fields/Other_Mode_Location__c.field-meta.xml
CustomField,ICY_Notes__c.Other_Team_Member__c,icy,reachable only from ICY,,force-app/main/default/objects/ICY_Notes__c/fields/Other_Team_Member__c.field-meta.xml
CustomField,ICY_Notes__c.Other__c,icy,reachable only from ICY,,force-app/main/default/objects/ICY_Notes__c/fields/Other__c.field-meta.xml
CustomField,ICY_Notes__c.Referral_Subject__c,icy,reachable only from ICY,,force-app/main/default/objects/ICY_Notes__c/fields/Referral_Subject__c.field-meta.xml
CustomField,ICY_Notes__c.Referral__c,icy,reachable only from ICY,,force-app/main/default/objects/ICY_Notes__c/fields/Referral__c.field-meta.xml
CustomField,ICY_Notes__c.Team_Member__c,icy,reachable only from ICY,,force-app/main/default/objects/ICY_Notes__c/fields/Team_Member__c.field-meta.xml
CustomField,ICY_Outage_Message_Settings__c.Outage_Message__c,icy,reachable only from ICY,,force-app/main/default/objects/ICY_Outage_Message_Settings__c/fields/Outage_Message__c.field-meta.xml
CustomField,ICY_Outage_Message_Settings__c.Outage__c,icy,reachable only from ICY,,force-app/main/default/objects/ICY_Outage_Message_Settings__c/fields/Outage__c.field-meta.xml
CustomField,ICY_SSO_Settings__c.DIsplay_Name__c,icy,reachable only from ICY,,force-app/main/default/objects/ICY_SSO_Settings__c/fields/DIsplay_Name__c.field-meta.xml
CustomField,ICY_SSO_Settings__c.Email_Address__c,icy,reachable only from ICY,,force-app/main/default/objects/ICY_SSO_Settings__c/fields/Email_Address__c.field-meta.xml
CustomField,ICY_SSO_Settings__c.Federation_Identifier_Attribute_Name__c,icy,reachable only from ICY,,force-app/main/default/objects/ICY_SSO_Settings__c/fields/Federation_Identifier_Attribute_Name__c.field-meta.xml
CustomField,ICY_SSO_Settings__c.Login_Location__c,icy,reachable only from ICY,,force-app/main/default/objects/ICY_SSO_Settings__c/fields/Login_Location__c.field-meta.xml
CustomField,ICY_SSO_Settings__c.Portal_Redirect_Location__c,icy,reachable only from ICY,,force-app/main/default/objects/ICY_SSO_Settings__c/fields/Portal_Redirect_Location__c.field-meta.xml
CustomField,ICY_SSO_Settings__c.Standard_Redirect_Location__c,icy,reachable only from ICY,,force-app/main/default/objects/ICY_SSO_Settings__c/fields/Standard_Redirect_Location__c.field-meta.xml
CustomField,ICY_SSO_Settings__c.User_Name__c,icy,reachable only from ICY,,force-app/main/default/objects/ICY_SSO_Settings__c/fields/User_Name__c.field-meta.xml
CustomField,IDP_User_Registration_Permission_Set__mdt.Assignment_Type__c,icy,reachable only from ICY,,force-app/main/default/objects/IDP_User_Registration_Permission_Set__mdt/fields/Assignment_Type__c.field-meta.xml
CustomField,IDP_User_Registration_Permission_Set__mdt.External_Provider_User_Mapping__c,icy,reachable only from ICY,,force-app/main/default/objects/IDP_User_Registration_Permission_Set__mdt/fields/External_Provider_User_Mapping__c.field-meta.xml
CustomField,IDP_User_Registration_Permission_Set__mdt.Salesforce_Permission_Set_Group__c,icy,reachable only from ICY,,force-app/main/default/objects/IDP_User_Registration_Permission_Set__mdt/fields/Salesforce_Permission_Set_Group__c.field-meta.xml
CustomField,IDP_User_Registration_Permission_Set__mdt.Salesforce_Permission_Set__c,icy,reachable only from ICY,,force-app/main/default/objects/IDP_User_Registration_Permission_Set__mdt/fields/Salesforce_Permission_Set__c.field-meta.xml
CustomField,IDP_User_Registration_User_Mapping__mdt.Assurance_Level__c,icy,reachable only from ICY,,force-app/main/default/objects/IDP_User_Registration_User_Mapping__mdt/fields/Assurance_Level__c.field-meta.xml
CustomField,IDP_User_Registration_User_Mapping__mdt.External_Provider_Role__c,icy,reachable only from ICY,,force-app/main/default/objects/IDP_User_Registration_User_Mapping__mdt/fields/External_Provider_Role__c.field-meta.xml
CustomField,IDP_User_Registration_User_Mapping__mdt.Identity_Provider__c,icy,reachable only from ICY,,force-app/main/default/objects/IDP_User_Registration_User_Mapping__mdt/fields/Identity_Provider__c.field-meta.xml
CustomField,IDP_User_Registration_User_Mapping__mdt.MFA_Flag__c,icy,reachable only from ICY,,force-app/main/default/objects/IDP_User_Registration_User_Mapping__mdt/fields/MFA_Flag__c.field-meta.xml
CustomField,IDP_User_Registration_User_Mapping__mdt.Salesforce_User_License__c,icy,reachable only from ICY,,force-app/main/default/objects/IDP_User_Registration_User_Mapping__mdt/fields/Salesforce_User_License__c.field-meta.xml
CustomField,IDP_User_Registration_User_Mapping__mdt.Salesforce_User_Profile__c,icy,reachable only from ICY,,force-app/main/default/objects/IDP_User_Registration_User_Mapping__mdt/fields/Salesforce_User_Profile__c.field-meta.xml
CustomField,IDP_User_Registration_User_Mapping__mdt.Salesforce_User_Role__c,icy,reachable only from ICY,,force-app/main/default/objects/IDP_User_Registration_User_Mapping__mdt/fields/Salesforce_User_Role__c.field-meta.xml
CustomField,IDP_User_Registration_User_Mapping__mdt.Sequence__c,icy,reachable only from ICY,,force-app/main/default/objects/IDP_User_Registration_User_Mapping__mdt/fields/Sequence__c.field-meta.xml
CustomField,Intake__c.Case__c,icy,reachable only from ICY,,force-app/main/default/objects/Intake__c/fields/Case__c.field-meta.xml
CustomField,Intake__c.Catchment__c,icy,unreferenced; follows owning object,,force-app/main/default/objects/Intake__c/fields/Catchment__c.field-meta.xml
CustomField,Intake__c.Closed_Reason__c,icy,reachable only from ICY,,force-app/main/default/objects/Intake__c/fields/Closed_Reason__c.field-meta.xml
CustomField,Intake__c.Complete_Date__c,icy,reachable only from ICY,,force-app/main/default/objects/Intake__c/fields/Complete_Date__c.field-meta.xml
CustomField,Intake__c.Consent_to_Evaluation__c,icy,reachable only from ICY,,force-app/main/default/objects/Intake__c/fields/Consent_to_Evaluation__c.field-meta.xml
CustomField,Intake__c.Date_of_Interview__c,icy,reachable only from ICY,,force-app/main/default/objects/Intake__c/fields/Date_of_Interview__c.field-meta.xml
CustomField,Intake__c.Days_From_NotStarted_to_InProgress__c,icy,reachable only from ICY,,force-app/main/default/objects/Intake__c/fields/Days_From_NotStarted_to_InProgress__c.field-meta.xml
CustomField,Intake__c.Days_Not_Started_to_ClosedDate__c,icy,reachable only from ICY,,force-app/main/default/objects/Intake__c/fields/Days_Not_Started_to_ClosedDate__c.field-meta.xml
CustomField,Intake__c.Days_Not_Started_to_Complete__c,icy,reachable only from ICY,,force-app/main/default/objects/Intake__c/fields/Days_Not_Started_to_Complete__c.field-meta.xml
CustomField,Intake__c.Days_from_InProgress_to_Closed__c,icy,reachable only from ICY,,force-app/main/default/objects/Intake__c/fields/Days_from_InProgress_to_Closed__c.field-meta.xml
CustomField,Intake__c.Days_from_InProgress_to_Complete__c,icy,reachable only from ICY,,force-app/main/default/objects/Intake__c/fields/Days_from_InProgress_to_Complete__c.field-meta.xml
CustomField,Intake__c.Eligibility_Coordinator_User_Id__c,icy,unreferenced; follows owning object,,force-app/main/default/objects/Intake__c/fields/Eligibility_Coordinator_User_Id__c.field-meta.xml
CustomField,Intake__c.Follow_Up_Date__c,icy,reachable only from ICY,,force-app/main/default/objects/Intake__c/fields/Follow_Up_Date__c.field-meta.xml
CustomField,Intake__c.ICY_Assigned_To_Name__c,icy,unreferenced; follows owning object,,force-app/main/default/objects/Intake__c/fields/ICY_Assigned_To_Name__c.field-meta.xml
CustomField,Intake__c.ICY_Assigned_To__c,icy,reachable only from ICY,,force-app/main/default/objects/Intake__c/fields/ICY_Assigned_To__c.field-meta.xml
CustomField,Intake__c.ICY_Closed_By__c,icy,reachable only from ICY,,force-app/main/default/objects/Intake__c/fields/ICY_Closed_By__c.field-meta.xml
CustomField,Intake__c.ICY_Consent_Provided__c,icy,reachable only from ICY,,force-app/main/default/objects/Intake__c/fields/ICY_Consent_Provided__c.field-meta.xml
CustomField,Intake__c.ICY_Geographical_Region_Text__c,icy,reachable only from ICY,,force-app/main/default/objects/Intake__c/fields/ICY_Geographical_Region_Text__c.field-meta.xml
CustomField,Intake__c.ICY_Geographical_Region__c,icy,reachable only from ICY,,force-app/main/default/objects/Intake__c/fields/ICY_Geographical_Region__c.field-meta.xml
CustomField,Intake__c.ICY_Intake_Close_Date__c,icy,reachable only from ICY,,force-app/main/default/objects/Intake__c/fields/ICY_Intake_Close_Date__c.field-meta.xml
CustomField,Intake__c.ICY_Is_My_Intake__c,icy,reachable only from ICY,,force-app/main/default/objects/Intake__c/fields/ICY_Is_My_Intake__c.field-meta.xml
CustomField,Intake__c.ICY_REF_Indi_DOB__c,icy,reachable only from ICY,,force-app/main/default/objects/Intake__c/fields/ICY_REF_Indi_DOB__c.field-meta.xml
CustomField,Intake__c.ICY_REF_Indi_First_Name__c,icy,reachable only from ICY,,force-app/main/default/objects/Intake__c/fields/ICY_REF_Indi_First_Name__c.field-meta.xml
CustomField,Intake__c.ICY_REF_Indi_Last_Name__c,icy,reachable only from ICY,,force-app/main/default/objects/Intake__c/fields/ICY_REF_Indi_Last_Name__c.field-meta.xml
CustomField,Intake__c.ICY_REF_Indi_Preferred_Name__c,icy,reachable only from ICY,,force-app/main/default/objects/Intake__c/fields/ICY_REF_Indi_Preferred_Name__c.field-meta.xml
CustomField,Intake__c.ICY_REF_Personal_Health_Number__c,icy,reachable only from ICY,,force-app/main/default/objects/Intake__c/fields/ICY_REF_Personal_Health_Number__c.field-meta.xml
CustomField,Intake__c.ICY_Rationale__c,icy,reachable only from ICY,,force-app/main/default/objects/Intake__c/fields/ICY_Rationale__c.field-meta.xml
CustomField,Intake__c.ICY_Reopened_Date__c,icy,reachable only from ICY,,force-app/main/default/objects/Intake__c/fields/ICY_Reopened_Date__c.field-meta.xml
CustomField,Intake__c.ICY_Searchable_DOB__c,icy,reachable only from ICY,,force-app/main/default/objects/Intake__c/fields/ICY_Searchable_DOB__c.field-meta.xml
CustomField,Intake__c.ICY_Verbal_Consent__c,icy,reachable only from ICY,,force-app/main/default/objects/Intake__c/fields/ICY_Verbal_Consent__c.field-meta.xml
CustomField,Intake__c.ICY_Who_Is_Doing__c,icy,reachable only from ICY,,force-app/main/default/objects/Intake__c/fields/ICY_Who_Is_Doing__c.field-meta.xml
CustomField,Intake__c.In_Progress_Date__c,icy,reachable only from ICY,,force-app/main/default/objects/Intake__c/fields/In_Progress_Date__c.field-meta.xml
CustomField,Intake__c.Individual_Date_of_Birth__c,icy,reachable only from ICY,,force-app/main/default/objects/Intake__c/fields/Individual_Date_of_Birth__c.field-meta.xml
CustomField,Intake__c.Individual_First_Name__c,icy,reachable only from ICY,,force-app/main/default/objects/Intake__c/fields/Individual_First_Name__c.field-meta.xml
CustomField,Intake__c.Individual_Gender__c,icy,reachable only from ICY,,force-app/main/default/objects/Intake__c/fields/Individual_Gender__c.field-meta.xml
CustomField,Intake__c.Individual_Last_Name__c,icy,reachable only from ICY,,force-app/main/default/objects/Intake__c/fields/Individual_Last_Name__c.field-meta.xml
CustomField,Intake__c.Individual_Name__c,icy,reachable only from ICY,,force-app/main/default/objects/Intake__c/fields/Individual_Name__c.field-meta.xml
CustomField,Intake__c.Individual_Preferred_Name__c,icy,reachable only from ICY,,force-app/main/default/objects/Intake__c/fields/Individual_Preferred_Name__c.field-meta.xml
CustomField,Intake__c.Individual_Referred__c,icy,reachable only from ICY,,force-app/main/default/objects/Intake__c/fields/Individual_Referred__c.field-meta.xml
CustomField,Intake__c.Is_Case_Created__c,icy,reachable only from ICY,,force-app/main/default/objects/Intake__c/fields/Is_Case_Created__c.field-meta.xml
CustomField,Intake__c.Is_Intake_Complete__c,icy,reachable only from ICY,,force-app/main/default/objects/Intake__c/fields/Is_Intake_Complete__c.field-meta.xml
CustomField,Intake__c.Legal_Status__c,icy,unreferenced; follows owning object,,force-app/main/default/objects/Intake__c/fields/Legal_Status__c.field-meta.xml
CustomField,Intake__c.Location__c,icy,unreferenced; follows owning object,,force-app/main/default/objects/Intake__c/fields/Location__c.field-meta.xml
CustomField,Intake__c.Most_Common_Need__c,icy,reachable only from ICY,,force-app/main/default/objects/Intake__c/fields/Most_Common_Need__c.field-meta.xml
CustomField,Intake__c.Name_of_Person_Interviewed__c,icy,reachable only from ICY,,force-app/main/default/objects/Intake__c/fields/Name_of_Person_Interviewed__c.field-meta.xml
CustomField,Intake__c.Not_Started_Date__c,icy,reachable only from ICY,,force-app/main/default/objects/Intake__c/fields/Not_Started_Date__c.field-meta.xml
CustomField,Intake__c.OldName__c,icy,reachable only from ICY,,force-app/main/default/objects/Intake__c/fields/OldName__c.field-meta.xml
CustomField,Intake__c.Physical_Address_City__c,icy,reachable only from ICY,,force-app/main/default/objects/Intake__c/fields/Physical_Address_City__c.field-meta.xml
CustomField,Intake__c.Priority__c,icy,reachable only from ICY,,force-app/main/default/objects/Intake__c/fields/Priority__c.field-meta.xml
CustomField,Intake__c.Profession_Role__c,icy,reachable only from ICY,,force-app/main/default/objects/Intake__c/fields/Profession_Role__c.field-meta.xml
CustomField,Intake__c.Professional_Interviewed__c,icy,reachable only from ICY,,force-app/main/default/objects/Intake__c/fields/Professional_Interviewed__c.field-meta.xml
CustomField,Intake__c.Program_Eligibility_Type__c,icy,unreferenced; follows owning object,,force-app/main/default/objects/Intake__c/fields/Program_Eligibility_Type__c.field-meta.xml
CustomField,Intake__c.Reason_for_Choosing_This_Response__c,icy,reachable only from ICY,,force-app/main/default/objects/Intake__c/fields/Reason_for_Choosing_This_Response__c.field-meta.xml
CustomField,Intake__c.Referral_Age__c,icy,reachable only from ICY,,force-app/main/default/objects/Intake__c/fields/Referral_Age__c.field-meta.xml
CustomField,Intake__c.Referral__c,icy,reachable only from ICY,,force-app/main/default/objects/Intake__c/fields/Referral__c.field-meta.xml
CustomField,Intake__c.Region__c,icy,reachable only from ICY,,force-app/main/default/objects/Intake__c/fields/Region__c.field-meta.xml
CustomField,Intake__c.Relationship_to_Youth__c,icy,reachable only from ICY,,force-app/main/default/objects/Intake__c/fields/Relationship_to_Youth__c.field-meta.xml
CustomField,Intake__c.Secondary_Eligibility_Type__c,icy,unreferenced; follows owning object,,force-app/main/default/objects/Intake__c/fields/Secondary_Eligibility_Type__c.field-meta.xml
CustomField,Intake__c.Send_notification_email__c,icy,reachable only from ICY,,force-app/main/default/objects/Intake__c/fields/Send_notification_email__c.field-meta.xml
CustomField,Intake__c.Service_Response_change_Date__c,icy,reachable only from ICY,,force-app/main/default/objects/Intake__c/fields/Service_Response_change_Date__c.field-meta.xml
CustomField,Intake__c.Status__c,icy,reachable only from ICY,,force-app/main/default/objects/Intake__c/fields/Status__c.field-meta.xml
CustomField,Intake__c.Suggested_Service_Response_Overriden_by__c,icy,reachable only from ICY,,force-app/main/default/objects/Intake__c/fields/Suggested_Service_Response_Overriden_by__c.field-meta.xml
CustomField,Intake__c.Suggested_Service_Response__c,icy,reachable only from ICY,,force-app/main/default/objects/Intake__c/fields/Suggested_Service_Response__c.field-meta.xml
CustomField,Intake__c.Waitlisted__c,icy,reachable only from ICY,,force-app/main/default/objects/Intake__c/fields/Waitlisted__c.field-meta.xml
CustomField,Intake__c.Youth_Transition_Coordinator__c,icy,reachable only from ICY,,force-app/main/default/objects/Intake__c/fields/Youth_Transition_Coordinator__c.field-meta.xml
CustomField,Login_Page_Messages__c.Display_Announcements__c,icy,reachable only from ICY,,force-app/main/default/objects/Login_Page_Messages__c/fields/Display_Announcements__c.field-meta.xml
CustomField,Login_Page_Messages__c.Display_Recent_News__c,icy,reachable only from ICY,,force-app/main/default/objects/Login_Page_Messages__c/fields/Display_Recent_News__c.field-meta.xml
CustomField,Login_Page_Messages__c.Identifier__c,icy,reachable only from ICY,,force-app/main/default/objects/Login_Page_Messages__c/fields/Identifier__c.field-meta.xml
CustomField,Login_Page_Messages__c.Recent_News__c,icy,reachable only from ICY,,force-app/main/default/objects/Login_Page_Messages__c/fields/Recent_News__c.field-meta.xml
CustomField,Login_Page_Messages__c.System_Announcements__c,icy,reachable only from ICY,,force-app/main/default/objects/Login_Page_Messages__c/fields/System_Announcements__c.field-meta.xml
CustomField,Mapping_object__c.Context_prompt__c,icy,reachable only from ICY,,force-app/main/default/objects/Mapping_object__c/fields/Context_prompt__c.field-meta.xml
CustomField,Mapping_object__c.Functional_Domain_Type__c,icy,reachable only from ICY,,force-app/main/default/objects/Mapping_object__c/fields/Functional_Domain_Type__c.field-meta.xml
CustomField,Mapping_object__c.sfxId__c,icy,unreferenced; follows owning object,,force-app/main/default/objects/Mapping_object__c/fields/sfxId__c.field-meta.xml
CustomField,Postal_Code__c.Community__c,icy,reachable only from ICY,,force-app/main/default/objects/Postal_Code__c/fields/Community__c.field-meta.xml
CustomField,Postal_Code__c.Six_Digits__c,icy,reachable only from ICY,,force-app/main/default/objects/Postal_Code__c/fields/Six_Digits__c.field-meta.xml
CustomField,Postal_Code__c.Three_Digits__c,icy,unreferenced; follows owning object,,force-app/main/default/objects/Postal_Code__c/fields/Three_Digits__c.field-meta.xml
CustomField,Postal_Code__c.sfxId__c,icy,unreferenced; follows owning object,,force-app/main/default/objects/Postal_Code__c/fields/sfxId__c.field-meta.xml
CustomField,Referral__c.Age_at_Referral__c,icy,reachable only from ICY,,force-app/main/default/objects/Referral__c/fields/Age_at_Referral__c.field-meta.xml
CustomField,Referral__c.Any_Special_Considerations__c,icy,reachable only from ICY,,force-app/main/default/objects/Referral__c/fields/Any_Special_Considerations__c.field-meta.xml
CustomField,Referral__c.Assessment_Form_Id__c,icy,reachable only from ICY,,force-app/main/default/objects/Referral__c/fields/Assessment_Form_Id__c.field-meta.xml
CustomField,Referral__c.Assign_Eligibility_Coordinator__c,icy,reachable only from ICY,,force-app/main/default/objects/Referral__c/fields/Assign_Eligibility_Coordinator__c.field-meta.xml
CustomField,Referral__c.Assigned_To__c,icy,reachable only from ICY,,force-app/main/default/objects/Referral__c/fields/Assigned_To__c.field-meta.xml
CustomField,Referral__c.Case_Created_Date__c,icy,reachable only from ICY,,force-app/main/default/objects/Referral__c/fields/Case_Created_Date__c.field-meta.xml
CustomField,Referral__c.Case__c,icy,reachable only from ICY,,force-app/main/default/objects/Referral__c/fields/Case__c.field-meta.xml
CustomField,Referral__c.Catchment__c,icy,reachable only from ICY,,force-app/main/default/objects/Referral__c/fields/Catchment__c.field-meta.xml
CustomField,Referral__c.Closed_Date__c,icy,reachable only from ICY,,force-app/main/default/objects/Referral__c/fields/Closed_Date__c.field-meta.xml
CustomField,Referral__c.Community__c,icy,reachable only from ICY,,force-app/main/default/objects/Referral__c/fields/Community__c.field-meta.xml
CustomField,Referral__c.Conscent_Form_Id__c,icy,reachable only from ICY,,force-app/main/default/objects/Referral__c/fields/Conscent_Form_Id__c.field-meta.xml
CustomField,Referral__c.Consent_Received__c,icy,reachable only from ICY,,force-app/main/default/objects/Referral__c/fields/Consent_Received__c.field-meta.xml
CustomField,Referral__c.Current_Age__c,icy,reachable only from ICY,,force-app/main/default/objects/Referral__c/fields/Current_Age__c.field-meta.xml
CustomField,Referral__c.Current_School__c,icy,reachable only from ICY,,force-app/main/default/objects/Referral__c/fields/Current_School__c.field-meta.xml
CustomField,Referral__c.DAA_or_other_cultural_or_spiritual_repre__c,icy,reachable only from ICY,,force-app/main/default/objects/Referral__c/fields/DAA_or_other_cultural_or_spiritual_repre__c.field-meta.xml
CustomField,Referral__c.Days_Referral_Created_to_Case_ClosedDate__c,icy,reachable only from ICY,,force-app/main/default/objects/Referral__c/fields/Days_Referral_Created_to_Case_ClosedDate__c.field-meta.xml
CustomField,Referral__c.Days_Referral_Created_to_Case_Closed__c,icy,reachable only from ICY,,force-app/main/default/objects/Referral__c/fields/Days_Referral_Created_to_Case_Closed__c.field-meta.xml
CustomField,Referral__c.Days_Referral_Created_to_Case_CreatedDat__c,icy,unreferenced; follows owning object,,force-app/main/default/objects/Referral__c/fields/Days_Referral_Created_to_Case_CreatedDat__c.field-meta.xml
CustomField,Referral__c.Days_Referral_Created_to_Case_Created__c,icy,reachable only from ICY,,force-app/main/default/objects/Referral__c/fields/Days_Referral_Created_to_Case_Created__c.field-meta.xml
CustomField,Referral__c.Days_Referral_Created_to_Intake_Closed__c,icy,reachable only from ICY,,force-app/main/default/objects/Referral__c/fields/Days_Referral_Created_to_Intake_Closed__c.field-meta.xml
CustomField,Referral__c.Days_Referral_Created_to_Intake_Created__c,icy,reachable only from ICY,,force-app/main/default/objects/Referral__c/fields/Days_Referral_Created_to_Intake_Created__c.field-meta.xml
CustomField,Referral__c.EIS_Location__c,icy,reachable only from ICY,,force-app/main/default/objects/Referral__c/fields/EIS_Location__c.field-meta.xml
CustomField,Referral__c.EIS_Region__c,icy,reachable only from ICY,,force-app/main/default/objects/Referral__c/fields/EIS_Region__c.field-meta.xml
CustomField,Referral__c.Eligibility_Type__c,icy,reachable only from ICY,,force-app/main/default/objects/Referral__c/fields/Eligibility_Type__c.field-meta.xml
CustomField,Referral__c.Existing_Protocols_Safeguards__c,icy,reachable only from ICY,,force-app/main/default/objects/Referral__c/fields/Existing_Protocols_Safeguards__c.field-meta.xml
CustomField,Referral__c.Explain_housing_concern__c,icy,reachable only from ICY,,force-app/main/default/objects/Referral__c/fields/Explain_housing_concern__c.field-meta.xml
CustomField,Referral__c.Foundry_BC_Referral__c,icy,reachable only from ICY,,force-app/main/default/objects/Referral__c/fields/Foundry_BC_Referral__c.field-meta.xml
CustomField,Referral__c.Guardian_Names__c,icy,reachable only from ICY,,force-app/main/default/objects/Referral__c/fields/Guardian_Names__c.field-meta.xml
CustomField,Referral__c.Has_legal_authority__c,icy,reachable only from ICY,,force-app/main/default/objects/Referral__c/fields/Has_legal_authority__c.field-meta.xml
CustomField,Referral__c.ICY_Accepted_Referral__c,icy,reachable only from ICY,,force-app/main/default/objects/Referral__c/fields/ICY_Accepted_Referral__c.field-meta.xml
CustomField,Referral__c.ICY_Age_At_Referral__c,icy,reachable only from ICY,,force-app/main/default/objects/Referral__c/fields/ICY_Age_At_Referral__c.field-meta.xml
CustomField,Referral__c.ICY_Alert_Banner_Text__c,icy,reachable only from ICY,,force-app/main/default/objects/Referral__c/fields/ICY_Alert_Banner_Text__c.field-meta.xml
CustomField,Referral__c.ICY_Assigned_To__c,icy,reachable only from ICY,,force-app/main/default/objects/Referral__c/fields/ICY_Assigned_To__c.field-meta.xml
CustomField,Referral__c.ICY_CYMH__c,icy,reachable only from ICY,,force-app/main/default/objects/Referral__c/fields/ICY_CYMH__c.field-meta.xml
CustomField,Referral__c.ICY_Can_We_Leave_a_Message_On_Cell__c,icy,reachable only from ICY,,force-app/main/default/objects/Referral__c/fields/ICY_Can_We_Leave_a_Message_On_Cell__c.field-meta.xml
CustomField,Referral__c.ICY_Can_We_Leave_a_Message_On_Email__c,icy,reachable only from ICY,,force-app/main/default/objects/Referral__c/fields/ICY_Can_We_Leave_a_Message_On_Email__c.field-meta.xml
CustomField,Referral__c.ICY_Can_We_Leave_a_Message_On_Home_Phone__c,icy,reachable only from ICY,,force-app/main/default/objects/Referral__c/fields/ICY_Can_We_Leave_a_Message_On_Home_Phone__c.field-meta.xml
CustomField,Referral__c.ICY_Child_Youth_Aware__c,icy,reachable only from ICY,,force-app/main/default/objects/Referral__c/fields/ICY_Child_Youth_Aware__c.field-meta.xml
CustomField,Referral__c.ICY_Closed_Date__c,icy,reachable only from ICY,,force-app/main/default/objects/Referral__c/fields/ICY_Closed_Date__c.field-meta.xml
CustomField,Referral__c.ICY_Current_Supports__c,icy,reachable only from ICY,,force-app/main/default/objects/Referral__c/fields/ICY_Current_Supports__c.field-meta.xml
CustomField,Referral__c.ICY_Date_of_Referral__c,icy,reachable only from ICY,,force-app/main/default/objects/Referral__c/fields/ICY_Date_of_Referral__c.field-meta.xml
CustomField,Referral__c.ICY_Diagnosis__c,icy,reachable only from ICY,,force-app/main/default/objects/Referral__c/fields/ICY_Diagnosis__c.field-meta.xml
CustomField,Referral__c.ICY_Ethnicity__c,icy,reachable only from ICY,,force-app/main/default/objects/Referral__c/fields/ICY_Ethnicity__c.field-meta.xml
CustomField,Referral__c.ICY_Geographic_Area__c,icy,reachable only from ICY,,force-app/main/default/objects/Referral__c/fields/ICY_Geographic_Area__c.field-meta.xml
CustomField,Referral__c.ICY_If_Parent_Guardian_is_aware__c,icy,reachable only from ICY,,force-app/main/default/objects/Referral__c/fields/ICY_If_Parent_Guardian_is_aware__c.field-meta.xml
CustomField,Referral__c.ICY_Indigenous__c,icy,reachable only from ICY,,force-app/main/default/objects/Referral__c/fields/ICY_Indigenous__c.field-meta.xml
CustomField,Referral__c.ICY_Is_My_Referral__c,icy,reachable only from ICY,,force-app/main/default/objects/Referral__c/fields/ICY_Is_My_Referral__c.field-meta.xml
CustomField,Referral__c.ICY_Leave_a_Message_On_other_Phone__c,icy,reachable only from ICY,,force-app/main/default/objects/Referral__c/fields/ICY_Leave_a_Message_On_other_Phone__c.field-meta.xml
CustomField,Referral__c.ICY_Medical_Referral_Reason__c,icy,reachable only from ICY,,force-app/main/default/objects/Referral__c/fields/ICY_Medical_Referral_Reason__c.field-meta.xml
CustomField,Referral__c.ICY_Medication__c,icy,reachable only from ICY,,force-app/main/default/objects/Referral__c/fields/ICY_Medication__c.field-meta.xml
CustomField,Referral__c.ICY_Other_Phone__c,icy,reachable only from ICY,,force-app/main/default/objects/Referral__c/fields/ICY_Other_Phone__c.field-meta.xml
CustomField,Referral__c.ICY_Personal_Health_Number__c,icy,reachable only from ICY,,force-app/main/default/objects/Referral__c/fields/ICY_Personal_Health_Number__c.field-meta.xml
CustomField,Referral__c.ICY_Preferred_Language__c,icy,reachable only from ICY,,force-app/main/default/objects/Referral__c/fields/ICY_Preferred_Language__c.field-meta.xml
CustomField,Referral__c.ICY_Preferred_Method_of_Contact__c,icy,reachable only from ICY,,force-app/main/default/objects/Referral__c/fields/ICY_Preferred_Method_of_Contact__c.field-meta.xml
CustomField,Referral__c.ICY_Priority__c,icy,reachable only from ICY,,force-app/main/default/objects/Referral__c/fields/ICY_Priority__c.field-meta.xml
CustomField,Referral__c.ICY_Rationale_For_Closure__c,icy,reachable only from ICY,,force-app/main/default/objects/Referral__c/fields/ICY_Rationale_For_Closure__c.field-meta.xml
CustomField,Referral__c.ICY_Reason_for_Referral__c,icy,reachable only from ICY,,force-app/main/default/objects/Referral__c/fields/ICY_Reason_for_Referral__c.field-meta.xml
CustomField,Referral__c.ICY_Record_Number_URL__c,icy,reachable only from ICY,,force-app/main/default/objects/Referral__c/fields/ICY_Record_Number_URL__c.field-meta.xml
CustomField,Referral__c.ICY_Referral_For__c,icy,reachable only from ICY,,force-app/main/default/objects/Referral__c/fields/ICY_Referral_For__c.field-meta.xml
CustomField,Referral__c.ICY_Referral_Source_Description__c,icy,reachable only from ICY,,force-app/main/default/objects/Referral__c/fields/ICY_Referral_Source_Description__c.field-meta.xml
CustomField,Referral__c.ICY_Referral_Source__c,icy,reachable only from ICY,,force-app/main/default/objects/Referral__c/fields/ICY_Referral_Source__c.field-meta.xml
CustomField,Referral__c.ICY_Referral_Type__c,icy,reachable only from ICY,,force-app/main/default/objects/Referral__c/fields/ICY_Referral_Type__c.field-meta.xml
CustomField,Referral__c.ICY_Referred_By_Name__c,icy,reachable only from ICY,,force-app/main/default/objects/Referral__c/fields/ICY_Referred_By_Name__c.field-meta.xml
CustomField,Referral__c.ICY_Referred_By__c,icy,reachable only from ICY,,force-app/main/default/objects/Referral__c/fields/ICY_Referred_By__c.field-meta.xml
CustomField,Referral__c.ICY_Relevant_Information__c,icy,reachable only from ICY,,force-app/main/default/objects/Referral__c/fields/ICY_Relevant_Information__c.field-meta.xml
CustomField,Referral__c.ICY_Reopened_Date__c,icy,reachable only from ICY,,force-app/main/default/objects/Referral__c/fields/ICY_Reopened_Date__c.field-meta.xml
CustomField,Referral__c.ICY_Searchable_DOB__c,icy,reachable only from ICY,,force-app/main/default/objects/Referral__c/fields/ICY_Searchable_DOB__c.field-meta.xml
CustomField,Referral__c.ICY_Show_Banner__c,icy,reachable only from ICY,,force-app/main/default/objects/Referral__c/fields/ICY_Show_Banner__c.field-meta.xml
CustomField,Referral__c.ICY_Unknown_Address__c,icy,reachable only from ICY,,force-app/main/default/objects/Referral__c/fields/ICY_Unknown_Address__c.field-meta.xml
CustomField,Referral__c.ICY_Withdrawal__c,icy,reachable only from ICY,,force-app/main/default/objects/Referral__c/fields/ICY_Withdrawal__c.field-meta.xml
CustomField,Referral__c.Individual_Cell_Phone_Number__c,icy,reachable only from ICY,,force-app/main/default/objects/Referral__c/fields/Individual_Cell_Phone_Number__c.field-meta.xml
CustomField,Referral__c.Individual_Date_of_Birth__c,icy,reachable only from ICY,,force-app/main/default/objects/Referral__c/fields/Individual_Date_of_Birth__c.field-meta.xml
CustomField,Referral__c.Individual_Email_Address__c,icy,reachable only from ICY,,force-app/main/default/objects/Referral__c/fields/Individual_Email_Address__c.field-meta.xml
CustomField,Referral__c.Individual_First_Name__c,icy,reachable only from ICY,,force-app/main/default/objects/Referral__c/fields/Individual_First_Name__c.field-meta.xml
CustomField,Referral__c.Individual_Gender__c,icy,reachable only from ICY,,force-app/main/default/objects/Referral__c/fields/Individual_Gender__c.field-meta.xml
CustomField,Referral__c.Individual_Home_Phone_Number__c,icy,reachable only from ICY,,force-app/main/default/objects/Referral__c/fields/Individual_Home_Phone_Number__c.field-meta.xml
CustomField,Referral__c.Individual_Last_Name__c,icy,reachable only from ICY,,force-app/main/default/objects/Referral__c/fields/Individual_Last_Name__c.field-meta.xml
CustomField,Referral__c.Individual_Middle_Name__c,icy,reachable only from ICY,,force-app/main/default/objects/Referral__c/fields/Individual_Middle_Name__c.field-meta.xml
CustomField,Referral__c.Individual_Name_formula__c,icy,reachable only from ICY,,force-app/main/default/objects/Referral__c/fields/Individual_Name_formula__c.field-meta.xml
CustomField,Referral__c.Individual_Preferred_Name__c,icy,reachable only from ICY,,force-app/main/default/objects/Referral__c/fields/Individual_Preferred_Name__c.field-meta.xml
CustomField,Referral__c.Individual_Pronouns__c,icy,reachable only from ICY,,force-app/main/default/objects/Referral__c/fields/Individual_Pronouns__c.field-meta.xml
CustomField,Referral__c.Individual_Work_Phone_Number_Extension__c,icy,reachable only from ICY,,force-app/main/default/objects/Referral__c/fields/Individual_Work_Phone_Number_Extension__c.field-meta.xml
CustomField,Referral__c.Individual_Work_Phone_Number__c,icy,reachable only from ICY,,force-app/main/default/objects/Referral__c/fields/Individual_Work_Phone_Number__c.field-meta.xml
CustomField,Referral__c.Individual__c,icy,reachable only from ICY,,force-app/main/default/objects/Referral__c/fields/Individual__c.field-meta.xml
CustomField,Referral__c.Intake_Closed_Date__c,icy,unreferenced; follows owning object,,force-app/main/default/objects/Referral__c/fields/Intake_Closed_Date__c.field-meta.xml
CustomField,Referral__c.Intake_Complete_Date__c,icy,reachable only from ICY,,force-app/main/default/objects/Referral__c/fields/Intake_Complete_Date__c.field-meta.xml
CustomField,Referral__c.Intake__c,icy,reachable only from ICY,,force-app/main/default/objects/Referral__c/fields/Intake__c.field-meta.xml
CustomField,Referral__c.Interview_Date__c,icy,reachable only from ICY,,force-app/main/default/objects/Referral__c/fields/Interview_Date__c.field-meta.xml
CustomField,Referral__c.Is_Individual_Attending_School__c,icy,reachable only from ICY,,force-app/main/default/objects/Referral__c/fields/Is_Individual_Attending_School__c.field-meta.xml
CustomField,Referral__c.Is_Related_Intake_Closed__c,icy,reachable only from ICY,,force-app/main/default/objects/Referral__c/fields/Is_Related_Intake_Closed__c.field-meta.xml
CustomField,Referral__c.Is_Team_member__c,icy,reachable only from ICY,,force-app/main/default/objects/Referral__c/fields/Is_Team_member__c.field-meta.xml
CustomField,Referral__c.Is_stable_housing_a_concern__c,icy,reachable only from ICY,,force-app/main/default/objects/Referral__c/fields/Is_stable_housing_a_concern__c.field-meta.xml
CustomField,Referral__c.Is_the_Individual_Attending_School_Indic__c,icy,reachable only from ICY,,force-app/main/default/objects/Referral__c/fields/Is_the_Individual_Attending_School_Indic__c.field-meta.xml
CustomField,Referral__c.Is_the_Individual_eligible_for_CLBC_Serv__c,icy,reachable only from ICY,,force-app/main/default/objects/Referral__c/fields/Is_the_Individual_eligible_for_CLBC_Serv__c.field-meta.xml
CustomField,Referral__c.Is_the_individual_being_supported_by_CFD__c,icy,reachable only from ICY,,force-app/main/default/objects/Referral__c/fields/Is_the_individual_being_supported_by_CFD__c.field-meta.xml
CustomField,Referral__c.Language_in_the_Home__c,icy,reachable only from ICY,,force-app/main/default/objects/Referral__c/fields/Language_in_the_Home__c.field-meta.xml
CustomField,Referral__c.Last_modified_Date_formula_Report__c,icy,reachable only from ICY,,force-app/main/default/objects/Referral__c/fields/Last_modified_Date_formula_Report__c.field-meta.xml
CustomField,Referral__c.Legal_Status__c,icy,reachable only from ICY,,force-app/main/default/objects/Referral__c/fields/Legal_Status__c.field-meta.xml
CustomField,Referral__c.Mailing_Address_City__c,icy,reachable only from ICY,,force-app/main/default/objects/Referral__c/fields/Mailing_Address_City__c.field-meta.xml
CustomField,Referral__c.Mailing_Address_Line_1__c,icy,reachable only from ICY,,force-app/main/default/objects/Referral__c/fields/Mailing_Address_Line_1__c.field-meta.xml
CustomField,Referral__c.Mailing_Address_Line_2__c,icy,reachable only from ICY,,force-app/main/default/objects/Referral__c/fields/Mailing_Address_Line_2__c.field-meta.xml
CustomField,Referral__c.Mailing_Address_Postal_Code__c,icy,reachable only from ICY,,force-app/main/default/objects/Referral__c/fields/Mailing_Address_Postal_Code__c.field-meta.xml
CustomField,Referral__c.Mailing_Address_Province__c,icy,reachable only from ICY,,force-app/main/default/objects/Referral__c/fields/Mailing_Address_Province__c.field-meta.xml
CustomField,Referral__c.Mailing_Address_same_as_Physical_Address__c,icy,reachable only from ICY,,force-app/main/default/objects/Referral__c/fields/Mailing_Address_same_as_Physical_Address__c.field-meta.xml
CustomField,Referral__c.Name_Of_Person_Interviewed__c,icy,reachable only from ICY,,force-app/main/default/objects/Referral__c/fields/Name_Of_Person_Interviewed__c.field-meta.xml
CustomField,Referral__c.OldName__c,icy,reachable only from ICY,,force-app/main/default/objects/Referral__c/fields/OldName__c.field-meta.xml
CustomField,Referral__c.Other_Agencies_Involved__c,icy,reachable only from ICY,,force-app/main/default/objects/Referral__c/fields/Other_Agencies_Involved__c.field-meta.xml
CustomField,Referral__c.Other_Language__c,icy,reachable only from ICY,,force-app/main/default/objects/Referral__c/fields/Other_Language__c.field-meta.xml
CustomField,Referral__c.Other_Relationship_Cell__c,icy,reachable only from ICY,,force-app/main/default/objects/Referral__c/fields/Other_Relationship_Cell__c.field-meta.xml
CustomField,Referral__c.Other_Relationship_Email__c,icy,reachable only from ICY,,force-app/main/default/objects/Referral__c/fields/Other_Relationship_Email__c.field-meta.xml
CustomField,Referral__c.Other_Relationship_Home__c,icy,reachable only from ICY,,force-app/main/default/objects/Referral__c/fields/Other_Relationship_Home__c.field-meta.xml
CustomField,Referral__c.Other_Relationship_Other__c,icy,reachable only from ICY,,force-app/main/default/objects/Referral__c/fields/Other_Relationship_Other__c.field-meta.xml
CustomField,Referral__c.Physical_Address_City__c,icy,reachable only from ICY,,force-app/main/default/objects/Referral__c/fields/Physical_Address_City__c.field-meta.xml
CustomField,Referral__c.Physical_Address_Line_1__c,icy,reachable only from ICY,,force-app/main/default/objects/Referral__c/fields/Physical_Address_Line_1__c.field-meta.xml
CustomField,Referral__c.Physical_Address_Line_2__c,icy,reachable only from ICY,,force-app/main/default/objects/Referral__c/fields/Physical_Address_Line_2__c.field-meta.xml
CustomField,Referral__c.Physical_Address_Postal_Code__c,icy,reachable only from ICY,,force-app/main/default/objects/Referral__c/fields/Physical_Address_Postal_Code__c.field-meta.xml
CustomField,Referral__c.Physical_Address_Province__c,icy,reachable only from ICY,,force-app/main/default/objects/Referral__c/fields/Physical_Address_Province__c.field-meta.xml
CustomField,Referral__c.Preferred_Contact_s_Name_Cell__c,icy,reachable only from ICY,,force-app/main/default/objects/Referral__c/fields/Preferred_Contact_s_Name_Cell__c.field-meta.xml
CustomField,Referral__c.Preferred_Contact_s_Name_Email__c,icy,reachable only from ICY,,force-app/main/default/objects/Referral__c/fields/Preferred_Contact_s_Name_Email__c.field-meta.xml
CustomField,Referral__c.Preferred_Contact_s_Name_Home__c,icy,reachable only from ICY,,force-app/main/default/objects/Referral__c/fields/Preferred_Contact_s_Name_Home__c.field-meta.xml
CustomField,Referral__c.Preferred_Contact_s_Name_Other__c,icy,reachable only from ICY,,force-app/main/default/objects/Referral__c/fields/Preferred_Contact_s_Name_Other__c.field-meta.xml
CustomField,Referral__c.Preferred_method_of_contact__c,icy,reachable only from ICY,,force-app/main/default/objects/Referral__c/fields/Preferred_method_of_contact__c.field-meta.xml
CustomField,Referral__c.Primary_Contact_Is_Individual_Indicator__c,icy,reachable only from ICY,,force-app/main/default/objects/Referral__c/fields/Primary_Contact_Is_Individual_Indicator__c.field-meta.xml
CustomField,Referral__c.Primary_Contact_Is_Individual__c,icy,reachable only from ICY,,force-app/main/default/objects/Referral__c/fields/Primary_Contact_Is_Individual__c.field-meta.xml
CustomField,Referral__c.Priority__c,icy,reachable only from ICY,,force-app/main/default/objects/Referral__c/fields/Priority__c.field-meta.xml
CustomField,Referral__c.Re_Referral_Date__c,icy,reachable only from ICY,,force-app/main/default/objects/Referral__c/fields/Re_Referral_Date__c.field-meta.xml
CustomField,Referral__c.Re_Referral__c,icy,reachable only from ICY,,force-app/main/default/objects/Referral__c/fields/Re_Referral__c.field-meta.xml
CustomField,Referral__c.Ready_for_Intake_Date__c,icy,reachable only from ICY,,force-app/main/default/objects/Referral__c/fields/Ready_for_Intake_Date__c.field-meta.xml
CustomField,Referral__c.Reason_for_Referral_if_Other__c,icy,reachable only from ICY,,force-app/main/default/objects/Referral__c/fields/Reason_for_Referral_if_Other__c.field-meta.xml
CustomField,Referral__c.Receiving_Services_on_Reserve__c,icy,reachable only from ICY,,force-app/main/default/objects/Referral__c/fields/Receiving_Services_on_Reserve__c.field-meta.xml
CustomField,Referral__c.Referral_Close_Reason__c,icy,reachable only from ICY,,force-app/main/default/objects/Referral__c/fields/Referral_Close_Reason__c.field-meta.xml
CustomField,Referral__c.Referral_Created_Date__c,icy,reachable only from ICY,,force-app/main/default/objects/Referral__c/fields/Referral_Created_Date__c.field-meta.xml
CustomField,Referral__c.Referral_Notes__c,icy,reachable only from ICY,,force-app/main/default/objects/Referral__c/fields/Referral_Notes__c.field-meta.xml
CustomField,Referral__c.Referral_Origin__c,icy,reachable only from ICY,,force-app/main/default/objects/Referral__c/fields/Referral_Origin__c.field-meta.xml
CustomField,Referral__c.Referring_Organization__c,icy,reachable only from ICY,,force-app/main/default/objects/Referral__c/fields/Referring_Organization__c.field-meta.xml
CustomField,Referral__c.Relationship_to_Individual_Cell__c,icy,reachable only from ICY,,force-app/main/default/objects/Referral__c/fields/Relationship_to_Individual_Cell__c.field-meta.xml
CustomField,Referral__c.Relationship_to_Individual_Email__c,icy,reachable only from ICY,,force-app/main/default/objects/Referral__c/fields/Relationship_to_Individual_Email__c.field-meta.xml
CustomField,Referral__c.Relationship_to_Individual_Home__c,icy,reachable only from ICY,,force-app/main/default/objects/Referral__c/fields/Relationship_to_Individual_Home__c.field-meta.xml
CustomField,Referral__c.Relationship_to_Individual_Other__c,icy,reachable only from ICY,,force-app/main/default/objects/Referral__c/fields/Relationship_to_Individual_Other__c.field-meta.xml
CustomField,Referral__c.Relationship_to_Individual__c,icy,reachable only from ICY,,force-app/main/default/objects/Referral__c/fields/Relationship_to_Individual__c.field-meta.xml
CustomField,Referral__c.Residence_Type__c,icy,reachable only from ICY,,force-app/main/default/objects/Referral__c/fields/Residence_Type__c.field-meta.xml
CustomField,Referral__c.Secondary_Eligibility_Type__c,icy,reachable only from ICY,,force-app/main/default/objects/Referral__c/fields/Secondary_Eligibility_Type__c.field-meta.xml
CustomField,Referral__c.Send_notification_email__c,icy,reachable only from ICY,,force-app/main/default/objects/Referral__c/fields/Send_notification_email__c.field-meta.xml
CustomField,Referral__c.Special_limitations_hearing_sight_mob__c,icy,reachable only from ICY,,force-app/main/default/objects/Referral__c/fields/Special_limitations_hearing_sight_mob__c.field-meta.xml
CustomField,Referral__c.Status__c,icy,reachable only from ICY,,force-app/main/default/objects/Referral__c/fields/Status__c.field-meta.xml
CustomField,Referral__c.Sub_Status__c,icy,reachable only from ICY,,force-app/main/default/objects/Referral__c/fields/Sub_Status__c.field-meta.xml
CustomField,Referral__c.Team_Member_Interviewed__c,icy,reachable only from ICY,,force-app/main/default/objects/Referral__c/fields/Team_Member_Interviewed__c.field-meta.xml
CustomField,Referral__c.Team_Member_Role__c,icy,reachable only from ICY,,force-app/main/default/objects/Referral__c/fields/Team_Member_Role__c.field-meta.xml
CustomField,Referral__c.Team_members_Id__c,icy,reachable only from ICY,,force-app/main/default/objects/Referral__c/fields/Team_members_Id__c.field-meta.xml
CustomField,Referral__c.Type_of_Referral__c,icy,reachable only from ICY,,force-app/main/default/objects/Referral__c/fields/Type_of_Referral__c.field-meta.xml
CustomField,Referral__c.User_Role_Name__c,icy,reachable only from ICY,,force-app/main/default/objects/Referral__c/fields/User_Role_Name__c.field-meta.xml
CustomField,Referral__c.What_services_they_are_waiting_for__c,icy,reachable only from ICY,,force-app/main/default/objects/Referral__c/fields/What_services_they_are_waiting_for__c.field-meta.xml
CustomField,Referral__c.Who_does_the_youth_live_with__c,icy,reachable only from ICY,,force-app/main/default/objects/Referral__c/fields/Who_does_the_youth_live_with__c.field-meta.xml
CustomField,Referral__c.case_ID__c,icy,reachable only from ICY,,force-app/main/default/objects/Referral__c/fields/case_ID__c.field-meta.xml
CustomField,Referral__c.sfxId__c,icy,reachable only from ICY,,force-app/main/default/objects/Referral__c/fields/sfxId__c.field-meta.xml
CustomField,S1_HC_2023__c.ADM_Q15__c,maid,reachable only from MAiD,,force-app/main/default/objects/S1_HC_2023__c/fields/ADM_Q15__c.field-meta.xml
CustomField,S1_HC_2023__c.ADM_Q20A__c,maid,reachable only from MAiD,,force-app/main/default/objects/S1_HC_2023__c/fields/ADM_Q20A__c.field-meta.xml
CustomField,S1_HC_2023__c.ADM_Q20B__c,maid,reachable only from MAiD,,force-app/main/default/objects/S1_HC_2023__c/fields/ADM_Q20B__c.field-meta.xml
CustomField,S1_HC_2023__c.ADM_Q20C__c,maid,reachable only from MAiD,,force-app/main/default/objects/S1_HC_2023__c/fields/ADM_Q20C__c.field-meta.xml
CustomField,S1_HC_2023__c.ADM_Q20D__c,maid,reachable only from MAiD,,force-app/main/default/objects/S1_HC_2023__c/fields/ADM_Q20D__c.field-meta.xml
CustomField,S1_HC_2023__c.ADM_Q20E__c,maid,reachable only from MAiD,,force-app/main/default/objects/S1_HC_2023__c/fields/ADM_Q20E__c.field-meta.xml
CustomField,S1_HC_2023__c.ADM_Q20F__c,maid,reachable only from MAiD,,force-app/main/default/objects/S1_HC_2023__c/fields/ADM_Q20F__c.field-meta.xml
CustomField,S1_HC_2023__c.ADM_Q25__c,maid,reachable only from MAiD,,force-app/main/default/objects/S1_HC_2023__c/fields/ADM_Q25__c.field-meta.xml
CustomField,S1_HC_2023__c.ADM_Q30__c,maid,reachable only from MAiD,,force-app/main/default/objects/S1_HC_2023__c/fields/ADM_Q30__c.field-meta.xml
CustomField,S1_HC_2023__c.ADM_Q35__c,maid,reachable only from MAiD,,force-app/main/default/objects/S1_HC_2023__c/fields/ADM_Q35__c.field-meta.xml
CustomField,S1_HC_2023__c.ADM_S20F__c,maid,reachable only from MAiD,,force-app/main/default/objects/S1_HC_2023__c/fields/ADM_S20F__c.field-meta.xml
CustomField,S1_HC_2023__c.COD_Q40A__c,maid,reachable only from MAiD,,force-app/main/default/objects/S1_HC_2023__c/fields/COD_Q40A__c.field-meta.xml
CustomField,S1_HC_2023__c.COD_Q40B__c,maid,reachable only from MAiD,,force-app/main/default/objects/S1_HC_2023__c/fields/COD_Q40B__c.field-meta.xml
CustomField,S1_HC_2023__c.COD_Q40C__c,maid,reachable only from MAiD,,force-app/main/default/objects/S1_HC_2023__c/fields/COD_Q40C__c.field-meta.xml
CustomField,S1_HC_2023__c.COD_Q40D__c,maid,reachable only from MAiD,,force-app/main/default/objects/S1_HC_2023__c/fields/COD_Q40D__c.field-meta.xml
CustomField,S1_HC_2023__c.COD_Q40E__c,maid,reachable only from MAiD,,force-app/main/default/objects/S1_HC_2023__c/fields/COD_Q40E__c.field-meta.xml
CustomField,S1_HC_2023__c.COD_Q40F__c,maid,reachable only from MAiD,,force-app/main/default/objects/S1_HC_2023__c/fields/COD_Q40F__c.field-meta.xml
CustomField,S1_HC_2023__c.COD_Q40G__c,maid,reachable only from MAiD,,force-app/main/default/objects/S1_HC_2023__c/fields/COD_Q40G__c.field-meta.xml
CustomField,S1_HC_2023__c.COD_Q40H__c,maid,reachable only from MAiD,,force-app/main/default/objects/S1_HC_2023__c/fields/COD_Q40H__c.field-meta.xml
CustomField,S1_HC_2023__c.COD_Q40I__c,maid,reachable only from MAiD,,force-app/main/default/objects/S1_HC_2023__c/fields/COD_Q40I__c.field-meta.xml
CustomField,S1_HC_2023__c.COD_Q40J__c,maid,reachable only from MAiD,,force-app/main/default/objects/S1_HC_2023__c/fields/COD_Q40J__c.field-meta.xml
CustomField,S1_HC_2023__c.COD_S40I__c,maid,reachable only from MAiD,,force-app/main/default/objects/S1_HC_2023__c/fields/COD_S40I__c.field-meta.xml
CustomField,S1_HC_2023__c.DIS_Q05__c,maid,reachable only from MAiD,,force-app/main/default/objects/S1_HC_2023__c/fields/DIS_Q05__c.field-meta.xml
CustomField,S1_HC_2023__c.DIS_Q10A__c,maid,reachable only from MAiD,,force-app/main/default/objects/S1_HC_2023__c/fields/DIS_Q10A__c.field-meta.xml
CustomField,S1_HC_2023__c.DIS_Q10B__c,maid,reachable only from MAiD,,force-app/main/default/objects/S1_HC_2023__c/fields/DIS_Q10B__c.field-meta.xml
CustomField,S1_HC_2023__c.DIS_Q10C__c,maid,reachable only from MAiD,,force-app/main/default/objects/S1_HC_2023__c/fields/DIS_Q10C__c.field-meta.xml
CustomField,S1_HC_2023__c.DIS_Q10D__c,maid,reachable only from MAiD,,force-app/main/default/objects/S1_HC_2023__c/fields/DIS_Q10D__c.field-meta.xml
CustomField,S1_HC_2023__c.DIS_Q10E__c,maid,reachable only from MAiD,,force-app/main/default/objects/S1_HC_2023__c/fields/DIS_Q10E__c.field-meta.xml
CustomField,S1_HC_2023__c.DIS_Q10F__c,maid,reachable only from MAiD,,force-app/main/default/objects/S1_HC_2023__c/fields/DIS_Q10F__c.field-meta.xml
CustomField,S1_HC_2023__c.DIS_Q10G__c,maid,reachable only from MAiD,,force-app/main/default/objects/S1_HC_2023__c/fields/DIS_Q10G__c.field-meta.xml
CustomField,S1_HC_2023__c.DIS_Q10H__c,maid,reachable only from MAiD,,force-app/main/default/objects/S1_HC_2023__c/fields/DIS_Q10H__c.field-meta.xml
CustomField,S1_HC_2023__c.DIS_Q10I__c,maid,reachable only from MAiD,,force-app/main/default/objects/S1_HC_2023__c/fields/DIS_Q10I__c.field-meta.xml
CustomField,S1_HC_2023__c.DIS_Q10J__c,maid,reachable only from MAiD,,force-app/main/default/objects/S1_HC_2023__c/fields/DIS_Q10J__c.field-meta.xml
CustomField,S1_HC_2023__c.DIS_Q10K__c,maid,reachable only from MAiD,,force-app/main/default/objects/S1_HC_2023__c/fields/DIS_Q10K__c.field-meta.xml
CustomField,S1_HC_2023__c.DIS_Q10L__c,maid,reachable only from MAiD,,force-app/main/default/objects/S1_HC_2023__c/fields/DIS_Q10L__c.field-meta.xml
CustomField,S1_HC_2023__c.DIS_Q10M__c,maid,reachable only from MAiD,,force-app/main/default/objects/S1_HC_2023__c/fields/DIS_Q10M__c.field-meta.xml
CustomField,S1_HC_2023__c.DIS_Q15__c,maid,reachable only from MAiD,,force-app/main/default/objects/S1_HC_2023__c/fields/DIS_Q15__c.field-meta.xml
CustomField,S1_HC_2023__c.DIS_Q20__c,maid,reachable only from MAiD,,force-app/main/default/objects/S1_HC_2023__c/fields/DIS_Q20__c.field-meta.xml
CustomField,S1_HC_2023__c.DIS_Q25__c,maid,reachable only from MAiD,,force-app/main/default/objects/S1_HC_2023__c/fields/DIS_Q25__c.field-meta.xml
CustomField,S1_HC_2023__c.DIS_Q30__c,maid,reachable only from MAiD,,force-app/main/default/objects/S1_HC_2023__c/fields/DIS_Q30__c.field-meta.xml
CustomField,S1_HC_2023__c.DIS_S10K__c,maid,reachable only from MAiD,,force-app/main/default/objects/S1_HC_2023__c/fields/DIS_S10K__c.field-meta.xml
CustomField,S1_HC_2023__c.ELG_Q112A__c,maid,reachable only from MAiD,,force-app/main/default/objects/S1_HC_2023__c/fields/ELG_Q112A__c.field-meta.xml
CustomField,S1_HC_2023__c.ELG_Q112B__c,maid,reachable only from MAiD,,force-app/main/default/objects/S1_HC_2023__c/fields/ELG_Q112B__c.field-meta.xml
CustomField,S1_HC_2023__c.ELG_Q112C__c,maid,reachable only from MAiD,,force-app/main/default/objects/S1_HC_2023__c/fields/ELG_Q112C__c.field-meta.xml
CustomField,S1_HC_2023__c.ELG_Q112D__c,maid,reachable only from MAiD,,force-app/main/default/objects/S1_HC_2023__c/fields/ELG_Q112D__c.field-meta.xml
CustomField,S1_HC_2023__c.ELG_Q112E__c,maid,reachable only from MAiD,,force-app/main/default/objects/S1_HC_2023__c/fields/ELG_Q112E__c.field-meta.xml
CustomField,S1_HC_2023__c.ELG_Q112F__c,maid,reachable only from MAiD,,force-app/main/default/objects/S1_HC_2023__c/fields/ELG_Q112F__c.field-meta.xml
CustomField,S1_HC_2023__c.ELG_Q112G__c,maid,reachable only from MAiD,,force-app/main/default/objects/S1_HC_2023__c/fields/ELG_Q112G__c.field-meta.xml
CustomField,S1_HC_2023__c.ELG_Q112H__c,maid,reachable only from MAiD,,force-app/main/default/objects/S1_HC_2023__c/fields/ELG_Q112H__c.field-meta.xml
CustomField,S1_HC_2023__c.ELG_Q112I__c,maid,reachable only from MAiD,,force-app/main/default/objects/S1_HC_2023__c/fields/ELG_Q112I__c.field-meta.xml
CustomField,S1_HC_2023__c.ELG_Q130__c,maid,reachable only from MAiD,,force-app/main/default/objects/S1_HC_2023__c/fields/ELG_Q130__c.field-meta.xml
CustomField,S1_HC_2023__c.ELG_Q140__c,maid,reachable only from MAiD,,force-app/main/default/objects/S1_HC_2023__c/fields/ELG_Q140__c.field-meta.xml
CustomField,S1_HC_2023__c.ELG_Q145__c,maid,reachable only from MAiD,,force-app/main/default/objects/S1_HC_2023__c/fields/ELG_Q145__c.field-meta.xml
CustomField,S1_HC_2023__c.ELG_Q37__c,maid,reachable only from MAiD,,force-app/main/default/objects/S1_HC_2023__c/fields/ELG_Q37__c.field-meta.xml
CustomField,S1_HC_2023__c.ELG_Q40A__c,maid,reachable only from MAiD,,force-app/main/default/objects/S1_HC_2023__c/fields/ELG_Q40A__c.field-meta.xml
CustomField,S1_HC_2023__c.ELG_Q40B__c,maid,reachable only from MAiD,,force-app/main/default/objects/S1_HC_2023__c/fields/ELG_Q40B__c.field-meta.xml
CustomField,S1_HC_2023__c.ELG_Q40J__c,maid,reachable only from MAiD,,force-app/main/default/objects/S1_HC_2023__c/fields/ELG_Q40J__c.field-meta.xml
CustomField,S1_HC_2023__c.ELG_Q42D__c,maid,reachable only from MAiD,,force-app/main/default/objects/S1_HC_2023__c/fields/ELG_Q42D__c.field-meta.xml
CustomField,S1_HC_2023__c.ELG_Q42E__c,maid,reachable only from MAiD,,force-app/main/default/objects/S1_HC_2023__c/fields/ELG_Q42E__c.field-meta.xml
CustomField,S1_HC_2023__c.ELG_Q43A__c,maid,reachable only from MAiD,,force-app/main/default/objects/S1_HC_2023__c/fields/ELG_Q43A__c.field-meta.xml
CustomField,S1_HC_2023__c.ELG_Q43B__c,maid,reachable only from MAiD,,force-app/main/default/objects/S1_HC_2023__c/fields/ELG_Q43B__c.field-meta.xml
CustomField,S1_HC_2023__c.ELG_Q43C__c,maid,reachable only from MAiD,,force-app/main/default/objects/S1_HC_2023__c/fields/ELG_Q43C__c.field-meta.xml
CustomField,S1_HC_2023__c.ELG_Q44A__c,maid,reachable only from MAiD,,force-app/main/default/objects/S1_HC_2023__c/fields/ELG_Q44A__c.field-meta.xml
CustomField,S1_HC_2023__c.ELG_Q44B__c,maid,reachable only from MAiD,,force-app/main/default/objects/S1_HC_2023__c/fields/ELG_Q44B__c.field-meta.xml
CustomField,S1_HC_2023__c.ELG_Q44C__c,maid,reachable only from MAiD,,force-app/main/default/objects/S1_HC_2023__c/fields/ELG_Q44C__c.field-meta.xml
CustomField,S1_HC_2023__c.ELG_Q44D__c,maid,reachable only from MAiD,,force-app/main/default/objects/S1_HC_2023__c/fields/ELG_Q44D__c.field-meta.xml
CustomField,S1_HC_2023__c.ELG_Q46A__c,maid,reachable only from MAiD,,force-app/main/default/objects/S1_HC_2023__c/fields/ELG_Q46A__c.field-meta.xml
CustomField,S1_HC_2023__c.ELG_Q46B__c,maid,reachable only from MAiD,,force-app/main/default/objects/S1_HC_2023__c/fields/ELG_Q46B__c.field-meta.xml
CustomField,S1_HC_2023__c.ELG_Q46C__c,maid,reachable only from MAiD,,force-app/main/default/objects/S1_HC_2023__c/fields/ELG_Q46C__c.field-meta.xml
CustomField,S1_HC_2023__c.ELG_Q47A__c,maid,reachable only from MAiD,,force-app/main/default/objects/S1_HC_2023__c/fields/ELG_Q47A__c.field-meta.xml
CustomField,S1_HC_2023__c.ELG_Q47B__c,maid,reachable only from MAiD,,force-app/main/default/objects/S1_HC_2023__c/fields/ELG_Q47B__c.field-meta.xml
CustomField,S1_HC_2023__c.ELG_Q47C__c,maid,reachable only from MAiD,,force-app/main/default/objects/S1_HC_2023__c/fields/ELG_Q47C__c.field-meta.xml
CustomField,S1_HC_2023__c.ELG_Q47D__c,maid,reachable only from MAiD,,force-app/main/default/objects/S1_HC_2023__c/fields/ELG_Q47D__c.field-meta.xml
CustomField,S1_HC_2023__c.ELG_Q47E__c,maid,reachable only from MAiD,,force-app/main/default/objects/S1_HC_2023__c/fields/ELG_Q47E__c.field-meta.xml
CustomField,S1_HC_2023__c.ELG_Q47F__c,maid,reachable only from MAiD,,force-app/main/default/objects/S1_HC_2023__c/fields/ELG_Q47F__c.field-meta.xml
CustomField,S1_HC_2023__c.ELG_Q48A__c,maid,reachable only from MAiD,,force-app/main/default/objects/S1_HC_2023__c/fields/ELG_Q48A__c.field-meta.xml
CustomField,S1_HC_2023__c.ELG_Q48B__c,maid,reachable only from MAiD,,force-app/main/default/objects/S1_HC_2023__c/fields/ELG_Q48B__c.field-meta.xml
CustomField,S1_HC_2023__c.ELG_Q48C__c,maid,reachable only from MAiD,,force-app/main/default/objects/S1_HC_2023__c/fields/ELG_Q48C__c.field-meta.xml
CustomField,S1_HC_2023__c.ELG_Q48D__c,maid,reachable only from MAiD,,force-app/main/default/objects/S1_HC_2023__c/fields/ELG_Q48D__c.field-meta.xml
CustomField,S1_HC_2023__c.ELG_Q48E__c,maid,reachable only from MAiD,,force-app/main/default/objects/S1_HC_2023__c/fields/ELG_Q48E__c.field-meta.xml
CustomField,S1_HC_2023__c.ELG_Q48F__c,maid,reachable only from MAiD,,force-app/main/default/objects/S1_HC_2023__c/fields/ELG_Q48F__c.field-meta.xml
CustomField,S1_HC_2023__c.ELG_Q48G__c,maid,reachable only from MAiD,,force-app/main/default/objects/S1_HC_2023__c/fields/ELG_Q48G__c.field-meta.xml
CustomField,S1_HC_2023__c.ELG_Q48H__c,maid,reachable only from MAiD,,force-app/main/default/objects/S1_HC_2023__c/fields/ELG_Q48H__c.field-meta.xml
CustomField,S1_HC_2023__c.ELG_Q48I__c,maid,reachable only from MAiD,,force-app/main/default/objects/S1_HC_2023__c/fields/ELG_Q48I__c.field-meta.xml
CustomField,S1_HC_2023__c.ELG_Q51A__c,maid,reachable only from MAiD,,force-app/main/default/objects/S1_HC_2023__c/fields/ELG_Q51A__c.field-meta.xml
CustomField,S1_HC_2023__c.ELG_Q51B__c,maid,reachable only from MAiD,,force-app/main/default/objects/S1_HC_2023__c/fields/ELG_Q51B__c.field-meta.xml
CustomField,S1_HC_2023__c.ELG_Q51C__c,maid,reachable only from MAiD,,force-app/main/default/objects/S1_HC_2023__c/fields/ELG_Q51C__c.field-meta.xml
CustomField,S1_HC_2023__c.ELG_Q51D__c,maid,reachable only from MAiD,,force-app/main/default/objects/S1_HC_2023__c/fields/ELG_Q51D__c.field-meta.xml
CustomField,S1_HC_2023__c.ELG_Q51E__c,maid,reachable only from MAiD,,force-app/main/default/objects/S1_HC_2023__c/fields/ELG_Q51E__c.field-meta.xml
CustomField,S1_HC_2023__c.ELG_Q51F__c,maid,reachable only from MAiD,,force-app/main/default/objects/S1_HC_2023__c/fields/ELG_Q51F__c.field-meta.xml
CustomField,S1_HC_2023__c.ELG_Q51G__c,maid,reachable only from MAiD,,force-app/main/default/objects/S1_HC_2023__c/fields/ELG_Q51G__c.field-meta.xml
CustomField,S1_HC_2023__c.ELG_Q51H__c,maid,reachable only from MAiD,,force-app/main/default/objects/S1_HC_2023__c/fields/ELG_Q51H__c.field-meta.xml
CustomField,S1_HC_2023__c.ELG_Q51I__c,maid,reachable only from MAiD,,force-app/main/default/objects/S1_HC_2023__c/fields/ELG_Q51I__c.field-meta.xml
CustomField,S1_HC_2023__c.ELG_Q51J__c,maid,reachable only from MAiD,,force-app/main/default/objects/S1_HC_2023__c/fields/ELG_Q51J__c.field-meta.xml
CustomField,S1_HC_2023__c.ELG_Q51K__c,maid,reachable only from MAiD,,force-app/main/default/objects/S1_HC_2023__c/fields/ELG_Q51K__c.field-meta.xml
CustomField,S1_HC_2023__c.ELG_Q72A__c,maid,reachable only from MAiD,,force-app/main/default/objects/S1_HC_2023__c/fields/ELG_Q72A__c.field-meta.xml
CustomField,S1_HC_2023__c.ELG_Q72B__c,maid,reachable only from MAiD,,force-app/main/default/objects/S1_HC_2023__c/fields/ELG_Q72B__c.field-meta.xml
CustomField,S1_HC_2023__c.ELG_Q72C__c,maid,reachable only from MAiD,,force-app/main/default/objects/S1_HC_2023__c/fields/ELG_Q72C__c.field-meta.xml
CustomField,S1_HC_2023__c.ELG_Q72D__c,maid,reachable only from MAiD,,force-app/main/default/objects/S1_HC_2023__c/fields/ELG_Q72D__c.field-meta.xml
CustomField,S1_HC_2023__c.ELG_Q72E__c,maid,reachable only from MAiD,,force-app/main/default/objects/S1_HC_2023__c/fields/ELG_Q72E__c.field-meta.xml
CustomField,S1_HC_2023__c.ELG_Q72F__c,maid,reachable only from MAiD,,force-app/main/default/objects/S1_HC_2023__c/fields/ELG_Q72F__c.field-meta.xml
CustomField,S1_HC_2023__c.ELG_Q72G__c,maid,reachable only from MAiD,,force-app/main/default/objects/S1_HC_2023__c/fields/ELG_Q72G__c.field-meta.xml
CustomField,S1_HC_2023__c.ELG_Q74__c,maid,reachable only from MAiD,,force-app/main/default/objects/S1_HC_2023__c/fields/ELG_Q74__c.field-meta.xml
CustomField,S1_HC_2023__c.ELG_Q86A__c,maid,reachable only from MAiD,,force-app/main/default/objects/S1_HC_2023__c/fields/ELG_Q86A__c.field-meta.xml
CustomField,S1_HC_2023__c.ELG_Q86B__c,maid,reachable only from MAiD,,force-app/main/default/objects/S1_HC_2023__c/fields/ELG_Q86B__c.field-meta.xml
CustomField,S1_HC_2023__c.ELG_Q86C__c,maid,reachable only from MAiD,,force-app/main/default/objects/S1_HC_2023__c/fields/ELG_Q86C__c.field-meta.xml
CustomField,S1_HC_2023__c.ELG_Q86D__c,maid,reachable only from MAiD,,force-app/main/default/objects/S1_HC_2023__c/fields/ELG_Q86D__c.field-meta.xml
CustomField,S1_HC_2023__c.ELG_Q86E__c,maid,reachable only from MAiD,,force-app/main/default/objects/S1_HC_2023__c/fields/ELG_Q86E__c.field-meta.xml
CustomField,S1_HC_2023__c.ELG_Q86F__c,maid,reachable only from MAiD,,force-app/main/default/objects/S1_HC_2023__c/fields/ELG_Q86F__c.field-meta.xml
CustomField,S1_HC_2023__c.ELG_Q86G__c,maid,reachable only from MAiD,,force-app/main/default/objects/S1_HC_2023__c/fields/ELG_Q86G__c.field-meta.xml
CustomField,S1_HC_2023__c.ELG_Q87A__c,maid,reachable only from MAiD,,force-app/main/default/objects/S1_HC_2023__c/fields/ELG_Q87A__c.field-meta.xml
CustomField,S1_HC_2023__c.ELG_Q87B__c,maid,reachable only from MAiD,,force-app/main/default/objects/S1_HC_2023__c/fields/ELG_Q87B__c.field-meta.xml
CustomField,S1_HC_2023__c.ELG_Q87C__c,maid,reachable only from MAiD,,force-app/main/default/objects/S1_HC_2023__c/fields/ELG_Q87C__c.field-meta.xml
CustomField,S1_HC_2023__c.ELG_Q87D__c,maid,reachable only from MAiD,,force-app/main/default/objects/S1_HC_2023__c/fields/ELG_Q87D__c.field-meta.xml
CustomField,S1_HC_2023__c.ELG_Q87E__c,maid,reachable only from MAiD,,force-app/main/default/objects/S1_HC_2023__c/fields/ELG_Q87E__c.field-meta.xml
CustomField,S1_HC_2023__c.ELG_Q87F__c,maid,reachable only from MAiD,,force-app/main/default/objects/S1_HC_2023__c/fields/ELG_Q87F__c.field-meta.xml
CustomField,S1_HC_2023__c.ELG_Q87G__c,maid,reachable only from MAiD,,force-app/main/default/objects/S1_HC_2023__c/fields/ELG_Q87G__c.field-meta.xml
CustomField,S1_HC_2023__c.ELG_Q87H__c,maid,reachable only from MAiD,,force-app/main/default/objects/S1_HC_2023__c/fields/ELG_Q87H__c.field-meta.xml
CustomField,S1_HC_2023__c.ELG_Q87I__c,maid,reachable only from MAiD,,force-app/main/default/objects/S1_HC_2023__c/fields/ELG_Q87I__c.field-meta.xml
CustomField,S1_HC_2023__c.ELG_Q87J__c,maid,reachable only from MAiD,,force-app/main/default/objects/S1_HC_2023__c/fields/ELG_Q87J__c.field-meta.xml
CustomField,S1_HC_2023__c.ELG_Q87K__c,maid,reachable only from MAiD,,force-app/main/default/objects/S1_HC_2023__c/fields/ELG_Q87K__c.field-meta.xml
CustomField,S1_HC_2023__c.ELG_S112H__c,maid,reachable only from MAiD,,force-app/main/default/objects/S1_HC_2023__c/fields/ELG_S112H__c.field-meta.xml
CustomField,S1_HC_2023__c.ELG_S40D__c,maid,reachable only from MAiD,,force-app/main/default/objects/S1_HC_2023__c/fields/ELG_S40D__c.field-meta.xml
CustomField,S1_HC_2023__c.ELG_S43C__c,maid,reachable only from MAiD,,force-app/main/default/objects/S1_HC_2023__c/fields/ELG_S43C__c.field-meta.xml
CustomField,S1_HC_2023__c.ELG_S46C__c,maid,reachable only from MAiD,,force-app/main/default/objects/S1_HC_2023__c/fields/ELG_S46C__c.field-meta.xml
CustomField,S1_HC_2023__c.ELG_S47E__c,maid,reachable only from MAiD,,force-app/main/default/objects/S1_HC_2023__c/fields/ELG_S47E__c.field-meta.xml
CustomField,S1_HC_2023__c.ELG_S48I__c,maid,reachable only from MAiD,,force-app/main/default/objects/S1_HC_2023__c/fields/ELG_S48I__c.field-meta.xml
CustomField,S1_HC_2023__c.ELG_S51K__c,maid,reachable only from MAiD,,force-app/main/default/objects/S1_HC_2023__c/fields/ELG_S51K__c.field-meta.xml
CustomField,S1_HC_2023__c.ELG_S72G__c,maid,reachable only from MAiD,,force-app/main/default/objects/S1_HC_2023__c/fields/ELG_S72G__c.field-meta.xml
CustomField,S1_HC_2023__c.ELG_S87J__c,maid,reachable only from MAiD,,force-app/main/default/objects/S1_HC_2023__c/fields/ELG_S87J__c.field-meta.xml
CustomField,S1_HC_2023__c.Form_1634__c,maid,reachable only from MAiD,,force-app/main/default/objects/S1_HC_2023__c/fields/Form_1634__c.field-meta.xml
CustomField,S1_HC_2023__c.IND_Q05A__c,maid,reachable only from MAiD,,force-app/main/default/objects/S1_HC_2023__c/fields/IND_Q05A__c.field-meta.xml
CustomField,S1_HC_2023__c.IND_Q05B__c,maid,reachable only from MAiD,,force-app/main/default/objects/S1_HC_2023__c/fields/IND_Q05B__c.field-meta.xml
CustomField,S1_HC_2023__c.IND_Q05C__c,maid,reachable only from MAiD,,force-app/main/default/objects/S1_HC_2023__c/fields/IND_Q05C__c.field-meta.xml
CustomField,S1_HC_2023__c.IND_Q05D__c,maid,reachable only from MAiD,,force-app/main/default/objects/S1_HC_2023__c/fields/IND_Q05D__c.field-meta.xml
CustomField,S1_HC_2023__c.IND_Q05E__c,maid,reachable only from MAiD,,force-app/main/default/objects/S1_HC_2023__c/fields/IND_Q05E__c.field-meta.xml
CustomField,S1_HC_2023__c.IND_Q05F__c,maid,reachable only from MAiD,,force-app/main/default/objects/S1_HC_2023__c/fields/IND_Q05F__c.field-meta.xml
CustomField,S1_HC_2023__c.MDR1_Q05__c,maid,reachable only from MAiD,,force-app/main/default/objects/S1_HC_2023__c/fields/MDR1_Q05__c.field-meta.xml
CustomField,S1_HC_2023__c.PROC_Q100__c,maid,reachable only from MAiD,,force-app/main/default/objects/S1_HC_2023__c/fields/PROC_Q100__c.field-meta.xml
CustomField,S1_HC_2023__c.PROC_Q105__c,maid,reachable only from MAiD,,force-app/main/default/objects/S1_HC_2023__c/fields/PROC_Q105__c.field-meta.xml
CustomField,S1_HC_2023__c.PROC_Q110__c,maid,reachable only from MAiD,,force-app/main/default/objects/S1_HC_2023__c/fields/PROC_Q110__c.field-meta.xml
CustomField,S1_HC_2023__c.PROC_Q115__c,maid,reachable only from MAiD,,force-app/main/default/objects/S1_HC_2023__c/fields/PROC_Q115__c.field-meta.xml
CustomField,S1_HC_2023__c.PROC_Q120__c,maid,reachable only from MAiD,,force-app/main/default/objects/S1_HC_2023__c/fields/PROC_Q120__c.field-meta.xml
CustomField,S1_HC_2023__c.PROC_Q125__c,maid,reachable only from MAiD,,force-app/main/default/objects/S1_HC_2023__c/fields/PROC_Q125__c.field-meta.xml
CustomField,S1_HC_2023__c.PROC_Q130__c,maid,reachable only from MAiD,,force-app/main/default/objects/S1_HC_2023__c/fields/PROC_Q130__c.field-meta.xml
CustomField,S1_HC_2023__c.PROC_Q135__c,maid,reachable only from MAiD,,force-app/main/default/objects/S1_HC_2023__c/fields/PROC_Q135__c.field-meta.xml
CustomField,S1_HC_2023__c.PROC_Q140A__c,maid,reachable only from MAiD,,force-app/main/default/objects/S1_HC_2023__c/fields/PROC_Q140A__c.field-meta.xml
CustomField,S1_HC_2023__c.PROC_Q140B__c,maid,reachable only from MAiD,,force-app/main/default/objects/S1_HC_2023__c/fields/PROC_Q140B__c.field-meta.xml
CustomField,S1_HC_2023__c.PROC_Q140C__c,maid,reachable only from MAiD,,force-app/main/default/objects/S1_HC_2023__c/fields/PROC_Q140C__c.field-meta.xml
CustomField,S1_HC_2023__c.PROC_Q140D__c,maid,reachable only from MAiD,,force-app/main/default/objects/S1_HC_2023__c/fields/PROC_Q140D__c.field-meta.xml
CustomField,S1_HC_2023__c.PROC_Q140E__c,maid,reachable only from MAiD,,force-app/main/default/objects/S1_HC_2023__c/fields/PROC_Q140E__c.field-meta.xml
CustomField,S1_HC_2023__c.PROC_Q140F__c,maid,reachable only from MAiD,,force-app/main/default/objects/S1_HC_2023__c/fields/PROC_Q140F__c.field-meta.xml
CustomField,S1_HC_2023__c.PROC_Q140G__c,maid,reachable only from MAiD,,force-app/main/default/objects/S1_HC_2023__c/fields/PROC_Q140G__c.field-meta.xml
CustomField,S1_HC_2023__c.PROC_Q140H__c,maid,reachable only from MAiD,,force-app/main/default/objects/S1_HC_2023__c/fields/PROC_Q140H__c.field-meta.xml
CustomField,S1_HC_2023__c.PROC_Q140I__c,maid,reachable only from MAiD,,force-app/main/default/objects/S1_HC_2023__c/fields/PROC_Q140I__c.field-meta.xml
CustomField,S1_HC_2023__c.PROC_Q140J__c,maid,reachable only from MAiD,,force-app/main/default/objects/S1_HC_2023__c/fields/PROC_Q140J__c.field-meta.xml
CustomField,S1_HC_2023__c.PROC_Q145__c,maid,reachable only from MAiD,,force-app/main/default/objects/S1_HC_2023__c/fields/PROC_Q145__c.field-meta.xml
CustomField,S1_HC_2023__c.PROC_Q150__c,maid,reachable only from MAiD,,force-app/main/default/objects/S1_HC_2023__c/fields/PROC_Q150__c.field-meta.xml
CustomField,S1_HC_2023__c.PROC_Q155A__c,maid,reachable only from MAiD,,force-app/main/default/objects/S1_HC_2023__c/fields/PROC_Q155A__c.field-meta.xml
CustomField,S1_HC_2023__c.PROC_Q155B__c,maid,reachable only from MAiD,,force-app/main/default/objects/S1_HC_2023__c/fields/PROC_Q155B__c.field-meta.xml
CustomField,S1_HC_2023__c.PROC_Q155C__c,maid,reachable only from MAiD,,force-app/main/default/objects/S1_HC_2023__c/fields/PROC_Q155C__c.field-meta.xml
CustomField,S1_HC_2023__c.PROC_Q155D__c,maid,reachable only from MAiD,,force-app/main/default/objects/S1_HC_2023__c/fields/PROC_Q155D__c.field-meta.xml
CustomField,S1_HC_2023__c.PROC_Q155E__c,maid,reachable only from MAiD,,force-app/main/default/objects/S1_HC_2023__c/fields/PROC_Q155E__c.field-meta.xml
CustomField,S1_HC_2023__c.PROC_Q155F__c,maid,reachable only from MAiD,,force-app/main/default/objects/S1_HC_2023__c/fields/PROC_Q155F__c.field-meta.xml
CustomField,S1_HC_2023__c.PROC_Q155G__c,maid,reachable only from MAiD,,force-app/main/default/objects/S1_HC_2023__c/fields/PROC_Q155G__c.field-meta.xml
CustomField,S1_HC_2023__c.PROC_Q155H__c,maid,reachable only from MAiD,,force-app/main/default/objects/S1_HC_2023__c/fields/PROC_Q155H__c.field-meta.xml
CustomField,S1_HC_2023__c.PROC_Q155I__c,maid,reachable only from MAiD,,force-app/main/default/objects/S1_HC_2023__c/fields/PROC_Q155I__c.field-meta.xml
CustomField,S1_HC_2023__c.PROC_Q155J__c,maid,reachable only from MAiD,,force-app/main/default/objects/S1_HC_2023__c/fields/PROC_Q155J__c.field-meta.xml
CustomField,S1_HC_2023__c.PROC_Q160__c,maid,reachable only from MAiD,,force-app/main/default/objects/S1_HC_2023__c/fields/PROC_Q160__c.field-meta.xml
CustomField,S1_HC_2023__c.PROC_Q165__c,maid,reachable only from MAiD,,force-app/main/default/objects/S1_HC_2023__c/fields/PROC_Q165__c.field-meta.xml
CustomField,S1_HC_2023__c.PROC_Q170A__c,maid,reachable only from MAiD,,force-app/main/default/objects/S1_HC_2023__c/fields/PROC_Q170A__c.field-meta.xml
CustomField,S1_HC_2023__c.PROC_Q170B__c,maid,reachable only from MAiD,,force-app/main/default/objects/S1_HC_2023__c/fields/PROC_Q170B__c.field-meta.xml
CustomField,S1_HC_2023__c.PROC_Q170C__c,maid,reachable only from MAiD,,force-app/main/default/objects/S1_HC_2023__c/fields/PROC_Q170C__c.field-meta.xml
CustomField,S1_HC_2023__c.PROC_Q170D__c,maid,reachable only from MAiD,,force-app/main/default/objects/S1_HC_2023__c/fields/PROC_Q170D__c.field-meta.xml
CustomField,S1_HC_2023__c.PROC_Q170E__c,maid,reachable only from MAiD,,force-app/main/default/objects/S1_HC_2023__c/fields/PROC_Q170E__c.field-meta.xml
CustomField,S1_HC_2023__c.PROC_Q170F__c,maid,reachable only from MAiD,,force-app/main/default/objects/S1_HC_2023__c/fields/PROC_Q170F__c.field-meta.xml
CustomField,S1_HC_2023__c.PROC_Q170G__c,maid,reachable only from MAiD,,force-app/main/default/objects/S1_HC_2023__c/fields/PROC_Q170G__c.field-meta.xml
CustomField,S1_HC_2023__c.PROC_Q170H__c,maid,reachable only from MAiD,,force-app/main/default/objects/S1_HC_2023__c/fields/PROC_Q170H__c.field-meta.xml
CustomField,S1_HC_2023__c.PROC_Q175__c,maid,reachable only from MAiD,,force-app/main/default/objects/S1_HC_2023__c/fields/PROC_Q175__c.field-meta.xml
CustomField,S1_HC_2023__c.PROC_Q180__c,maid,reachable only from MAiD,,force-app/main/default/objects/S1_HC_2023__c/fields/PROC_Q180__c.field-meta.xml
CustomField,S1_HC_2023__c.PROC_Q185A__c,maid,reachable only from MAiD,,force-app/main/default/objects/S1_HC_2023__c/fields/PROC_Q185A__c.field-meta.xml
CustomField,S1_HC_2023__c.PROC_Q185B__c,maid,reachable only from MAiD,,force-app/main/default/objects/S1_HC_2023__c/fields/PROC_Q185B__c.field-meta.xml
CustomField,S1_HC_2023__c.PROC_Q185C__c,maid,reachable only from MAiD,,force-app/main/default/objects/S1_HC_2023__c/fields/PROC_Q185C__c.field-meta.xml
CustomField,S1_HC_2023__c.PROC_Q185D__c,maid,reachable only from MAiD,,force-app/main/default/objects/S1_HC_2023__c/fields/PROC_Q185D__c.field-meta.xml
CustomField,S1_HC_2023__c.PROC_Q85__c,maid,reachable only from MAiD,,force-app/main/default/objects/S1_HC_2023__c/fields/PROC_Q85__c.field-meta.xml
CustomField,S1_HC_2023__c.PROC_Q90__c,maid,reachable only from MAiD,,force-app/main/default/objects/S1_HC_2023__c/fields/PROC_Q90__c.field-meta.xml
CustomField,S1_HC_2023__c.PROC_S140J__c,maid,reachable only from MAiD,,force-app/main/default/objects/S1_HC_2023__c/fields/PROC_S140J__c.field-meta.xml
CustomField,S1_HC_2023__c.PROC_S170H__c,maid,reachable only from MAiD,,force-app/main/default/objects/S1_HC_2023__c/fields/PROC_S170H__c.field-meta.xml
CustomField,S1_HC_2023__c.PROC_S185D__c,maid,reachable only from MAiD,,force-app/main/default/objects/S1_HC_2023__c/fields/PROC_S185D__c.field-meta.xml
CustomField,S1_HC_2023__c.RAC_Q05A__c,maid,reachable only from MAiD,,force-app/main/default/objects/S1_HC_2023__c/fields/RAC_Q05A__c.field-meta.xml
CustomField,S1_HC_2023__c.RAC_Q05B__c,maid,reachable only from MAiD,,force-app/main/default/objects/S1_HC_2023__c/fields/RAC_Q05B__c.field-meta.xml
CustomField,S1_HC_2023__c.RAC_Q05C__c,maid,reachable only from MAiD,,force-app/main/default/objects/S1_HC_2023__c/fields/RAC_Q05C__c.field-meta.xml
CustomField,S1_HC_2023__c.RAC_Q05D__c,maid,reachable only from MAiD,,force-app/main/default/objects/S1_HC_2023__c/fields/RAC_Q05D__c.field-meta.xml
CustomField,S1_HC_2023__c.RAC_Q05E__c,maid,reachable only from MAiD,,force-app/main/default/objects/S1_HC_2023__c/fields/RAC_Q05E__c.field-meta.xml
CustomField,S1_HC_2023__c.RAC_Q05F__c,maid,reachable only from MAiD,,force-app/main/default/objects/S1_HC_2023__c/fields/RAC_Q05F__c.field-meta.xml
CustomField,S1_HC_2023__c.RAC_Q05G__c,maid,reachable only from MAiD,,force-app/main/default/objects/S1_HC_2023__c/fields/RAC_Q05G__c.field-meta.xml
CustomField,S1_HC_2023__c.RAC_Q05H__c,maid,reachable only from MAiD,,force-app/main/default/objects/S1_HC_2023__c/fields/RAC_Q05H__c.field-meta.xml
CustomField,S1_HC_2023__c.RAC_Q05I__c,maid,reachable only from MAiD,,force-app/main/default/objects/S1_HC_2023__c/fields/RAC_Q05I__c.field-meta.xml
CustomField,S1_HC_2023__c.RAC_Q05J__c,maid,reachable only from MAiD,,force-app/main/default/objects/S1_HC_2023__c/fields/RAC_Q05J__c.field-meta.xml
CustomField,S1_HC_2023__c.RAC_S05H__c,maid,reachable only from MAiD,,force-app/main/default/objects/S1_HC_2023__c/fields/RAC_S05H__c.field-meta.xml
CustomField,S1_HC_2023__c.REQ_Q15__c,maid,reachable only from MAiD,,force-app/main/default/objects/S1_HC_2023__c/fields/REQ_Q15__c.field-meta.xml
CustomField,S1_HC_2023__c.REQ_Q20__c,maid,reachable only from MAiD,,force-app/main/default/objects/S1_HC_2023__c/fields/REQ_Q20__c.field-meta.xml
CustomField,S1_HC_2023__c.REQ_Q25__c,maid,reachable only from MAiD,,force-app/main/default/objects/S1_HC_2023__c/fields/REQ_Q25__c.field-meta.xml
CustomField,S1_HC_2023__c.REQ_S25__c,maid,reachable only from MAiD,,force-app/main/default/objects/S1_HC_2023__c/fields/REQ_S25__c.field-meta.xml
CustomField,S1_HC_2023__c.RES_Q05__c,maid,reachable only from MAiD,,force-app/main/default/objects/S1_HC_2023__c/fields/RES_Q05__c.field-meta.xml
CustomField,S1_HC_2023__c.RES_Q10__c,maid,reachable only from MAiD,,force-app/main/default/objects/S1_HC_2023__c/fields/RES_Q10__c.field-meta.xml
CustomField,S1_HC_2023__c.RES_S05__c,maid,reachable only from MAiD,,force-app/main/default/objects/S1_HC_2023__c/fields/RES_S05__c.field-meta.xml
CustomField,S1_HC_2023__c.RES_S10__c,maid,reachable only from MAiD,,force-app/main/default/objects/S1_HC_2023__c/fields/RES_S10__c.field-meta.xml
CustomField,S1_HC_2023__c.RFD_Q05__c,maid,reachable only from MAiD,,force-app/main/default/objects/S1_HC_2023__c/fields/RFD_Q05__c.field-meta.xml
CustomField,S1_HC_2023__c.SEX_Q05__c,maid,reachable only from MAiD,,force-app/main/default/objects/S1_HC_2023__c/fields/SEX_Q05__c.field-meta.xml
CustomField,S1_HC_2023__c.SEX_Q06__c,maid,reachable only from MAiD,,force-app/main/default/objects/S1_HC_2023__c/fields/SEX_Q06__c.field-meta.xml
CustomField,S1_HC_2023__c.SEX_S05__c,maid,reachable only from MAiD,,force-app/main/default/objects/S1_HC_2023__c/fields/SEX_S05__c.field-meta.xml
CustomField,S1_HC_2023__c.SEX_S06__c,maid,reachable only from MAiD,,force-app/main/default/objects/S1_HC_2023__c/fields/SEX_S06__c.field-meta.xml
CustomField,S1_HC_2023__c.SLF_Q31__c,maid,reachable only from MAiD,,force-app/main/default/objects/S1_HC_2023__c/fields/SLF_Q31__c.field-meta.xml
CustomField,S1_HC_2023__c.SLF_Q45__c,maid,reachable only from MAiD,,force-app/main/default/objects/S1_HC_2023__c/fields/SLF_Q45__c.field-meta.xml
CustomField,S1_HC_2023__c.SLF_Q50__c,maid,reachable only from MAiD,,force-app/main/default/objects/S1_HC_2023__c/fields/SLF_Q50__c.field-meta.xml
CustomField,S1_HC_2023__c.SPC_Q16__c,maid,reachable only from MAiD,,force-app/main/default/objects/S1_HC_2023__c/fields/SPC_Q16__c.field-meta.xml
CustomField,S1_HC_2023__c.SPC_S16__c,maid,reachable only from MAiD,,force-app/main/default/objects/S1_HC_2023__c/fields/SPC_S16__c.field-meta.xml
CustomField,S1_HC_2023__c.WOR_Q15A__c,maid,reachable only from MAiD,,force-app/main/default/objects/S1_HC_2023__c/fields/WOR_Q15A__c.field-meta.xml
CustomField,S1_HC_2023__c.WOR_Q15B__c,maid,reachable only from MAiD,,force-app/main/default/objects/S1_HC_2023__c/fields/WOR_Q15B__c.field-meta.xml
CustomField,S1_HC_2023__c.WOR_Q15C__c,maid,reachable only from MAiD,,force-app/main/default/objects/S1_HC_2023__c/fields/WOR_Q15C__c.field-meta.xml
CustomField,S1_HC_2023__c.WOR_Q15D__c,maid,reachable only from MAiD,,force-app/main/default/objects/S1_HC_2023__c/fields/WOR_Q15D__c.field-meta.xml
CustomField,S1_HC_2023__c.WOR_Q15E__c,maid,reachable only from MAiD,,force-app/main/default/objects/S1_HC_2023__c/fields/WOR_Q15E__c.field-meta.xml
CustomField,S1_HC_2023__c.WOR_Q15F__c,maid,reachable only from MAiD,,force-app/main/default/objects/S1_HC_2023__c/fields/WOR_Q15F__c.field-meta.xml
CustomField,S1_HC_2023__c.WOR_Q20A__c,maid,reachable only from MAiD,,force-app/main/default/objects/S1_HC_2023__c/fields/WOR_Q20A__c.field-meta.xml
CustomField,S1_HC_2023__c.WOR_Q20B__c,maid,reachable only from MAiD,,force-app/main/default/objects/S1_HC_2023__c/fields/WOR_Q20B__c.field-meta.xml
CustomField,S1_HC_2023__c.WOR_Q20C__c,maid,reachable only from MAiD,,force-app/main/default/objects/S1_HC_2023__c/fields/WOR_Q20C__c.field-meta.xml
CustomField,S1_HC_2023__c.WOR_Q20D__c,maid,reachable only from MAiD,,force-app/main/default/objects/S1_HC_2023__c/fields/WOR_Q20D__c.field-meta.xml
CustomField,S1_HC_2023__c.WOR_Q20E__c,maid,reachable only from MAiD,,force-app/main/default/objects/S1_HC_2023__c/fields/WOR_Q20E__c.field-meta.xml
CustomField,S1_HC_2023__c.WOR_Q20F__c,maid,reachable only from MAiD,,force-app/main/default/objects/S1_HC_2023__c/fields/WOR_Q20F__c.field-meta.xml
CustomField,S1_HC_2023__c.WOR_Q20G__c,maid,reachable only from MAiD,,force-app/main/default/objects/S1_HC_2023__c/fields/WOR_Q20G__c.field-meta.xml
CustomField,S1_HC_2023__c.WOR_Q20H__c,maid,reachable only from MAiD,,force-app/main/default/objects/S1_HC_2023__c/fields/WOR_Q20H__c.field-meta.xml
CustomField,S1_HC_2023__c.WOR_Q20I__c,maid,reachable only from MAiD,,force-app/main/default/objects/S1_HC_2023__c/fields/WOR_Q20I__c.field-meta.xml
CustomField,S1_HC_2023__c.WOR_Q20J__c,maid,reachable only from MAiD,,force-app/main/default/objects/S1_HC_2023__c/fields/WOR_Q20J__c.field-meta.xml
CustomField,S1_HC_2023__c.WOR_S15E__c,maid,reachable only from MAiD,,force-app/main/default/objects/S1_HC_2023__c/fields/WOR_S15E__c.field-meta.xml
CustomField,S1_HC_2023__c.WOR_S20J__c,maid,reachable only from MAiD,,force-app/main/default/objects/S1_HC_2023__c/fields/WOR_S20J__c.field-meta.xml
CustomField,System_Access_Request__c.Access_type__c,icy,unreferenced; follows owning object,,force-app/main/default/objects/System_Access_Request__c/fields/Access_type__c.field-meta.xml
CustomField,System_Access_Request__c.BCEID_Account_Type__c,icy,unreferenced; follows owning object,,force-app/main/default/objects/System_Access_Request__c/fields/BCEID_Account_Type__c.field-meta.xml
CustomField,System_Access_Request__c.BCeIDorIDIR_DisplayName__c,icy,reachable only from ICY,,force-app/main/default/objects/System_Access_Request__c/fields/BCeIDorIDIR_DisplayName__c.field-meta.xml
CustomField,System_Access_Request__c.BCeIDorIDIR_Email__c,icy,reachable only from ICY,,force-app/main/default/objects/System_Access_Request__c/fields/BCeIDorIDIR_Email__c.field-meta.xml
CustomField,System_Access_Request__c.BCeIDorIDIR_UserName__c,icy,reachable only from ICY,,force-app/main/default/objects/System_Access_Request__c/fields/BCeIDorIDIR_UserName__c.field-meta.xml
CustomField,System_Access_Request__c.Business_BCeID_IDIR__c,icy,reachable only from ICY,,force-app/main/default/objects/System_Access_Request__c/fields/Business_BCeID_IDIR__c.field-meta.xml
CustomField,System_Access_Request__c.CaseId__c,icy,unreferenced; follows owning object,,force-app/main/default/objects/System_Access_Request__c/fields/CaseId__c.field-meta.xml
CustomField,System_Access_Request__c.Case_Contact__c,icy,reachable only from ICY,,force-app/main/default/objects/System_Access_Request__c/fields/Case_Contact__c.field-meta.xml
CustomField,System_Access_Request__c.Case_Verification_Code__c,icy,unreferenced; follows owning object,,force-app/main/default/objects/System_Access_Request__c/fields/Case_Verification_Code__c.field-meta.xml
CustomField,System_Access_Request__c.Contact_Phone_Number__c,icy,reachable only from ICY,,force-app/main/default/objects/System_Access_Request__c/fields/Contact_Phone_Number__c.field-meta.xml
CustomField,System_Access_Request__c.EIS_Region__c,icy,unreferenced; follows owning object,,force-app/main/default/objects/System_Access_Request__c/fields/EIS_Region__c.field-meta.xml
CustomField,System_Access_Request__c.Email__c,icy,reachable only from ICY,,force-app/main/default/objects/System_Access_Request__c/fields/Email__c.field-meta.xml
CustomField,System_Access_Request__c.First_Name__c,icy,reachable only from ICY,,force-app/main/default/objects/System_Access_Request__c/fields/First_Name__c.field-meta.xml
CustomField,System_Access_Request__c.ICY_Access_requested__c,icy,reachable only from ICY,,force-app/main/default/objects/System_Access_Request__c/fields/ICY_Access_requested__c.field-meta.xml
CustomField,System_Access_Request__c.ICY_Community_Assigned__c,icy,reachable only from ICY,,force-app/main/default/objects/System_Access_Request__c/fields/ICY_Community_Assigned__c.field-meta.xml
CustomField,System_Access_Request__c.ICY_Employer_Organization__c,icy,reachable only from ICY,,force-app/main/default/objects/System_Access_Request__c/fields/ICY_Employer_Organization__c.field-meta.xml
CustomField,System_Access_Request__c.ICY_If_Other__c,icy,reachable only from ICY,,force-app/main/default/objects/System_Access_Request__c/fields/ICY_If_Other__c.field-meta.xml
CustomField,System_Access_Request__c.Last_Name__c,icy,reachable only from ICY,,force-app/main/default/objects/System_Access_Request__c/fields/Last_Name__c.field-meta.xml
CustomField,System_Access_Request__c.Mailing_Address_City__c,icy,unreferenced; follows owning object,,force-app/main/default/objects/System_Access_Request__c/fields/Mailing_Address_City__c.field-meta.xml
CustomField,System_Access_Request__c.Mailing_Address_Line1__c,icy,unreferenced; follows owning object,,force-app/main/default/objects/System_Access_Request__c/fields/Mailing_Address_Line1__c.field-meta.xml
CustomField,System_Access_Request__c.Mailing_Address_Line2__c,icy,unreferenced; follows owning object,,force-app/main/default/objects/System_Access_Request__c/fields/Mailing_Address_Line2__c.field-meta.xml
CustomField,System_Access_Request__c.Mailing_Address_Postal_Code__c,icy,unreferenced; follows owning object,,force-app/main/default/objects/System_Access_Request__c/fields/Mailing_Address_Postal_Code__c.field-meta.xml
CustomField,System_Access_Request__c.Middle_Name_Initial__c,icy,unreferenced; follows owning object,,force-app/main/default/objects/System_Access_Request__c/fields/Middle_Name_Initial__c.field-meta.xml
CustomField,System_Access_Request__c.On_Behalf_Of__c,icy,unreferenced; follows owning object,,force-app/main/default/objects/System_Access_Request__c/fields/On_Behalf_Of__c.field-meta.xml
CustomField,System_Access_Request__c.Portal_Access_Granted__c,icy,unreferenced; follows owning object,,force-app/main/default/objects/System_Access_Request__c/fields/Portal_Access_Granted__c.field-meta.xml
CustomField,System_Access_Request__c.Profession_Role__c,icy,reachable only from ICY,,force-app/main/default/objects/System_Access_Request__c/fields/Profession_Role__c.field-meta.xml
CustomField,System_Access_Request__c.Professional_Identifying_Number__c,icy,unreferenced; follows owning object,,force-app/main/default/objects/System_Access_Request__c/fields/Professional_Identifying_Number__c.field-meta.xml
CustomField,System_Access_Request__c.Reason_for_Solution_Access__c,icy,unreferenced; follows owning object,,force-app/main/default/objects/System_Access_Request__c/fields/Reason_for_Solution_Access__c.field-meta.xml
CustomField,System_Access_Request__c.RegUsers_Removal_Reason__c,icy,unreferenced; follows owning object,,force-app/main/default/objects/System_Access_Request__c/fields/RegUsers_Removal_Reason__c.field-meta.xml
CustomField,System_Access_Request__c.Registered_User_Status__c,icy,unreferenced; follows owning object,,force-app/main/default/objects/System_Access_Request__c/fields/Registered_User_Status__c.field-meta.xml
CustomField,System_Access_Request__c.Relationship_to_Individual_if_Other__c,icy,unreferenced; follows owning object,,force-app/main/default/objects/System_Access_Request__c/fields/Relationship_to_Individual_if_Other__c.field-meta.xml
CustomField,System_Access_Request__c.Request_Date__c,icy,unreferenced; follows owning object,,force-app/main/default/objects/System_Access_Request__c/fields/Request_Date__c.field-meta.xml
CustomField,System_Access_Request__c.SiteMinder_GUID__c,icy,reachable only from ICY,,force-app/main/default/objects/System_Access_Request__c/fields/SiteMinder_GUID__c.field-meta.xml
CustomField,System_Access_Request__c.Status__c,icy,reachable only from ICY,,force-app/main/default/objects/System_Access_Request__c/fields/Status__c.field-meta.xml
CustomField,System_Access_Request__c.User_Credentials_OR_Role_Profession__c,icy,unreferenced; follows owning object,,force-app/main/default/objects/System_Access_Request__c/fields/User_Credentials_OR_Role_Profession__c.field-meta.xml
CustomField,System_Access_Request__c.User_Role__c,icy,unreferenced; follows owning object,,force-app/main/default/objects/System_Access_Request__c/fields/User_Role__c.field-meta.xml
CustomField,System_Access_Request__c.sfxId__c,icy,unreferenced; follows owning object,,force-app/main/default/objects/System_Access_Request__c/fields/sfxId__c.field-meta.xml
CustomField,User.Privacy_Acknowledgement__c,icy,reachable only from ICY,,force-app/main/default/objects/User/fields/Privacy_Acknowledgement__c.field-meta.xml
CustomField,User.Privacy_Statement_Accepted__c,icy,reachable only from ICY,,force-app/main/default/objects/User/fields/Privacy_Statement_Accepted__c.field-meta.xml
CustomField,User.ProfileName__c,icy,unreferenced; added by ICY commit 2023-12-15 'BCMOHAD-19743 - ICY Integrate complete m',2023-12-15 BCMOHAD-19743 - ICY Integrate complete migration.,force-app/main/default/objects/User/fields/ProfileName__c.field-meta.xml
CustomField,YTS_Goal_Steps__c.Action_Goal_Description__c,icy,reachable only from ICY,,force-app/main/default/objects/YTS_Goal_Steps__c/fields/Action_Goal_Description__c.field-meta.xml
CustomField,YTS_Goal_Steps__c.Action_To_Meet_Goal__c,icy,reachable only from ICY,,force-app/main/default/objects/YTS_Goal_Steps__c/fields/Action_To_Meet_Goal__c.field-meta.xml
CustomField,YTS_Goal_Steps__c.Assigned_Case_Team_Member__c,icy,reachable only from ICY,,force-app/main/default/objects/YTS_Goal_Steps__c/fields/Assigned_Case_Team_Member__c.field-meta.xml
CustomField,YTS_Goal_Steps__c.Current_Stage__c,icy,reachable only from ICY,,force-app/main/default/objects/YTS_Goal_Steps__c/fields/Current_Stage__c.field-meta.xml
CustomField,YTS_Goal_Steps__c.ICY_Case_Contact__c,icy,reachable only from ICY,,force-app/main/default/objects/YTS_Goal_Steps__c/fields/ICY_Case_Contact__c.field-meta.xml
CustomField,YTS_Goal_Steps__c.Individual_Preferred_Name__c,icy,reachable only from ICY,,force-app/main/default/objects/YTS_Goal_Steps__c/fields/Individual_Preferred_Name__c.field-meta.xml
CustomField,YTS_Goal_Steps__c.Step_Completed_By__c,icy,reachable only from ICY,,force-app/main/default/objects/YTS_Goal_Steps__c/fields/Step_Completed_By__c.field-meta.xml
CustomField,YTS_Goal_Steps__c.Step_Status__c,icy,reachable only from ICY,,force-app/main/default/objects/YTS_Goal_Steps__c/fields/Step_Status__c.field-meta.xml
CustomField,YTS_Goal_Steps__c.Title__c,icy,reachable only from ICY,,force-app/main/default/objects/YTS_Goal_Steps__c/fields/Title__c.field-meta.xml
CustomField,YTS_Goal_Steps__c.Transition_Needs__c,icy,reachable only from ICY,,force-app/main/default/objects/YTS_Goal_Steps__c/fields/Transition_Needs__c.field-meta.xml
CustomField,YTS_Goal_Steps__c.Transition_Plan_Domain__c,icy,reachable only from ICY,,force-app/main/default/objects/YTS_Goal_Steps__c/fields/Transition_Plan_Domain__c.field-meta.xml
CustomField,YTS_Goal_Steps__c.Who_Is_Supporting_this__c,icy,reachable only from ICY,,force-app/main/default/objects/YTS_Goal_Steps__c/fields/Who_Is_Supporting_this__c.field-meta.xml
CustomField,YTS_Haves_And_Needs__c.Contact_Organization__c,icy,reachable only from ICY,,force-app/main/default/objects/YTS_Haves_And_Needs__c/fields/Contact_Organization__c.field-meta.xml
CustomField,YTS_Haves_And_Needs__c.Details__c,icy,reachable only from ICY,,force-app/main/default/objects/YTS_Haves_And_Needs__c/fields/Details__c.field-meta.xml
CustomField,YTS_Haves_And_Needs__c.End_Date__c,icy,reachable only from ICY,,force-app/main/default/objects/YTS_Haves_And_Needs__c/fields/End_Date__c.field-meta.xml
CustomField,YTS_Haves_And_Needs__c.Have_Need_Other_Description__c,icy,reachable only from ICY,,force-app/main/default/objects/YTS_Haves_And_Needs__c/fields/Have_Need_Other_Description__c.field-meta.xml
CustomField,YTS_Haves_And_Needs__c.Have__c,icy,reachable only from ICY,,force-app/main/default/objects/YTS_Haves_And_Needs__c/fields/Have__c.field-meta.xml
CustomField,YTS_Haves_And_Needs__c.ICY_Has_Agreement_Been_Captured__c,icy,reachable only from ICY,,force-app/main/default/objects/YTS_Haves_And_Needs__c/fields/ICY_Has_Agreement_Been_Captured__c.field-meta.xml
CustomField,YTS_Haves_And_Needs__c.Need_Status__c,icy,reachable only from ICY,,force-app/main/default/objects/YTS_Haves_And_Needs__c/fields/Need_Status__c.field-meta.xml
CustomField,YTS_Haves_And_Needs__c.Need__c,icy,reachable only from ICY,,force-app/main/default/objects/YTS_Haves_And_Needs__c/fields/Need__c.field-meta.xml
CustomField,YTS_Haves_And_Needs__c.Start_Date__c,icy,reachable only from ICY,,force-app/main/default/objects/YTS_Haves_And_Needs__c/fields/Start_Date__c.field-meta.xml
CustomField,YTS_Haves_And_Needs__c.Test_to_be_Depricated__c,icy,reachable only from ICY,,force-app/main/default/objects/YTS_Haves_And_Needs__c/fields/Test_to_be_Depricated__c.field-meta.xml
CustomField,YTS_Haves_And_Needs__c.Transition_Plan__c,icy,reachable only from ICY,,force-app/main/default/objects/YTS_Haves_And_Needs__c/fields/Transition_Plan__c.field-meta.xml
CustomField,YTS_Transition_Plan__c.Case__c,icy,reachable only from ICY,,force-app/main/default/objects/YTS_Transition_Plan__c/fields/Case__c.field-meta.xml
CustomField,YTS_Transition_Plan__c.Transition_Domain__c,icy,reachable only from ICY,,force-app/main/default/objects/YTS_Transition_Plan__c/fields/Transition_Domain__c.field-meta.xml
CustomField,YTS_Transition_Plan__c.Transition_Plan_Status__c,icy,reachable only from ICY,,force-app/main/default/objects/YTS_Transition_Plan__c/fields/Transition_Plan_Status__c.field-meta.xml
CustomField,YTS_Transition_Plan__c.What_s_Important_to_Me__c,icy,reachable only from ICY,,force-app/main/default/objects/YTS_Transition_Plan__c/fields/What_s_Important_to_Me__c.field-meta.xml
CustomField,YTS_Trigger_Handler__mdt.Active__c,icy,reachable only from ICY,,force-app/main/default/objects/YTS_Trigger_Handler__mdt/fields/Active__c.field-meta.xml
CustomField,YTS_Trigger_Handler__mdt.Object_API_Name__c,icy,reachable only from ICY,,force-app/main/default/objects/YTS_Trigger_Handler__mdt/fields/Object_API_Name__c.field-meta.xml
CustomLabels,CustomLabels,icy,all 56 labels are used only by ICY components,,force-app/main/default/labels/CustomLabels.labels-meta.xml
CustomMetadata,YTS_Trigger_Handler.Case,icy,reachable only from ICY,,force-app/main/default/customMetadata/YTS_Trigger_Handler.Case.md-meta.xml
CustomNotificationType,duplicate_notification_builder,maid,"unreferenced; added 2022-01-20, before ICY existed in repo",2022-01-20 New Custom Notification For Duplicate PHN,force-app/main/default/notificationtypes/duplicate_notification_builder.notiftype-meta.xml
CustomObject,Account,base,standard object shared by both,,force-app/main/default/objects/Account/Account.object-meta.xml
CustomObject,Case,base,standard object shared by both,,force-app/main/default/objects/Case/Case.object-meta.xml
CustomObject,Case_Contact__c,icy,reachable only from ICY,,force-app/main/default/objects/Case_Contact__c/Case_Contact__c.object-meta.xml
CustomObject,Case_Member__c,icy,reachable only from ICY,,force-app/main/default/objects/Case_Member__c/Case_Member__c.object-meta.xml
CustomObject,Contribution__c,icy,reachable only from ICY,,force-app/main/default/objects/Contribution__c/Contribution__c.object-meta.xml
CustomObject,Form_1632__c,maid,reachable only from MAiD,,force-app/main/default/objects/Form_1632__c/Form_1632__c.object-meta.xml
CustomObject,Form_1633__c,maid,reachable only from MAiD,,force-app/main/default/objects/Form_1633__c/Form_1633__c.object-meta.xml
CustomObject,Form_1634__c,maid,reachable only from MAiD,,force-app/main/default/objects/Form_1634__c/Form_1634__c.object-meta.xml
CustomObject,Form_1635__c,maid,reachable only from MAiD,,force-app/main/default/objects/Form_1635__c/Form_1635__c.object-meta.xml
CustomObject,Form_1641__c,maid,reachable only from MAiD,,force-app/main/default/objects/Form_1641__c/Form_1641__c.object-meta.xml
CustomObject,Form_1642__c,maid,reachable only from MAiD,,force-app/main/default/objects/Form_1642__c/Form_1642__c.object-meta.xml
CustomObject,Form_1645__c,maid,reachable only from MAiD,,force-app/main/default/objects/Form_1645__c/Form_1645__c.object-meta.xml
CustomObject,Form_RXMAR__c,maid,reachable only from MAiD,,force-app/main/default/objects/Form_RXMAR__c/Form_RXMAR__c.object-meta.xml
CustomObject,ICY_Document__c,icy,reachable only from ICY,,force-app/main/default/objects/ICY_Document__c/ICY_Document__c.object-meta.xml
CustomObject,ICY_Notes__c,icy,reachable only from ICY,,force-app/main/default/objects/ICY_Notes__c/ICY_Notes__c.object-meta.xml
CustomObject,ICY_Outage_Message_Settings__c,icy,reachable only from ICY,,force-app/main/default/objects/ICY_Outage_Message_Settings__c/ICY_Outage_Message_Settings__c.object-meta.xml
CustomObject,ICY_SSO_Settings__c,icy,reachable only from ICY,,force-app/main/default/objects/ICY_SSO_Settings__c/ICY_SSO_Settings__c.object-meta.xml
CustomObject,IDP_User_Registration_Permission_Set__mdt,icy,reachable only from ICY,,force-app/main/default/objects/IDP_User_Registration_Permission_Set__mdt/IDP_User_Registration_Permission_Set__mdt.object-meta.xml
CustomObject,IDP_User_Registration_User_Mapping__mdt,icy,reachable only from ICY,,force-app/main/default/objects/IDP_User_Registration_User_Mapping__mdt/IDP_User_Registration_User_Mapping__mdt.object-meta.xml
CustomObject,Intake__c,icy,reachable only from ICY,,force-app/main/default/objects/Intake__c/Intake__c.object-meta.xml
CustomObject,Login_Page_Messages__c,icy,reachable only from ICY,,force-app/main/default/objects/Login_Page_Messages__c/Login_Page_Messages__c.object-meta.xml
CustomObject,Mapping_object__c,icy,reachable only from ICY,,force-app/main/default/objects/Mapping_object__c/Mapping_object__c.object-meta.xml
CustomObject,PersonAccount,base,standard object shared by both,,force-app/main/default/objects/PersonAccount/PersonAccount.object-meta.xml
CustomObject,Postal_Code__c,icy,reachable only from ICY,,force-app/main/default/objects/Postal_Code__c/Postal_Code__c.object-meta.xml
CustomObject,Referral__c,icy,reachable only from ICY,,force-app/main/default/objects/Referral__c/Referral__c.object-meta.xml
CustomObject,S1_HC_2023__c,maid,reachable only from MAiD,,force-app/main/default/objects/S1_HC_2023__c/S1_HC_2023__c.object-meta.xml
CustomObject,System_Access_Request__c,icy,reachable only from ICY,,force-app/main/default/objects/System_Access_Request__c/System_Access_Request__c.object-meta.xml
CustomObject,User,base,standard object shared by both,,force-app/main/default/objects/User/User.object-meta.xml
CustomObject,YTS_Goal_Steps__c,icy,reachable only from ICY,,force-app/main/default/objects/YTS_Goal_Steps__c/YTS_Goal_Steps__c.object-meta.xml
CustomObject,YTS_Haves_And_Needs__c,icy,reachable only from ICY,,force-app/main/default/objects/YTS_Haves_And_Needs__c/YTS_Haves_And_Needs__c.object-meta.xml
CustomObject,YTS_Transition_Plan__c,icy,reachable only from ICY,,force-app/main/default/objects/YTS_Transition_Plan__c/YTS_Transition_Plan__c.object-meta.xml
CustomObject,YTS_Trigger_Handler__mdt,icy,reachable only from ICY,,force-app/main/default/objects/YTS_Trigger_Handler__mdt/YTS_Trigger_Handler__mdt.object-meta.xml
CustomPermission,Validation_Rule_Bypass,icy,unreferenced; added by ICY commit 2023-12-15 'BCMOHAD-19743 - ICY Integrate complete m',2023-12-15 BCMOHAD-19743 - ICY Integrate complete migration.,force-app/main/default/customPermissions/Validation_Rule_Bypass.customPermission-meta.xml
CustomSite,ICYTest,unpackaged,CustomSite not packageable / org-level,,force-app/main/default/sites/ICYTest.site-meta.xml
CustomTab,Case_Contact__c,icy,reachable only from ICY,,force-app/main/default/tabs/Case_Contact__c.tab-meta.xml
CustomTab,Contribution__c,icy,reachable only from ICY,,force-app/main/default/tabs/Contribution__c.tab-meta.xml
CustomTab,Intake__c,icy,reachable only from ICY,,force-app/main/default/tabs/Intake__c.tab-meta.xml
CustomTab,Referral__c,icy,reachable only from ICY,,force-app/main/default/tabs/Referral__c.tab-meta.xml
Dashboard,ICYDashboard/lreJRToLdQCdJtFbGeeXYXGRnFekcv,icy,reachable only from ICY,,force-app/main/default/dashboards/ICYDashboard/lreJRToLdQCdJtFbGeeXYXGRnFekcv.dashboard-meta.xml
Dashboard,ICYSharedIndicatorsDashboard/HmaHZUxiushsYZNnKSDrLjsAEZWPjZ,icy,reachable only from ICY,,force-app/main/default/dashboards/ICYSharedIndicatorsDashboard/HmaHZUxiushsYZNnKSDrLjsAEZWPjZ.dashboard-meta.xml
Dashboard,ICYSharedIndicatorsDashboard/QJrWeaQIklUicdTBXcobOmGpfzjpJd,icy,reachable only from ICY,,force-app/main/default/dashboards/ICYSharedIndicatorsDashboard/QJrWeaQIklUicdTBXcobOmGpfzjpJd.dashboard-meta.xml
DashboardFolder,ICYDashboard,icy,reachable only from ICY,,force-app/main/default/dashboards/ICYDashboard.dashboardFolder-meta.xml
DashboardFolder,ICYSharedIndicatorsDashboard,icy,reachable only from ICY,,force-app/main/default/dashboards/ICYSharedIndicatorsDashboard.dashboardFolder-meta.xml
DuplicateRule,PersonAccount.Duplicate_College_Id_Check,maid,"unreferenced; added 2021-03-25, before ICY existed in repo",2021-03-25 BCMOHAD-5324: Prevent Duplicate College Id Records,force-app/main/default/duplicateRules/PersonAccount.Duplicate_College_Id_Check.duplicateRule-meta.xml
EmailFolder,ICY_Email_Templates,icy,reachable only from ICY,,force-app/main/default/email/ICY_Email_Templates.emailFolder-meta.xml
EmailTemplate,ICY_Email_Templates/Critical_Notification_Alert,icy,reachable only from ICY,,force-app/main/default/email/ICY_Email_Templates/Critical_Notification_Alert.email;force-app/main/default/email/ICY_Email_Templates/Critical_Notification_Alert.email-meta.xml
EmailTemplate,ICY_Email_Templates/ICY_Intake_Assignment_Notification_Latest,icy,reachable only from ICY,,force-app/main/default/email/ICY_Email_Templates/ICY_Intake_Assignment_Notification_Latest.email;force-app/main/default/email/ICY_Email_Templates/ICY_Intake_Assignment_Notification_Latest.email-meta.xml
EmailTemplate,ICY_Email_Templates/ICY_Portal_Registration_Notification,icy,reachable only from ICY,,force-app/main/default/email/ICY_Email_Templates/ICY_Portal_Registration_Notification.email;force-app/main/default/email/ICY_Email_Templates/ICY_Portal_Registration_Notification.email-meta.xml
EmailTemplate,ICY_Email_Templates/ICY_Referral_Updated_Template,icy,reachable only from ICY,,force-app/main/default/email/ICY_Email_Templates/ICY_Referral_Updated_Template.email;force-app/main/default/email/ICY_Email_Templates/ICY_Referral_Updated_Template.email-meta.xml
EmailTemplate,ICY_Email_Templates/Intake_Ownership_Transfer,icy,reachable only from ICY,,force-app/main/default/email/ICY_Email_Templates/Intake_Ownership_Transfer.email;force-app/main/default/email/ICY_Email_Templates/Intake_Ownership_Transfer.email-meta.xml
EmailTemplate,ICY_Email_Templates/Referral_Owner_Email_Template,icy,reachable only from ICY,,force-app/main/default/email/ICY_Email_Templates/Referral_Owner_Email_Template.email;force-app/main/default/email/ICY_Email_Templates/Referral_Owner_Email_Template.email-meta.xml
EmailTemplate,ICY_Email_Templates/Referral_Ownership_Transfer,icy,reachable only from ICY,,force-app/main/default/email/ICY_Email_Templates/Referral_Ownership_Transfer.email;force-app/main/default/email/ICY_Email_Templates/Referral_Ownership_Transfer.email-meta.xml
EmailTemplate,ICY_Email_Templates/Referral_Status_Closed_Template,icy,reachable only from ICY,,force-app/main/default/email/ICY_Email_Templates/Referral_Status_Closed_Template.email;force-app/main/default/email/ICY_Email_Templates/Referral_Status_Closed_Template.email-meta.xml
EntitlementProcess,maid entitlement process_v3,maid,reachable only from MAiD,,force-app/main/default/entitlementProcesses/maid entitlement process_v3.entitlementProcess-meta.xml
FlexiPage,Case_Contact_Record_Page,icy,reachable only from ICY,,force-app/main/default/flexipages/Case_Contact_Record_Page.flexipage-meta.xml
FlexiPage,Case_Management_Home_Page,maid,reachable only from MAiD,,force-app/main/default/flexipages/Case_Management_Home_Page.flexipage-meta.xml
FlexiPage,Case_Management_UtilityBar,maid,reachable only from MAiD,,force-app/main/default/flexipages/Case_Management_UtilityBar.flexipage-meta.xml
FlexiPage,Case_Record_Page,maid,reachable only from MAiD,,force-app/main/default/flexipages/Case_Record_Page.flexipage-meta.xml
FlexiPage,Form_1632_Page,maid,reachable only from MAiD,,force-app/main/default/flexipages/Form_1632_Page.flexipage-meta.xml
FlexiPage,Form_1633_Page,maid,reachable only from MAiD,,force-app/main/default/flexipages/Form_1633_Page.flexipage-meta.xml
FlexiPage,Form_1634_Page,maid,reachable only from MAiD,,force-app/main/default/flexipages/Form_1634_Page.flexipage-meta.xml
FlexiPage,Form_1635_Page,maid,reachable only from MAiD,,force-app/main/default/flexipages/Form_1635_Page.flexipage-meta.xml
FlexiPage,Form_1641_Page,maid,reachable only from MAiD,,force-app/main/default/flexipages/Form_1641_Page.flexipage-meta.xml
FlexiPage,Form_1642_Page,maid,reachable only from MAiD,,force-app/main/default/flexipages/Form_1642_Page.flexipage-meta.xml
FlexiPage,Form_1645_Page,maid,reachable only from MAiD,,force-app/main/default/flexipages/Form_1645_Page.flexipage-meta.xml
FlexiPage,Form_Rx_MAR_Page,maid,reachable only from MAiD,,force-app/main/default/flexipages/Form_Rx_MAR_Page.flexipage-meta.xml
FlexiPage,ICY_Cases_Record_Page,icy,reachable only from ICY,,force-app/main/default/flexipages/ICY_Cases_Record_Page.flexipage-meta.xml
FlexiPage,ICY_Home_Page,icy,reachable only from ICY,,force-app/main/default/flexipages/ICY_Home_Page.flexipage-meta.xml
FlexiPage,ICY_Intake_Record_Page,icy,reachable only from ICY,,force-app/main/default/flexipages/ICY_Intake_Record_Page.flexipage-meta.xml
FlexiPage,ICY_Person_Account,icy,reachable only from ICY,,force-app/main/default/flexipages/ICY_Person_Account.flexipage-meta.xml
FlexiPage,ICY_Referral_Record_Page,icy,reachable only from ICY,,force-app/main/default/flexipages/ICY_Referral_Record_Page.flexipage-meta.xml
FlexiPage,Practitioner_Page,unpackaged,FlexiPage references BOTH projects – keep unpackaged or split (review),,force-app/main/default/flexipages/Practitioner_Page.flexipage-meta.xml
Flow,Case_After_Update_Reportable_to_Health_Canada_BCCS_Manager_Review_Required_Rule,maid,reachable only from MAiD,,force-app/main/default/flows/Case_After_Update_Reportable_to_Health_Canada_BCCS_Manager_Review_Required_Rule.flow-meta.xml
Flow,Case_Close_Flow,icy,unreferenced; references only ICY/base,,force-app/main/default/flows/Case_Close_Flow.flow-meta.xml
Flow,Case_Report_ICY,icy,reachable only from ICY,,force-app/main/default/flows/Case_Report_ICY.flow-meta.xml
Flow,Federal_Safeguards,maid,reachable only from MAiD,,force-app/main/default/flows/Federal_Safeguards.flow-meta.xml
Flow,Form_1634_Report_Template,maid,reachable only from MAiD,,force-app/main/default/flows/Form_1634_Report_Template.flow-meta.xml
Flow,ICY_Intake_Assign_To,icy,reachable only from ICY,,force-app/main/default/flows/ICY_Intake_Assign_To.flow-meta.xml
Flow,ICY_Intake_Assign_To_Handler,icy,reachable only from ICY,,force-app/main/default/flows/ICY_Intake_Assign_To_Handler.flow-meta.xml
Flow,ICY_Intake_Assignment_Notification,icy,reachable only from ICY,,force-app/main/default/flows/ICY_Intake_Assignment_Notification.flow-meta.xml
Flow,ICY_Intake_Reopen_Flow,icy,reachable only from ICY,,force-app/main/default/flows/ICY_Intake_Reopen_Flow.flow-meta.xml
Flow,ICY_Referral_Assign_To,icy,reachable only from ICY,,force-app/main/default/flows/ICY_Referral_Assign_To.flow-meta.xml
Flow,ICY_Referral_Assign_To_Handler,icy,reachable only from ICY,,force-app/main/default/flows/ICY_Referral_Assign_To_Handler.flow-meta.xml
Flow,ICY_Referral_Owner_Assignment_Flow,icy,reachable only from ICY,,force-app/main/default/flows/ICY_Referral_Owner_Assignment_Flow.flow-meta.xml
Flow,ICY_Referral_Owner_Email_Flow,icy,reachable only from ICY,,force-app/main/default/flows/ICY_Referral_Owner_Email_Flow.flow-meta.xml
Flow,ICY_Referral_PHN_Formatting,icy,reachable only from ICY,,force-app/main/default/flows/ICY_Referral_PHN_Formatting.flow-meta.xml
Flow,ICY_Referral_Update_PersonBirthdate,icy,reachable only from ICY,,force-app/main/default/flows/ICY_Referral_Update_PersonBirthdate.flow-meta.xml
Flow,ICY_SendCaseMemberEmailNotification,icy,reachable only from ICY,,force-app/main/default/flows/ICY_SendCaseMemberEmailNotification.flow-meta.xml
Flow,ICY_Sync_Referral_Preferred_Name_From_Account,icy,reachable only from ICY,,force-app/main/default/flows/ICY_Sync_Referral_Preferred_Name_From_Account.flow-meta.xml
Flow,ICY_Update_ICY_Last_Case_Note_Date,icy,reachable only from ICY,,force-app/main/default/flows/ICY_Update_ICY_Last_Case_Note_Date.flow-meta.xml
Flow,Intake_Close_Flow,icy,unreferenced; references only ICY/base,,force-app/main/default/flows/Intake_Close_Flow.flow-meta.xml
Flow,Intake_Report_Flow,icy,unreferenced; references only ICY/base,,force-app/main/default/flows/Intake_Report_Flow.flow-meta.xml
Flow,Legislation_Safeguards,maid,reachable only from MAiD,,force-app/main/default/flows/Legislation_Safeguards.flow-meta.xml
Flow,MAiD_Case_Stage_Changes_AFTER,maid,reachable only from MAiD,,force-app/main/default/flows/MAiD_Case_Stage_Changes_AFTER.flow-meta.xml
Flow,MAiD_Case_Stages_BEFORE,maid,reachable only from MAiD,,force-app/main/default/flows/MAiD_Case_Stages_BEFORE.flow-meta.xml
Flow,MAiD_Flows_Q25,maid,reachable only from MAiD,,force-app/main/default/flows/MAiD_Flows_Q25.flow-meta.xml
Flow,MAiD_Flows_Q40_41_42,maid,reachable only from MAiD,,force-app/main/default/flows/MAiD_Flows_Q40_41_42.flow-meta.xml
Flow,MAiD_Flows_Q55,maid,reachable only from MAiD,,force-app/main/default/flows/MAiD_Flows_Q55.flow-meta.xml
Flow,MAiD_Flows_Q70,maid,reachable only from MAiD,,force-app/main/default/flows/MAiD_Flows_Q70.flow-meta.xml
Flow,MAiD_Flows_WOR_Q05,maid,reachable only from MAiD,,force-app/main/default/flows/MAiD_Flows_WOR_Q05.flow-meta.xml
Flow,MAiD_Prevent_Duplicate_Phn,maid,reachable only from MAiD,,force-app/main/default/flows/MAiD_Prevent_Duplicate_Phn.flow-meta.xml
Flow,Mandatory_Data,maid,unreferenced; references only MAiD/base,,force-app/main/default/flows/Mandatory_Data.flow-meta.xml
Flow,Provincial_Safeguards,maid,reachable only from MAiD,,force-app/main/default/flows/Provincial_Safeguards.flow-meta.xml
Flow,Provincial_and_RX_Flow_for_1633,maid,unreferenced; references only MAiD/base,,force-app/main/default/flows/Provincial_and_RX_Flow_for_1633.flow-meta.xml
Flow,Referral_Report_Flow,icy,unreferenced; references only ICY/base,,force-app/main/default/flows/Referral_Report_Flow.flow-meta.xml
Flow,Status6_Update,maid,unreferenced; references only MAiD/base,,force-app/main/default/flows/Status6_Update.flow-meta.xml
Flow,Status7_Update,maid,unreferenced; references only MAiD/base,,force-app/main/default/flows/Status7_Update.flow-meta.xml
Flow,Status_4_update,maid,unreferenced; references only MAiD/base,,force-app/main/default/flows/Status_4_update.flow-meta.xml
Flow,Status_5_update_flow,maid,unreferenced; references only MAiD/base,,force-app/main/default/flows/Status_5_update_flow.flow-meta.xml
Flow,Status_update_prevention,maid,unreferenced; references only MAiD/base,,force-app/main/default/flows/Status_update_prevention.flow-meta.xml
Flow,Sync_Case_ConsenttoEvaluation_to_RelatedIntakes,icy,unreferenced; references only ICY/base,,force-app/main/default/flows/Sync_Case_ConsenttoEvaluation_to_RelatedIntakes.flow-meta.xml
Flow,Sync_Intake_ConsenttoEvaluation_to_RelatedCase,icy,unreferenced; references only ICY/base,,force-app/main/default/flows/Sync_Intake_ConsenttoEvaluation_to_RelatedCase.flow-meta.xml
Flow,Update_1632,maid,unreferenced; references only MAiD/base,,force-app/main/default/flows/Update_1632.flow-meta.xml
Flow,Update_1633,maid,unreferenced; references only MAiD/base,,force-app/main/default/flows/Update_1633.flow-meta.xml
Flow,Update_1634,maid,unreferenced; references only MAiD/base,,force-app/main/default/flows/Update_1634.flow-meta.xml
Flow,Update_1641,maid,unreferenced; references only MAiD/base,,force-app/main/default/flows/Update_1641.flow-meta.xml
Flow,Update_1642,maid,unreferenced; references only MAiD/base,,force-app/main/default/flows/Update_1642.flow-meta.xml
Flow,Update_1645,maid,unreferenced; references only MAiD/base,,force-app/main/default/flows/Update_1645.flow-meta.xml
Flow,Update_Individual_Community_Based_on_Physical_Address_Code,icy,unreferenced; references only ICY/base,,force-app/main/default/flows/Update_Individual_Community_Based_on_Physical_Address_Code.flow-meta.xml
Flow,Update_Intake_Geographical_Region,icy,unreferenced; references only ICY/base,,force-app/main/default/flows/Update_Intake_Geographical_Region.flow-meta.xml
Flow,Update_Intake_Owner_Based_on_Eligibility_Coordinator,icy,unreferenced; references only ICY/base,,force-app/main/default/flows/Update_Intake_Owner_Based_on_Eligibility_Coordinator.flow-meta.xml
Flow,Update_Owner_Based_on_Eligibility_Coordinator,icy,unreferenced; references only ICY/base,,force-app/main/default/flows/Update_Owner_Based_on_Eligibility_Coordinator.flow-meta.xml
Flow,Update_Privacy_Acknowledgement,icy,reachable only from ICY,,force-app/main/default/flows/Update_Privacy_Acknowledgement.flow-meta.xml
Flow,Update_Related_Case_Record,maid,unreferenced; references only MAiD/base,,force-app/main/default/flows/Update_Related_Case_Record.flow-meta.xml
Flow,Update_Rx_MAR,maid,reachable only from MAiD,,force-app/main/default/flows/Update_Rx_MAR.flow-meta.xml
Flow,check_for_existing_open_case_with_same_PHN,maid,unreferenced; references only MAiD/base,,force-app/main/default/flows/check_for_existing_open_case_with_same_PHN.flow-meta.xml
Flow,display_warning_for_duplicate_phn,maid,unreferenced; references only MAiD/base,,force-app/main/default/flows/display_warning_for_duplicate_phn.flow-meta.xml
Flow,notification_sender_flow,maid,unreferenced; references only MAiD/base,,force-app/main/default/flows/notification_sender_flow.flow-meta.xml
Flow,update_provincial_safeguard_field,maid,unreferenced; references only MAiD/base,,force-app/main/default/flows/update_provincial_safeguard_field.flow-meta.xml
FlowDefinition,ICY_Referral_PHN_Formatting,icy,reachable only from ICY,,force-app/main/default/flowDefinitions/ICY_Referral_PHN_Formatting.flowDefinition-meta.xml
GlobalValueSet,Domains,icy,reachable only from ICY,,force-app/main/default/globalValueSets/Domains.globalValueSet-meta.xml
GlobalValueSet,Haves_And_Needs_List,icy,reachable only from ICY,,force-app/main/default/globalValueSets/Haves_And_Needs_List.globalValueSet-meta.xml
GlobalValueSet,Legal_Status_List,icy,reachable only from ICY,,force-app/main/default/globalValueSets/Legal_Status_List.globalValueSet-meta.xml
GlobalValueSet,Missed_Error_Log_Issue,maid,reachable only from MAiD,,force-app/main/default/globalValueSets/Missed_Error_Log_Issue.globalValueSet-meta.xml
GlobalValueSet,Preferred_Method_Of_Contact,icy,reachable only from ICY,,force-app/main/default/globalValueSets/Preferred_Method_Of_Contact.globalValueSet-meta.xml
GlobalValueSet,Secondary_Eligibility_Type,icy,reachable only from ICY,,force-app/main/default/globalValueSets/Secondary_Eligibility_Type.globalValueSet-meta.xml
Group,All_ICY_Admins,unpackaged,Group not packageable / org-level,,force-app/main/default/groups/All_ICY_Admins.group-meta.xml
Group,All_ICY_Clinical_Non_Clinical,unpackaged,Group not packageable / org-level,,force-app/main/default/groups/All_ICY_Clinical_Non_Clinical.group-meta.xml
Group,All_ICY_ONLY_Clinical_Non_Clinical,unpackaged,Group not packageable / org-level,,force-app/main/default/groups/All_ICY_ONLY_Clinical_Non_Clinical.group-meta.xml
Group,All_ICY_Team_Members,unpackaged,Group not packageable / org-level,,force-app/main/default/groups/All_ICY_Team_Members.group-meta.xml
Group,All_MAiD_Analyst,unpackaged,Group not packageable / org-level,,force-app/main/default/groups/All_MAiD_Analyst.group-meta.xml
Group,All_MAiD_users,unpackaged,Group not packageable / org-level,,force-app/main/default/groups/All_MAiD_users.group-meta.xml
Group,All_System_Administrators,unpackaged,Group not packageable / org-level,,force-app/main/default/groups/All_System_Administrators.group-meta.xml
Group,ICY_ACCESS_Central_Coast,unpackaged,Group not packageable / org-level,,force-app/main/default/groups/ICY_ACCESS_Central_Coast.group-meta.xml
Group,ICY_ACCESS_Central_Coast_PL,unpackaged,Group not packageable / org-level,,force-app/main/default/groups/ICY_ACCESS_Central_Coast_PL.group-meta.xml
Group,ICY_ACCESS_Coast_Mountains_Hazelton,unpackaged,Group not packageable / org-level,,force-app/main/default/groups/ICY_ACCESS_Coast_Mountains_Hazelton.group-meta.xml
Group,ICY_ACCESS_Coast_Mountains_Hazelton_PL,unpackaged,Group not packageable / org-level,,force-app/main/default/groups/ICY_ACCESS_Coast_Mountains_Hazelton_PL.group-meta.xml
Group,ICY_ACCESS_Coast_Mountains_Terrace,unpackaged,Group not packageable / org-level,,force-app/main/default/groups/ICY_ACCESS_Coast_Mountains_Terrace.group-meta.xml
Group,ICY_ACCESS_Coast_Mountains_Terrace_PL,unpackaged,Group not packageable / org-level,,force-app/main/default/groups/ICY_ACCESS_Coast_Mountains_Terrace_PL.group-meta.xml
Group,ICY_ACCESS_Comox_Valley,unpackaged,Group not packageable / org-level,,force-app/main/default/groups/ICY_ACCESS_Comox_Valley.group-meta.xml
Group,ICY_ACCESS_Comox_Valley_PL,unpackaged,Group not packageable / org-level,,force-app/main/default/groups/ICY_ACCESS_Comox_Valley_PL.group-meta.xml
Group,ICY_ACCESS_Cowichan_Valley,unpackaged,Group not packageable / org-level,,force-app/main/default/groups/ICY_ACCESS_Cowichan_Valley.group-meta.xml
Group,ICY_ACCESS_Cowichan_Valley_PL,unpackaged,Group not packageable / org-level,,force-app/main/default/groups/ICY_ACCESS_Cowichan_Valley_PL.group-meta.xml
Group,ICY_ACCESS_Delta,unpackaged,Group not packageable / org-level,,force-app/main/default/groups/ICY_ACCESS_Delta.group-meta.xml
Group,ICY_ACCESS_Delta_PL,unpackaged,Group not packageable / org-level,,force-app/main/default/groups/ICY_ACCESS_Delta_PL.group-meta.xml
Group,ICY_ACCESS_Fraser_Cascades,unpackaged,Group not packageable / org-level,,force-app/main/default/groups/ICY_ACCESS_Fraser_Cascades.group-meta.xml
Group,ICY_ACCESS_Fraser_Cascades_PL,unpackaged,Group not packageable / org-level,,force-app/main/default/groups/ICY_ACCESS_Fraser_Cascades_PL.group-meta.xml
Group,ICY_ACCESS_Gold_Trail,unpackaged,Group not packageable / org-level,,force-app/main/default/groups/ICY_ACCESS_Gold_Trail.group-meta.xml
Group,ICY_ACCESS_Gold_Trail_PL,unpackaged,Group not packageable / org-level,,force-app/main/default/groups/ICY_ACCESS_Gold_Trail_PL.group-meta.xml
Group,ICY_ACCESS_Kootenay_Columbia,unpackaged,Group not packageable / org-level,,force-app/main/default/groups/ICY_ACCESS_Kootenay_Columbia.group-meta.xml
Group,ICY_ACCESS_Kootenay_Columbia_PL,unpackaged,Group not packageable / org-level,,force-app/main/default/groups/ICY_ACCESS_Kootenay_Columbia_PL.group-meta.xml
Group,ICY_ACCESS_Maple_Ridge_Pitt_Meadows,unpackaged,Group not packageable / org-level,,force-app/main/default/groups/ICY_ACCESS_Maple_Ridge_Pitt_Meadows.group-meta.xml
Group,ICY_ACCESS_Maple_Ridge_Pitt_Meadows_PL,unpackaged,Group not packageable / org-level,,force-app/main/default/groups/ICY_ACCESS_Maple_Ridge_Pitt_Meadows_PL.group-meta.xml
Group,ICY_ACCESS_Mission,unpackaged,Group not packageable / org-level,,force-app/main/default/groups/ICY_ACCESS_Mission.group-meta.xml
Group,ICY_ACCESS_Mission_PL,unpackaged,Group not packageable / org-level,,force-app/main/default/groups/ICY_ACCESS_Mission_PL.group-meta.xml
Group,ICY_ACCESS_Nanaimo_Ladysmith,unpackaged,Group not packageable / org-level,,force-app/main/default/groups/ICY_ACCESS_Nanaimo_Ladysmith.group-meta.xml
Group,ICY_ACCESS_Nanaimo_Ladysmith_PL,unpackaged,Group not packageable / org-level,,force-app/main/default/groups/ICY_ACCESS_Nanaimo_Ladysmith_PL.group-meta.xml
Group,ICY_ACCESS_Nicola_Similkameen,unpackaged,Group not packageable / org-level,,force-app/main/default/groups/ICY_ACCESS_Nicola_Similkameen.group-meta.xml
Group,ICY_ACCESS_Nicola_Similkameen_PL,unpackaged,Group not packageable / org-level,,force-app/main/default/groups/ICY_ACCESS_Nicola_Similkameen_PL.group-meta.xml
Group,ICY_ACCESS_North_Okanagan_Shuswap,unpackaged,Group not packageable / org-level,,force-app/main/default/groups/ICY_ACCESS_North_Okanagan_Shuswap.group-meta.xml
Group,ICY_ACCESS_North_Okanagan_Shuswap_PL,unpackaged,Group not packageable / org-level,,force-app/main/default/groups/ICY_ACCESS_North_Okanagan_Shuswap_PL.group-meta.xml
Group,ICY_ACCESS_Okanagan_Similkameen,unpackaged,Group not packageable / org-level,,force-app/main/default/groups/ICY_ACCESS_Okanagan_Similkameen.group-meta.xml
Group,ICY_ACCESS_Okanagan_Similkameen_PL,unpackaged,Group not packageable / org-level,,force-app/main/default/groups/ICY_ACCESS_Okanagan_Similkameen_PL.group-meta.xml
Group,ICY_ACCESS_Pacific_Rim,unpackaged,Group not packageable / org-level,,force-app/main/default/groups/ICY_ACCESS_Pacific_Rim.group-meta.xml
Group,ICY_ACCESS_Pacific_Rim_PL,unpackaged,Group not packageable / org-level,,force-app/main/default/groups/ICY_ACCESS_Pacific_Rim_PL.group-meta.xml
Group,ICY_ACCESS_Peace_River_South,unpackaged,Group not packageable / org-level,,force-app/main/default/groups/ICY_ACCESS_Peace_River_South.group-meta.xml
Group,ICY_ACCESS_Peace_River_South_PL,unpackaged,Group not packageable / org-level,,force-app/main/default/groups/ICY_ACCESS_Peace_River_South_PL.group-meta.xml
Group,ICY_ACCESS_Qathet_Powell_River,unpackaged,Group not packageable / org-level,,force-app/main/default/groups/ICY_ACCESS_Qathet_Powell_River.group-meta.xml
Group,ICY_ACCESS_Qathet_Powell_River_PL,unpackaged,Group not packageable / org-level,,force-app/main/default/groups/ICY_ACCESS_Qathet_Powell_River_PL.group-meta.xml
Group,ICY_ACCESS_Qualicum,unpackaged,Group not packageable / org-level,,force-app/main/default/groups/ICY_ACCESS_Qualicum.group-meta.xml
Group,ICY_ACCESS_Qualicum_PL,unpackaged,Group not packageable / org-level,,force-app/main/default/groups/ICY_ACCESS_Qualicum_PL.group-meta.xml
Group,ICY_ACCESS_Richmond,unpackaged,Group not packageable / org-level,,force-app/main/default/groups/ICY_ACCESS_Richmond.group-meta.xml
Group,ICY_ACCESS_Richmond_PL,unpackaged,Group not packageable / org-level,,force-app/main/default/groups/ICY_ACCESS_Richmond_PL.group-meta.xml
Group,ICY_ACCESS_Surrey,unpackaged,Group not packageable / org-level,,force-app/main/default/groups/ICY_ACCESS_Surrey.group-meta.xml
Group,ICY_ACCESS_Surrey_PL,unpackaged,Group not packageable / org-level,,force-app/main/default/groups/ICY_ACCESS_Surrey_PL.group-meta.xml
Group,ICY_Program_Leaders,unpackaged,Group not packageable / org-level,,force-app/main/default/groups/ICY_Program_Leaders.group-meta.xml
Group,ICY_Restiricted_Data,unpackaged,Group not packageable / org-level,,force-app/main/default/groups/ICY_Restiricted_Data.group-meta.xml
Layout,Case-ICY_Close_layout,icy,reachable only from ICY,,force-app/main/default/layouts/Case-ICY_Close_layout.layout-meta.xml
Layout,Case-ICY_Standard,icy,reachable only from ICY,,force-app/main/default/layouts/Case-ICY_Standard.layout-meta.xml
Layout,Case-MAiD Case Layout,maid,reachable only from MAiD,,force-app/main/default/layouts/Case-MAiD Case Layout.layout-meta.xml
Layout,Case-MAiD Error Log,maid,reachable only from MAiD,,force-app/main/default/layouts/Case-MAiD Error Log.layout-meta.xml
Layout,Contribution__c-Contribution Layout,icy,unreferenced; added by ICY commit 2023-12-15 'BCMOHAD-19743 - ICY Integrate complete m',2023-12-15 BCMOHAD-19743 - ICY Integrate complete migration.,force-app/main/default/layouts/Contribution__c-Contribution Layout.layout-meta.xml
Layout,Form_1632__c-Form 1632 Layout,maid,reachable only from MAiD,,force-app/main/default/layouts/Form_1632__c-Form 1632 Layout.layout-meta.xml
Layout,Form_1633__c-Form 1633 Layout,maid,reachable only from MAiD,,force-app/main/default/layouts/Form_1633__c-Form 1633 Layout.layout-meta.xml
Layout,Form_1634__c-Form 1634 Layout,maid,reachable only from MAiD,,force-app/main/default/layouts/Form_1634__c-Form 1634 Layout.layout-meta.xml
Layout,Form_1635__c-Form 1635 Layout,maid,reachable only from MAiD,,force-app/main/default/layouts/Form_1635__c-Form 1635 Layout.layout-meta.xml
Layout,Form_1641__c-Form 1641 Layout,maid,reachable only from MAiD,,force-app/main/default/layouts/Form_1641__c-Form 1641 Layout.layout-meta.xml
Layout,Form_1642__c-Form 1642 Layout,maid,reachable only from MAiD,,force-app/main/default/layouts/Form_1642__c-Form 1642 Layout.layout-meta.xml
Layout,Form_1645__c-Form 1645 Layout,maid,reachable only from MAiD,,force-app/main/default/layouts/Form_1645__c-Form 1645 Layout.layout-meta.xml
Layout,Form_RXMAR__c-Form Rx%2FMAR Layout,maid,reachable only from MAiD,,force-app/main/default/layouts/Form_RXMAR__c-Form Rx%2FMAR Layout.layout-meta.xml
Layout,Intake__c-ICY Intake Layout,icy,reachable only from ICY,,force-app/main/default/layouts/Intake__c-ICY Intake Layout.layout-meta.xml
Layout,Login_Page_Messages__c-Login Page Messages Layout,icy,unreferenced; added by ICY commit 2024-01-11 'BCHMOD-20262 Latest ICY defect fixes and',2024-01-11 BCHMOD-20262 Latest ICY defect fixes and improvements. (#679,force-app/main/default/layouts/Login_Page_Messages__c-Login Page Messages Layout.layout-meta.xml
Layout,Mapping_object__c-Mapping object Layout,icy,unreferenced; added by ICY commit 2024-01-11 'BCHMOD-20262 Latest ICY defect fixes and',2024-01-11 BCHMOD-20262 Latest ICY defect fixes and improvements. (#679,force-app/main/default/layouts/Mapping_object__c-Mapping object Layout.layout-meta.xml
Layout,PersonAccount-ICY Person Account Layout,icy,reachable only from ICY,,force-app/main/default/layouts/PersonAccount-ICY Person Account Layout.layout-meta.xml
Layout,PersonAccount-Nurse Practitioner,maid,unreferenced; references only MAiD/base,,force-app/main/default/layouts/PersonAccount-Nurse Practitioner.layout-meta.xml
Layout,PersonAccount-Other Health Care Professionals,maid,"unreferenced; added 2022-12-22, before ICY existed in repo",2022-12-22 13383 -Recrated PR,force-app/main/default/layouts/PersonAccount-Other Health Care Professionals.layout-meta.xml
Layout,PersonAccount-Person Account Layout %28admin%29,icy,unreferenced; references only ICY/base,,force-app/main/default/layouts/PersonAccount-Person Account Layout %28admin%29.layout-meta.xml
Layout,PersonAccount-Pharmacist,maid,unreferenced; references only MAiD/base,,force-app/main/default/layouts/PersonAccount-Pharmacist.layout-meta.xml
Layout,PersonAccount-Physician,maid,unreferenced; references only MAiD/base,,force-app/main/default/layouts/PersonAccount-Physician.layout-meta.xml
Layout,Postal_Code__c-Postal Code Layout,icy,unreferenced; added by ICY commit 2023-12-15 'BCMOHAD-19743 - ICY Integrate complete m',2023-12-15 BCMOHAD-19743 - ICY Integrate complete migration.,force-app/main/default/layouts/Postal_Code__c-Postal Code Layout.layout-meta.xml
Layout,Referral__c-ICY General Close Layout,icy,reachable only from ICY,,force-app/main/default/layouts/Referral__c-ICY General Close Layout.layout-meta.xml
Layout,Referral__c-ICY General Layout,icy,reachable only from ICY,,force-app/main/default/layouts/Referral__c-ICY General Layout.layout-meta.xml
Layout,Referral__c-ICY Medical Close Layout,icy,reachable only from ICY,,force-app/main/default/layouts/Referral__c-ICY Medical Close Layout.layout-meta.xml
Layout,Referral__c-ICY Medical Layout,icy,reachable only from ICY,,force-app/main/default/layouts/Referral__c-ICY Medical Layout.layout-meta.xml
Layout,Referral__c-Read-Only,icy,unreferenced; references only ICY/base,,force-app/main/default/layouts/Referral__c-Read-Only.layout-meta.xml
Layout,S1_HC_2023__c-S1 HC 2023 Layout,maid,reachable only from MAiD,,force-app/main/default/layouts/S1_HC_2023__c-S1 HC 2023 Layout.layout-meta.xml
Layout,System_Access_Request__c-System Access Request Layout,icy,unreferenced; references only ICY/base,,force-app/main/default/layouts/System_Access_Request__c-System Access Request Layout.layout-meta.xml
Layout,Task-Task Layout,maid,"unreferenced; added 2021-01-11, before ICY existed in repo",2021-01-11 Case Activities,force-app/main/default/layouts/Task-Task Layout.layout-meta.xml
Layout,User-User Layout,icy,unreferenced; added by ICY commit 2024-03-26 'BCMOHAD-21374-1 - Adding Acknowledgement',2024-03-26 BCMOHAD-21374-1 - Adding Acknowledgement Fields to user layo,force-app/main/default/layouts/User-User Layout.layout-meta.xml
Layout,YTS_Trigger_Handler__mdt-YTS Trigger Handler Layout,icy,reachable only from ICY,,force-app/main/default/layouts/YTS_Trigger_Handler__mdt-YTS Trigger Handler Layout.layout-meta.xml
LightningComponentBundle,iCY_NotesComponent,icy,reachable only from ICY,,force-app/main/default/lwc/iCY_NotesComponent/iCY_NotesComponent.js;force-app/main/default/lwc/iCY_NotesComponent/iCY_NotesComponent.html;force-app/main/default/lwc/iCY_NotesComponent/iCY_NotesComponent.js-meta.xml
LightningComponentBundle,icyAcceptCompleteIntake,icy,reachable only from ICY,,force-app/main/default/lwc/icyAcceptCompleteIntake/icyAcceptCompleteIntake.js;force-app/main/default/lwc/icyAcceptCompleteIntake/icyAcceptCompleteIntake.html;force-app/main/default/lwc/icyAcceptCompleteIntake/icyAcceptCompleteIntake.js-meta.xml
LightningComponentBundle,icyAlertBanner,icy,reachable only from ICY,,force-app/main/default/lwc/icyAlertBanner/icyAlertBanner.js-meta.xml;force-app/main/default/lwc/icyAlertBanner/icyAlertBanner.js;force-app/main/default/lwc/icyAlertBanner/icyAlertBanner.html
LightningComponentBundle,icyAlertBannerOutage,icy,reachable only from ICY,,force-app/main/default/lwc/icyAlertBannerOutage/icyAlertBannerOutage.js-meta.xml;force-app/main/default/lwc/icyAlertBannerOutage/icyAlertBannerOutage.html;force-app/main/default/lwc/icyAlertBannerOutage/icyAlertBannerOutage.js
LightningComponentBundle,icyAlertBannerPrivacyAgreement,icy,reachable only from ICY,,force-app/main/default/lwc/icyAlertBannerPrivacyAgreement/icyAlertBannerPrivacyAgreement.html;force-app/main/default/lwc/icyAlertBannerPrivacyAgreement/icyAlertBannerPrivacyAgreement.js-meta.xml;force-app/main/default/lwc/icyAlertBannerPrivacyAgreement/icyAlertBannerPrivacyAgreement.js
LightningComponentBundle,icyCaseTeamMembers,icy,reachable only from ICY,,force-app/main/default/lwc/icyCaseTeamMembers/icyCaseTeamMembers.js;force-app/main/default/lwc/icyCaseTeamMembers/icyCaseTeamMembers.html;force-app/main/default/lwc/icyCaseTeamMembers/icyCaseTeamMembers.js-meta.xml
LightningComponentBundle,icyCloseReferral,icy,reachable only from ICY,,force-app/main/default/lwc/icyCloseReferral/icyCloseReferral.js;force-app/main/default/lwc/icyCloseReferral/icyCloseReferral.js-meta.xml;force-app/main/default/lwc/icyCloseReferral/icyCloseReferral.html
LightningComponentBundle,icyCompleteIntakeLWC,icy,reachable only from ICY,,force-app/main/default/lwc/icyCompleteIntakeLWC/icyCompleteIntakeLWC.js;force-app/main/default/lwc/icyCompleteIntakeLWC/icyCompleteIntakeLWC.js-meta.xml;force-app/main/default/lwc/icyCompleteIntakeLWC/icyCompleteIntakeLWC.html
LightningComponentBundle,icyContactsComponent,icy,reachable only from ICY,,force-app/main/default/lwc/icyContactsComponent/icyContactsComponent.js-meta.xml;force-app/main/default/lwc/icyContactsComponent/icyContactsComponent.html;force-app/main/default/lwc/icyContactsComponent/icyContactsComponent.js
LightningComponentBundle,icyCreateEditCaseTeamMember,icy,reachable only from ICY,,force-app/main/default/lwc/icyCreateEditCaseTeamMember/icyCreateEditCaseTeamMember.js-meta.xml;force-app/main/default/lwc/icyCreateEditCaseTeamMember/icyCreateEditCaseTeamMember.js;force-app/main/default/lwc/icyCreateEditCaseTeamMember/icyCreateEditCaseTeamMember.html
LightningComponentBundle,icyCreateEditDocument,icy,reachable only from ICY,,force-app/main/default/lwc/icyCreateEditDocument/icyCreateEditDocument.html;force-app/main/default/lwc/icyCreateEditDocument/icyCreateEditDocument.js-meta.xml;force-app/main/default/lwc/icyCreateEditDocument/icyCreateEditDocument.js
LightningComponentBundle,icyCreateEditNotes,icy,reachable only from ICY,,force-app/main/default/lwc/icyCreateEditNotes/icyCreateEditNotes.js;force-app/main/default/lwc/icyCreateEditNotes/icyCreateEditNotes.js-meta.xml;force-app/main/default/lwc/icyCreateEditNotes/icyCreateEditNotes.html
LightningComponentBundle,icyCreateInTakeRecord,icy,reachable only from ICY,,force-app/main/default/lwc/icyCreateInTakeRecord/icyCreateInTakeRecord.js;force-app/main/default/lwc/icyCreateInTakeRecord/icyCreateInTakeRecord.js-meta.xml;force-app/main/default/lwc/icyCreateInTakeRecord/icyCreateInTakeRecord.html
LightningComponentBundle,icyCustomLookupComponent,icy,reachable only from ICY,,force-app/main/default/lwc/icyCustomLookupComponent/icyCustomLookupComponent.js-meta.xml;force-app/main/default/lwc/icyCustomLookupComponent/icyCustomLookupComponent.html;force-app/main/default/lwc/icyCustomLookupComponent/icyCustomLookupComponent.js
LightningComponentBundle,icyDisableBannerAlert,icy,reachable only from ICY,,force-app/main/default/lwc/icyDisableBannerAlert/icyDisableBannerAlert.html;force-app/main/default/lwc/icyDisableBannerAlert/icyDisableBannerAlert.js;force-app/main/default/lwc/icyDisableBannerAlert/icyDisableBannerAlert.js-meta.xml
LightningComponentBundle,icyDocumentsComponent,icy,reachable only from ICY,,force-app/main/default/lwc/icyDocumentsComponent/icyDocumentsComponent.js;force-app/main/default/lwc/icyDocumentsComponent/icyDocumentsComponent.js-meta.xml;force-app/main/default/lwc/icyDocumentsComponent/icyDocumentsComponent.html
LightningComponentBundle,icyEnableBanner,icy,reachable only from ICY,,force-app/main/default/lwc/icyEnableBanner/icyEnableBanner.js;force-app/main/default/lwc/icyEnableBanner/icyEnableBanner.html;force-app/main/default/lwc/icyEnableBanner/icyEnableBanner.js-meta.xml
LightningComponentBundle,icyIntegratedCarePlan,icy,reachable only from ICY,,force-app/main/default/lwc/icyIntegratedCarePlan/icyIntegratedCarePlan.html;force-app/main/default/lwc/icyIntegratedCarePlan/icyIntegratedCarePlan.js-meta.xml;force-app/main/default/lwc/icyIntegratedCarePlan/icyIntegratedCarePlan.js
LightningComponentBundle,icyMyCases,icy,reachable only from ICY,,force-app/main/default/lwc/icyMyCases/icyMyCases.html;force-app/main/default/lwc/icyMyCases/icyMyCases.js-meta.xml;force-app/main/default/lwc/icyMyCases/icyMyCases.js
LightningComponentBundle,icyNewReferral,icy,reachable only from ICY,,force-app/main/default/lwc/icyNewReferral/icyNewReferral.js-meta.xml;force-app/main/default/lwc/icyNewReferral/icyNewReferral.html;force-app/main/default/lwc/icyNewReferral/icyNewReferral.css;force-app/main/default/lwc/icyNewReferral/icyNewReferral.js
LightningComponentBundle,icyNotes,icy,reachable only from ICY,,force-app/main/default/lwc/icyNotes/icyNotes.html;force-app/main/default/lwc/icyNotes/icyNotes.js-meta.xml;force-app/main/default/lwc/icyNotes/icyNotes.js
LightningComponentBundle,icyPlansAddHavesAndNeeds,icy,reachable only from ICY,,force-app/main/default/lwc/icyPlansAddHavesAndNeeds/icyPlansAddHavesAndNeeds.js;force-app/main/default/lwc/icyPlansAddHavesAndNeeds/icyPlansAddHavesAndNeeds.js-meta.xml;force-app/main/default/lwc/icyPlansAddHavesAndNeeds/icyPlansAddHavesAndNeeds.html
LightningComponentBundle,icyPlansAddStep,icy,reachable only from ICY,,force-app/main/default/lwc/icyPlansAddStep/icyPlansAddStep.js;force-app/main/default/lwc/icyPlansAddStep/icyPlansAddStep.js-meta.xml;force-app/main/default/lwc/icyPlansAddStep/icyPlansAddStep.html
LightningComponentBundle,icyReReferral,icy,reachable only from ICY,,force-app/main/default/lwc/icyReReferral/icyReReferral.html;force-app/main/default/lwc/icyReReferral/icyReReferral.css;force-app/main/default/lwc/icyReReferral/icyReReferral.js-meta.xml;force-app/main/default/lwc/icyReReferral/icyReReferral.js
LightningComponentBundle,icyReferralRecordInfo,icy,reachable only from ICY,,force-app/main/default/lwc/icyReferralRecordInfo/icyReferralRecordInfo.js;force-app/main/default/lwc/icyReferralRecordInfo/icyReferralRecordInfo.html;force-app/main/default/lwc/icyReferralRecordInfo/icyReferralRecordInfo.js-meta.xml
LightningComponentBundle,icyReopenCase,icy,reachable only from ICY,,force-app/main/default/lwc/icyReopenCase/icyReopenCase.js-meta.xml;force-app/main/default/lwc/icyReopenCase/icyReopenCase.js;force-app/main/default/lwc/icyReopenCase/icyReopenCase.html
LightningComponentBundle,icyReopenIntake,icy,reachable only from ICY,,force-app/main/default/lwc/icyReopenIntake/icyReopenIntake.js-meta.xml;force-app/main/default/lwc/icyReopenIntake/icyReopenIntake.js;force-app/main/default/lwc/icyReopenIntake/icyReopenIntake.html
LightningComponentBundle,icyReopenReferral,icy,reachable only from ICY,,force-app/main/default/lwc/icyReopenReferral/icyReopenReferral.html;force-app/main/default/lwc/icyReopenReferral/icyReopenReferral.js;force-app/main/default/lwc/icyReopenReferral/icyReopenReferral.js-meta.xml
LightningComponentBundle,ytsAccountInfo,icy,reachable only from ICY,,force-app/main/default/lwc/ytsAccountInfo/ytsAccountInfo.js;force-app/main/default/lwc/ytsAccountInfo/ytsAccountInfo.js-meta.xml;force-app/main/default/lwc/ytsAccountInfo/ytsAccountInfo.html
LightningComponentBundle,ytsAddContact,icy,reachable only from ICY,,force-app/main/default/lwc/ytsAddContact/ytsAddContact.js-meta.xml;force-app/main/default/lwc/ytsAddContact/ytsAddContact.html;force-app/main/default/lwc/ytsAddContact/ytsAddContact.js
LightningComponentBundle,ytsCaseAccountTab,icy,reachable only from ICY,,force-app/main/default/lwc/ytsCaseAccountTab/ytsCaseAccountTab.html;force-app/main/default/lwc/ytsCaseAccountTab/ytsCaseAccountTab.js;force-app/main/default/lwc/ytsCaseAccountTab/ytsCaseAccountTab.js-meta.xml
LightningComponentBundle,ytsCasePrintPlan,icy,reachable only from ICY,,force-app/main/default/lwc/ytsCasePrintPlan/ytsCasePrintPlan.js-meta.xml;force-app/main/default/lwc/ytsCasePrintPlan/ytsCasePrintPlan.js;force-app/main/default/lwc/ytsCasePrintPlan/ytsCasePrintPlan.html
LightningComponentBundle,ytsConfirmationModal,icy,reachable only from ICY,,force-app/main/default/lwc/ytsConfirmationModal/ytsConfirmationModal.js-meta.xml;force-app/main/default/lwc/ytsConfirmationModal/ytsConfirmationModal.js;force-app/main/default/lwc/ytsConfirmationModal/ytsConfirmationModal.html
LightningComponentBundle,ytsCreateEditReferralContact,icy,reachable only from ICY,,force-app/main/default/lwc/ytsCreateEditReferralContact/ytsCreateEditReferralContact.css;force-app/main/default/lwc/ytsCreateEditReferralContact/ytsCreateEditReferralContact.html;force-app/main/default/lwc/ytsCreateEditReferralContact/ytsCreateEditReferralContact.js-meta.xml;force-app/main/default/lwc/ytsCreateEditReferralContact/ytsCreateEditReferralContact.js
ListView,Account.AllAccounts,maid,unreferenced; references only MAiD/base,,force-app/main/default/objects/Account/listViews/AllAccounts.listView-meta.xml
ListView,Account.All_Practitioners,maid,"unreferenced; added 2021-03-21, before ICY existed in repo","2021-03-21 BCMOHAD - 5325, 5329, 5340, 5326, 5327, 5320",force-app/main/default/objects/Account/listViews/All_Practitioners.listView-meta.xml
ListView,Case.All_Closed_Cases,maid,unreferenced; references only MAiD/base,,force-app/main/default/objects/Case/listViews/All_Closed_Cases.listView-meta.xml
ListView,Case.All_Closed_Errors,maid,unreferenced; references only MAiD/base,,force-app/main/default/objects/Case/listViews/All_Closed_Errors.listView-meta.xml
ListView,Case.All_Open_Cases,maid,unreferenced; references only MAiD/base,,force-app/main/default/objects/Case/listViews/All_Open_Cases.listView-meta.xml
ListView,Case.All_Open_Errors,maid,unreferenced; references only MAiD/base,,force-app/main/default/objects/Case/listViews/All_Open_Errors.listView-meta.xml
ListView,Case.ICY_All_Cases,icy,unreferenced; references only ICY/base,,force-app/main/default/objects/Case/listViews/ICY_All_Cases.listView-meta.xml
ListView,Case.ICY_All_Closed_Cases,icy,unreferenced; references only ICY/base,,force-app/main/default/objects/Case/listViews/ICY_All_Closed_Cases.listView-meta.xml
ListView,Case.ICY_All_Open_Cases,icy,unreferenced; references only ICY/base,,force-app/main/default/objects/Case/listViews/ICY_All_Open_Cases.listView-meta.xml
ListView,Case.ICY_My_Cases,icy,unreferenced; references only ICY/base,,force-app/main/default/objects/Case/listViews/ICY_My_Cases.listView-meta.xml
ListView,Case_Contact__c.All,icy,unreferenced; follows owning object,,force-app/main/default/objects/Case_Contact__c/listViews/All.listView-meta.xml
ListView,Case_Member__c.All,icy,unreferenced; follows owning object,,force-app/main/default/objects/Case_Member__c/listViews/All.listView-meta.xml
ListView,Form_1634__c.All,maid,reachable only from MAiD,,force-app/main/default/objects/Form_1634__c/listViews/All.listView-meta.xml
ListView,Form_RXMAR__c.All,maid,reachable only from MAiD,,force-app/main/default/objects/Form_RXMAR__c/listViews/All.listView-meta.xml
ListView,ICY_Document__c.All,icy,reachable only from ICY,,force-app/main/default/objects/ICY_Document__c/listViews/All.listView-meta.xml
ListView,ICY_Notes__c.All,icy,reachable only from ICY,,force-app/main/default/objects/ICY_Notes__c/listViews/All.listView-meta.xml
ListView,IDP_User_Registration_Permission_Set__mdt.All_Details,icy,reachable only from ICY,,force-app/main/default/objects/IDP_User_Registration_Permission_Set__mdt/listViews/All_Details.listView-meta.xml
ListView,IDP_User_Registration_User_Mapping__mdt.All_Data,icy,reachable only from ICY,,force-app/main/default/objects/IDP_User_Registration_User_Mapping__mdt/listViews/All_Data.listView-meta.xml
ListView,Intake__c.ICY_All_Closed_Intakes,icy,unreferenced; follows owning object,,force-app/main/default/objects/Intake__c/listViews/ICY_All_Closed_Intakes.listView-meta.xml
ListView,Intake__c.ICY_All_Intakes,icy,unreferenced; follows owning object,,force-app/main/default/objects/Intake__c/listViews/ICY_All_Intakes.listView-meta.xml
ListView,Intake__c.ICY_All_Open_Intakes,icy,unreferenced; follows owning object,,force-app/main/default/objects/Intake__c/listViews/ICY_All_Open_Intakes.listView-meta.xml
ListView,Intake__c.ICY_My_ICY_Intake,icy,unreferenced; follows owning object,,force-app/main/default/objects/Intake__c/listViews/ICY_My_ICY_Intake.listView-meta.xml
ListView,Login_Page_Messages__c.All,icy,unreferenced; follows owning object,,force-app/main/default/objects/Login_Page_Messages__c/listViews/All.listView-meta.xml
ListView,Postal_Code__c.All_Postal_Code_Rules,icy,unreferenced; follows owning object,,force-app/main/default/objects/Postal_Code__c/listViews/All_Postal_Code_Rules.listView-meta.xml
ListView,Referral__c.All_ICY_Referrals,icy,unreferenced; follows owning object,,force-app/main/default/objects/Referral__c/listViews/All_ICY_Referrals.listView-meta.xml
ListView,Referral__c.ICY_All_Admin_PL_Closed_Referrals,icy,unreferenced; follows owning object,,force-app/main/default/objects/Referral__c/listViews/ICY_All_Admin_PL_Closed_Referrals.listView-meta.xml
ListView,Referral__c.ICY_All_Closed_Referrals,icy,unreferenced; follows owning object,,force-app/main/default/objects/Referral__c/listViews/ICY_All_Closed_Referrals.listView-meta.xml
ListView,Referral__c.ICY_All_Open_Referrals,icy,unreferenced; follows owning object,,force-app/main/default/objects/Referral__c/listViews/ICY_All_Open_Referrals.listView-meta.xml
ListView,Referral__c.ICY_My_Referrals,icy,unreferenced; follows owning object,,force-app/main/default/objects/Referral__c/listViews/ICY_My_Referrals.listView-meta.xml
ListView,Referral__c.ICY_Re_Referred_Referrals,icy,unreferenced; follows owning object,,force-app/main/default/objects/Referral__c/listViews/ICY_Re_Referred_Referrals.listView-meta.xml
ListView,S1_HC_2023__c.All,maid,reachable only from MAiD,,force-app/main/default/objects/S1_HC_2023__c/listViews/All.listView-meta.xml
ListView,System_Access_Request__c.All,icy,unreferenced; follows owning object,,force-app/main/default/objects/System_Access_Request__c/listViews/All.listView-meta.xml
MatchingRules,PersonAccount,maid,"unreferenced; added 2021-03-25, before ICY existed in repo",2021-03-25 BCMOHAD-5324: Prevent Duplicate College Id Records,force-app/main/default/matchingRules/PersonAccount.matchingRule-meta.xml
MilestoneType,MAiD All Forms Received 3 Days,maid,reachable only from MAiD,,force-app/main/default/milestoneTypes/MAiD All Forms Received 3 Days.milestoneType-meta.xml
MilestoneType,MAiD All Forms Received 30 Days,maid,reachable only from MAiD,,force-app/main/default/milestoneTypes/MAiD All Forms Received 30 Days.milestoneType-meta.xml
MilestoneType,MAiD All Forms Received 6 Days,maid,reachable only from MAiD,,force-app/main/default/milestoneTypes/MAiD All Forms Received 6 Days.milestoneType-meta.xml
PermissionSet,ICY_Administrator_Permissions,icy,reachable only from ICY,,force-app/main/default/permissionsets/ICY_Administrator_Permissions.permissionset-meta.xml
PermissionSet,ICY_Clinical_Team_Member_Permissions,icy,reachable only from ICY,,force-app/main/default/permissionsets/ICY_Clinical_Team_Member_Permissions.permissionset-meta.xml
PermissionSet,ICY_Integrate_Permissions,icy,reachable only from ICY,,force-app/main/default/permissionsets/ICY_Integrate_Permissions.permissionset-meta.xml
PermissionSet,ICY_Non_Clinical_Team_Member_Permissions,icy,reachable only from ICY,,force-app/main/default/permissionsets/ICY_Non_Clinical_Team_Member_Permissions.permissionset-meta.xml
PermissionSet,ICY_Program_Leader_Permissions,icy,reachable only from ICY,,force-app/main/default/permissionsets/ICY_Program_Leader_Permissions.permissionset-meta.xml
PermissionSet,ICY_Support_Permissions,icy,reachable only from ICY,,force-app/main/default/permissionsets/ICY_Support_Permissions.permissionset-meta.xml
PermissionSet,MAiD_Analyst,maid,reachable only from MAiD,,force-app/main/default/permissionsets/MAiD_Analyst.permissionset-meta.xml
PermissionSet,MAiD_Analyst_Reports_Dashboards,maid,reachable only from MAiD,,force-app/main/default/permissionsets/MAiD_Analyst_Reports_Dashboards.permissionset-meta.xml
PermissionSet,MAiD_Manage_Encryption_Keys,maid,reachable only from MAiD,,force-app/main/default/permissionsets/MAiD_Manage_Encryption_Keys.permissionset-meta.xml
PermissionSet,MAiD_Manager,maid,reachable only from MAiD,,force-app/main/default/permissionsets/MAiD_Manager.permissionset-meta.xml
PermissionSet,MAiD_Reports_Analyst,maid,reachable only from MAiD,,force-app/main/default/permissionsets/MAiD_Reports_Analyst.permissionset-meta.xml
PermissionSet,MAiD_Reports_Dashboards,maid,reachable only from MAiD,,force-app/main/default/permissionsets/MAiD_Reports_Dashboards.permissionset-meta.xml
PermissionSet,MAiD_System_Administrator,maid,reachable only from MAiD,,force-app/main/default/permissionsets/MAiD_System_Administrator.permissionset-meta.xml
PermissionSet,MoH_Manage_Encryption_Keys,maid,reachable only from MAiD,,force-app/main/default/permissionsets/MoH_Manage_Encryption_Keys.permissionset-meta.xml
PermissionSet,Salesforce_Backup_Administrator,unpackaged,PermissionSet references BOTH projects – keep unpackaged or split (review),,force-app/main/default/permissionsets/Salesforce_Backup_Administrator.permissionset-meta.xml
PermissionSet,Two_factor_Authentication,maid,"unreferenced; added 2023-07-27, before ICY existed in repo",2023-07-27 MFA Permission set and added missing test.xml file,force-app/main/default/permissionsets/Two_factor_Authentication.permissionset-meta.xml
PermissionSetGroup,ICY_Administrator_Permission_Set_Group,icy,reachable only from ICY,,force-app/main/default/permissionsetgroups/ICY_Administrator_Permission_Set_Group.permissionsetgroup-meta.xml
PermissionSetGroup,ICY_Business_Administrator_PSG,icy,reachable only from ICY,,force-app/main/default/permissionsetgroups/ICY_Business_Administrator_PSG.permissionsetgroup-meta.xml
PermissionSetGroup,ICY_Clinical_Team_Member_Permission_Set_Group,icy,reachable only from ICY,,force-app/main/default/permissionsetgroups/ICY_Clinical_Team_Member_Permission_Set_Group.permissionsetgroup-meta.xml
PermissionSetGroup,ICY_Non_Clinical_Team_Member_Permission_Set_Group,icy,reachable only from ICY,,force-app/main/default/permissionsetgroups/ICY_Non_Clinical_Team_Member_Permission_Set_Group.permissionsetgroup-meta.xml
PermissionSetGroup,ICY_Program_Leader_Permission_Set_Group,icy,reachable only from ICY,,force-app/main/default/permissionsetgroups/ICY_Program_Leader_Permission_Set_Group.permissionsetgroup-meta.xml
PermissionSetGroup,MAiD_Admin_Group,maid,reachable only from MAiD,,force-app/main/default/permissionsetgroups/MAiD_Admin_Group.permissionsetgroup-meta.xml
PermissionSetGroup,MAiD_Analyst_Group,maid,reachable only from MAiD,,force-app/main/default/permissionsetgroups/MAiD_Analyst_Group.permissionsetgroup-meta.xml
PermissionSetGroup,MAiD_Manager_1_Group,maid,reachable only from MAiD,,force-app/main/default/permissionsetgroups/MAiD_Manager_1_Group.permissionsetgroup-meta.xml
Profile,ICYTest Profile,unpackaged,Profile not packageable / org-level,,force-app/main/default/profiles/ICYTest Profile.profile-meta.xml
Profile,MoH Standard User,unpackaged,Profile not packageable / org-level,,force-app/main/default/profiles/MoH Standard User.profile-meta.xml
Queue,ICY_Central_Coast,icy,reachable only from ICY,,force-app/main/default/queues/ICY_Central_Coast.queue-meta.xml
Queue,ICY_Coast_Mountains_Team_Hazelton,icy,reachable only from ICY,,force-app/main/default/queues/ICY_Coast_Mountains_Team_Hazelton.queue-meta.xml
Queue,ICY_Coast_Mountains_Team_Terrace,icy,reachable only from ICY,,force-app/main/default/queues/ICY_Coast_Mountains_Team_Terrace.queue-meta.xml
Queue,ICY_Comox_Valley_Team_1,icy,reachable only from ICY,,force-app/main/default/queues/ICY_Comox_Valley_Team_1.queue-meta.xml
Queue,ICY_Comox_Valley_Team_2,icy,reachable only from ICY,,force-app/main/default/queues/ICY_Comox_Valley_Team_2.queue-meta.xml
Queue,ICY_Cowichan_Valley,icy,reachable only from ICY,,force-app/main/default/queues/ICY_Cowichan_Valley.queue-meta.xml
Queue,ICY_Delta,icy,reachable only from ICY,,force-app/main/default/queues/ICY_Delta.queue-meta.xml
Queue,ICY_Fraser_Cascades,icy,reachable only from ICY,,force-app/main/default/queues/ICY_Fraser_Cascades.queue-meta.xml
Queue,ICY_Gold_Trail,icy,reachable only from ICY,,force-app/main/default/queues/ICY_Gold_Trail.queue-meta.xml
Queue,ICY_Kootenay_Columbia,icy,reachable only from ICY,,force-app/main/default/queues/ICY_Kootenay_Columbia.queue-meta.xml
Queue,ICY_Maple_Ridge_Pitt_Meadows_Team_1,icy,reachable only from ICY,,force-app/main/default/queues/ICY_Maple_Ridge_Pitt_Meadows_Team_1.queue-meta.xml
Queue,ICY_Maple_Ridge_Pitt_Meadows_Team_2,icy,reachable only from ICY,,force-app/main/default/queues/ICY_Maple_Ridge_Pitt_Meadows_Team_2.queue-meta.xml
Queue,ICY_Maple_Ridge_Pitt_Meadows_Team_3,icy,reachable only from ICY,,force-app/main/default/queues/ICY_Maple_Ridge_Pitt_Meadows_Team_3.queue-meta.xml
Queue,ICY_Mission_Team_1,icy,reachable only from ICY,,force-app/main/default/queues/ICY_Mission_Team_1.queue-meta.xml
Queue,ICY_Mission_Team_2,icy,reachable only from ICY,,force-app/main/default/queues/ICY_Mission_Team_2.queue-meta.xml
Queue,ICY_Mission_Team_3,icy,reachable only from ICY,,force-app/main/default/queues/ICY_Mission_Team_3.queue-meta.xml
Queue,ICY_Nanaimo_Ladysmith_Team_1,icy,reachable only from ICY,,force-app/main/default/queues/ICY_Nanaimo_Ladysmith_Team_1.queue-meta.xml
Queue,ICY_Nanaimo_Ladysmith_Team_2,icy,reachable only from ICY,,force-app/main/default/queues/ICY_Nanaimo_Ladysmith_Team_2.queue-meta.xml
Queue,ICY_Nanaimo_Ladysmith_Team_3,icy,reachable only from ICY,,force-app/main/default/queues/ICY_Nanaimo_Ladysmith_Team_3.queue-meta.xml
Queue,ICY_Nanaimo_Ladysmith_Team_4,icy,reachable only from ICY,,force-app/main/default/queues/ICY_Nanaimo_Ladysmith_Team_4.queue-meta.xml
Queue,ICY_Nicola_Similkameen,icy,reachable only from ICY,,force-app/main/default/queues/ICY_Nicola_Similkameen.queue-meta.xml
Queue,ICY_North_Okanagan_Shuswap,icy,reachable only from ICY,,force-app/main/default/queues/ICY_North_Okanagan_Shuswap.queue-meta.xml
Queue,ICY_Okanagan_Similkameen,icy,reachable only from ICY,,force-app/main/default/queues/ICY_Okanagan_Similkameen.queue-meta.xml
Queue,ICY_Pacific_Rim,icy,reachable only from ICY,,force-app/main/default/queues/ICY_Pacific_Rim.queue-meta.xml
Queue,ICY_Peace_River_South,icy,reachable only from ICY,,force-app/main/default/queues/ICY_Peace_River_South.queue-meta.xml
Queue,ICY_Qualicum,icy,reachable only from ICY,,force-app/main/default/queues/ICY_Qualicum.queue-meta.xml
Queue,ICY_Richmond_Team_1,icy,reachable only from ICY,,force-app/main/default/queues/ICY_Richmond_Team_1.queue-meta.xml
Queue,ICY_Richmond_Team_2,icy,reachable only from ICY,,force-app/main/default/queues/ICY_Richmond_Team_2.queue-meta.xml
Queue,ICY_Richmond_Team_3,icy,reachable only from ICY,,force-app/main/default/queues/ICY_Richmond_Team_3.queue-meta.xml
Queue,ICY_Richmond_Team_4,icy,reachable only from ICY,,force-app/main/default/queues/ICY_Richmond_Team_4.queue-meta.xml
Queue,ICY_Surrey,icy,reachable only from ICY,,force-app/main/default/queues/ICY_Surrey.queue-meta.xml
Queue,ICY_qathet_Powell_River,icy,reachable only from ICY,,force-app/main/default/queues/ICY_qathet_Powell_River.queue-meta.xml
QuickAction,Case.ICY_Close_Case,icy,reachable only from ICY,,force-app/main/default/quickActions/Case.ICY_Close_Case.quickAction-meta.xml
QuickAction,Case.ICY_Disable_Banner,icy,reachable only from ICY,,force-app/main/default/quickActions/Case.ICY_Disable_Banner.quickAction-meta.xml
QuickAction,Case.ICY_Enable_Banner,icy,reachable only from ICY,,force-app/main/default/quickActions/Case.ICY_Enable_Banner.quickAction-meta.xml
QuickAction,Case.ICY_Reopen_Case,icy,reachable only from ICY,,force-app/main/default/quickActions/Case.ICY_Reopen_Case.quickAction-meta.xml
QuickAction,Case.Print_Plan,icy,reachable only from ICY,,force-app/main/default/quickActions/Case.Print_Plan.quickAction-meta.xml
QuickAction,Case.Reopen_Case,icy,unreferenced; added by ICY commit 2023-12-15 'BCMOHAD-19743 - ICY Integrate complete m',2023-12-15 BCMOHAD-19743 - ICY Integrate complete migration.,force-app/main/default/quickActions/Case.Reopen_Case.quickAction-meta.xml
QuickAction,Intake__c.Accept_Complete_Intake,icy,reachable only from ICY,,force-app/main/default/quickActions/Intake__c.Accept_Complete_Intake.quickAction-meta.xml
QuickAction,Intake__c.ICY_Assign_To,icy,reachable only from ICY,,force-app/main/default/quickActions/Intake__c.ICY_Assign_To.quickAction-meta.xml
QuickAction,Intake__c.ICY_Assign_To_Flow,icy,reachable only from ICY,,force-app/main/default/quickActions/Intake__c.ICY_Assign_To_Flow.quickAction-meta.xml
QuickAction,Intake__c.ICY_Close_Intake,icy,reachable only from ICY,,force-app/main/default/quickActions/Intake__c.ICY_Close_Intake.quickAction-meta.xml
QuickAction,Intake__c.ICY_Disable_Banner,icy,reachable only from ICY,,force-app/main/default/quickActions/Intake__c.ICY_Disable_Banner.quickAction-meta.xml
QuickAction,Intake__c.ICY_Enable_Banner,icy,reachable only from ICY,,force-app/main/default/quickActions/Intake__c.ICY_Enable_Banner.quickAction-meta.xml
QuickAction,Intake__c.ICY_Reopen_Intake,icy,reachable only from ICY,,force-app/main/default/quickActions/Intake__c.ICY_Reopen_Intake.quickAction-meta.xml
QuickAction,Referral__c.Accept_Referral_Intake,icy,reachable only from ICY,,force-app/main/default/quickActions/Referral__c.Accept_Referral_Intake.quickAction-meta.xml
QuickAction,Referral__c.Close_Referral,icy,reachable only from ICY,,force-app/main/default/quickActions/Referral__c.Close_Referral.quickAction-meta.xml
QuickAction,Referral__c.ICY_Accept_Referral,icy,reachable only from ICY,,force-app/main/default/quickActions/Referral__c.ICY_Accept_Referral.quickAction-meta.xml
QuickAction,Referral__c.ICY_Assign_To,icy,reachable only from ICY,,force-app/main/default/quickActions/Referral__c.ICY_Assign_To.quickAction-meta.xml
QuickAction,Referral__c.ICY_Assign_To_Flow,icy,reachable only from ICY,,force-app/main/default/quickActions/Referral__c.ICY_Assign_To_Flow.quickAction-meta.xml
QuickAction,Referral__c.ICY_Disable_Alert,icy,reachable only from ICY,,force-app/main/default/quickActions/Referral__c.ICY_Disable_Alert.quickAction-meta.xml
QuickAction,Referral__c.ICY_Disable_Banner,icy,reachable only from ICY,,force-app/main/default/quickActions/Referral__c.ICY_Disable_Banner.quickAction-meta.xml
QuickAction,Referral__c.ICY_Enable_Alert,icy,reachable only from ICY,,force-app/main/default/quickActions/Referral__c.ICY_Enable_Alert.quickAction-meta.xml
QuickAction,Referral__c.ICY_Enable_Banner,icy,reachable only from ICY,,force-app/main/default/quickActions/Referral__c.ICY_Enable_Banner.quickAction-meta.xml
QuickAction,Referral__c.ICY_Reopen_Referral,icy,reachable only from ICY,,force-app/main/default/quickActions/Referral__c.ICY_Reopen_Referral.quickAction-meta.xml
QuickAction,Referral__c.Re_Referral,icy,reachable only from ICY,,force-app/main/default/quickActions/Referral__c.Re_Referral.quickAction-meta.xml
RecordType,Account.ICY_Person_Account,icy,unreferenced; references only ICY/base,,force-app/main/default/objects/Account/recordTypes/ICY_Person_Account.recordType-meta.xml
RecordType,Case.Error_Log,maid,reachable only from MAiD,,force-app/main/default/objects/Case/recordTypes/Error_Log.recordType-meta.xml
RecordType,Case.ICY_Close_Case,icy,reachable only from ICY,,force-app/main/default/objects/Case/recordTypes/ICY_Close_Case.recordType-meta.xml
RecordType,Case.ICY_Standard_Case,icy,reachable only from ICY,,force-app/main/default/objects/Case/recordTypes/ICY_Standard_Case.recordType-meta.xml
RecordType,Case.MAiD_Case,maid,reachable only from MAiD,,force-app/main/default/objects/Case/recordTypes/MAiD_Case.recordType-meta.xml
RecordType,Case_Contact__c.ICY_Case_Contact,icy,reachable only from ICY,,force-app/main/default/objects/Case_Contact__c/recordTypes/ICY_Case_Contact.recordType-meta.xml
RecordType,Intake__c.ICY_Intake,icy,reachable only from ICY,,force-app/main/default/objects/Intake__c/recordTypes/ICY_Intake.recordType-meta.xml
RecordType,Intake__c.ICY_Intake_Read_Only,icy,reachable only from ICY,,force-app/main/default/objects/Intake__c/recordTypes/ICY_Intake_Read_Only.recordType-meta.xml
RecordType,PersonAccount.ICY_Person_Account,icy,reachable only from ICY,,force-app/main/default/objects/PersonAccount/recordTypes/ICY_Person_Account.recordType-meta.xml
RecordType,PersonAccount.Nurse_Practitioner,maid,reachable only from MAiD,,force-app/main/default/objects/PersonAccount/recordTypes/Nurse_Practitioner.recordType-meta.xml
RecordType,PersonAccount.Other_Health_Care_Professionals,maid,reachable only from MAiD,,force-app/main/default/objects/PersonAccount/recordTypes/Other_Health_Care_Professionals.recordType-meta.xml
RecordType,PersonAccount.Pharmacist,maid,reachable only from MAiD,,force-app/main/default/objects/PersonAccount/recordTypes/Pharmacist.recordType-meta.xml
RecordType,PersonAccount.Physician,maid,reachable only from MAiD,,force-app/main/default/objects/PersonAccount/recordTypes/Physician.recordType-meta.xml
RecordType,Referral__c.ICY_General,icy,reachable only from ICY,,force-app/main/default/objects/Referral__c/recordTypes/ICY_General.recordType-meta.xml
RecordType,Referral__c.ICY_General_Read_Only,icy,reachable only from ICY,,force-app/main/default/objects/Referral__c/recordTypes/ICY_General_Read_Only.recordType-meta.xml
RecordType,Referral__c.ICY_Medical,icy,reachable only from ICY,,force-app/main/default/objects/Referral__c/recordTypes/ICY_Medical.recordType-meta.xml
RecordType,Referral__c.ICY_Medical_Read_Only,icy,reachable only from ICY,,force-app/main/default/objects/Referral__c/recordTypes/ICY_Medical_Read_Only.recordType-meta.xml
RecordType,Referral__c.Read_Only,icy,reachable only from ICY,,force-app/main/default/objects/Referral__c/recordTypes/Read_Only.recordType-meta.xml
RecordType,System_Access_Request__c.ICY,icy,unreferenced; follows owning object,,force-app/main/default/objects/System_Access_Request__c/recordTypes/ICY.recordType-meta.xml
Report,ICYDashboardReports/ICY_Cases_Closed_by_Month_Yjo,icy,reachable only from ICY,,force-app/main/default/reports/ICYDashboardReports/ICY_Cases_Closed_by_Month_Yjo.report-meta.xml
Report,ICYDashboardReports/ICY_Cases_by_Status_by_Month_9xn,icy,reachable only from ICY,,force-app/main/default/reports/ICYDashboardReports/ICY_Cases_by_Status_by_Month_9xn.report-meta.xml
Report,ICYDashboardReports/ICY_Inactive_Case_Report_tML,icy,reachable only from ICY,,force-app/main/default/reports/ICYDashboardReports/ICY_Inactive_Case_Report_tML.report-meta.xml
Report,ICYDashboardReports/ICY_Intakes_Closed_by_Month_9vy,icy,reachable only from ICY,,force-app/main/default/reports/ICYDashboardReports/ICY_Intakes_Closed_by_Month_9vy.report-meta.xml
Report,ICYDashboardReports/ICY_Intakes_by_Status_by_Month_rR8,icy,reachable only from ICY,,force-app/main/default/reports/ICYDashboardReports/ICY_Intakes_by_Status_by_Month_rR8.report-meta.xml
Report,ICYDashboardReports/ICY_Referrals_Closed_by_Month_6kW,icy,reachable only from ICY,,force-app/main/default/reports/ICYDashboardReports/ICY_Referrals_Closed_by_Month_6kW.report-meta.xml
Report,ICYDashboardReports/ICY_Referrals_by_Status_QiA,icy,reachable only from ICY,,force-app/main/default/reports/ICYDashboardReports/ICY_Referrals_by_Status_QiA.report-meta.xml
Report,ICYDashboardReports/New_Case_Transition_Goals_Report_Ziv,icy,reachable only from ICY,,force-app/main/default/reports/ICYDashboardReports/New_Case_Transition_Goals_Report_Ziv.report-meta.xml
Report,ICYMMHAReports/Copy_of_ICY_Case_Individual_Goals_COMO_OBB,icy,reachable only from ICY,,force-app/main/default/reports/ICYMMHAReports/Copy_of_ICY_Case_Individual_Goals_COMO_OBB.report-meta.xml
Report,ICYMMHAReports/Copy_of_ICY_Evaluation_Data_Referrals_9pL,icy,reachable only from ICY,,force-app/main/default/reports/ICYMMHAReports/Copy_of_ICY_Evaluation_Data_Referrals_9pL.report-meta.xml
Report,ICYMMHAReports/Copy_of_ICY_Reason_for_case_closed_COM_4xW,icy,reachable only from ICY,,force-app/main/default/reports/ICYMMHAReports/Copy_of_ICY_Reason_for_case_closed_COM_4xW.report-meta.xml
Report,ICYMMHAReports/Copy_of_ICY_Touch_points_with_youth_MA_mZ5,icy,reachable only from ICY,,force-app/main/default/reports/ICYMMHAReports/Copy_of_ICY_Touch_points_with_youth_MA_mZ5.report-meta.xml
Report,ICYMMHAReports/Copy_of_ICY_Touch_points_with_youth_MA_vu0,icy,reachable only from ICY,,force-app/main/default/reports/ICYMMHAReports/Copy_of_ICY_Touch_points_with_youth_MA_vu0.report-meta.xml
Report,ICYMMHAReports/ICY_Case_Individual_Goals_COAST_R0v,icy,reachable only from ICY,,force-app/main/default/reports/ICYMMHAReports/ICY_Case_Individual_Goals_COAST_R0v.report-meta.xml
Report,ICYMMHAReports/ICY_Case_Individual_Goals_OKANAGAN_YdP,icy,reachable only from ICY,,force-app/main/default/reports/ICYMMHAReports/ICY_Case_Individual_Goals_OKANAGAN_YdP.report-meta.xml
Report,ICYMMHAReports/ICY_Case_Individual_Goals_RICHMOND_hF0,icy,reachable only from ICY,,force-app/main/default/reports/ICYMMHAReports/ICY_Case_Individual_Goals_RICHMOND_hF0.report-meta.xml
Report,ICYMMHAReports/ICY_Case_Plan_Goals_QgJ,icy,reachable only from ICY,,force-app/main/default/reports/ICYMMHAReports/ICY_Case_Plan_Goals_QgJ.report-meta.xml
Report,ICYMMHAReports/ICY_Case_with_Integrated_Care_Plan_M2C,icy,reachable only from ICY,,force-app/main/default/reports/ICYMMHAReports/ICY_Case_with_Integrated_Care_Plan_M2C.report-meta.xml
Report,ICYMMHAReports/ICY_Case_with_Integrated_Plan_COM_Wl6,icy,reachable only from ICY,,force-app/main/default/reports/ICYMMHAReports/ICY_Case_with_Integrated_Plan_COM_Wl6.report-meta.xml
Report,ICYMMHAReports/ICY_Case_with_Integrated_Plan_CoastMou_q7m,icy,reachable only from ICY,,force-app/main/default/reports/ICYMMHAReports/ICY_Case_with_Integrated_Plan_CoastMou_q7m.report-meta.xml
Report,ICYMMHAReports/ICY_Case_with_Integrated_Plan_Maple_lPZ,icy,reachable only from ICY,,force-app/main/default/reports/ICYMMHAReports/ICY_Case_with_Integrated_Plan_Maple_lPZ.report-meta.xml
Report,ICYMMHAReports/ICY_Case_with_Integrated_Plan_Richmon_Lg7,icy,reachable only from ICY,,force-app/main/default/reports/ICYMMHAReports/ICY_Case_with_Integrated_Plan_Richmon_Lg7.report-meta.xml
Report,ICYMMHAReports/ICY_Cases_and_Team_members_COAST_MOUNT_soO,icy,reachable only from ICY,,force-app/main/default/reports/ICYMMHAReports/ICY_Cases_and_Team_members_COAST_MOUNT_soO.report-meta.xml
Report,ICYMMHAReports/ICY_Cases_and_Team_members_MAPLE_MaM,icy,reachable only from ICY,,force-app/main/default/reports/ICYMMHAReports/ICY_Cases_and_Team_members_MAPLE_MaM.report-meta.xml
Report,ICYMMHAReports/ICY_Cases_and_Team_members_OKANAGAN_Emj,icy,reachable only from ICY,,force-app/main/default/reports/ICYMMHAReports/ICY_Cases_and_Team_members_OKANAGAN_Emj.report-meta.xml
Report,ICYMMHAReports/ICY_Cases_and_Team_members_RICHMOND_FEk,icy,reachable only from ICY,,force-app/main/default/reports/ICYMMHAReports/ICY_Cases_and_Team_members_RICHMOND_FEk.report-meta.xml
Report,ICYMMHAReports/ICY_Cases_and_Team_members_X6J,icy,reachable only from ICY,,force-app/main/default/reports/ICYMMHAReports/ICY_Cases_and_Team_members_X6J.report-meta.xml
Report,ICYMMHAReports/ICY_Evaluation_Data_ReferralsCoastMoun_Bf2,icy,reachable only from ICY,,force-app/main/default/reports/ICYMMHAReports/ICY_Evaluation_Data_ReferralsCoastMoun_Bf2.report-meta.xml
Report,ICYMMHAReports/ICY_Evaluation_Data_ReferralsR_SSU,icy,reachable only from ICY,,force-app/main/default/reports/ICYMMHAReports/ICY_Evaluation_Data_ReferralsR_SSU.report-meta.xml
Report,ICYMMHAReports/ICY_Evaluation_Data_ReferralsRichmond_qB9,icy,reachable only from ICY,,force-app/main/default/reports/ICYMMHAReports/ICY_Evaluation_Data_ReferralsRichmond_qB9.report-meta.xml
Report,ICYMMHAReports/ICY_Evaluation_Data_Referrals_N3I,icy,reachable only from ICY,,force-app/main/default/reports/ICYMMHAReports/ICY_Evaluation_Data_Referrals_N3I.report-meta.xml
Report,ICYMMHAReports/ICY_Licenses_in_Use_XGe,icy,reachable only from ICY,,force-app/main/default/reports/ICYMMHAReports/ICY_Licenses_in_Use_XGe.report-meta.xml
Report,ICYMMHAReports/ICY_Reason_9MF,icy,reachable only from ICY,,force-app/main/default/reports/ICYMMHAReports/ICY_Reason_9MF.report-meta.xml
Report,ICYMMHAReports/ICY_Reason_for_case_closed_COMOX_JhS,icy,reachable only from ICY,,force-app/main/default/reports/ICYMMHAReports/ICY_Reason_for_case_closed_COMOX_JhS.report-meta.xml
Report,ICYMMHAReports/ICY_Reason_for_case_closed_MAPLE_Ze6,icy,reachable only from ICY,,force-app/main/default/reports/ICYMMHAReports/ICY_Reason_for_case_closed_MAPLE_Ze6.report-meta.xml
Report,ICYMMHAReports/ICY_Reason_for_case_closed_OKANAGAN_teH,icy,reachable only from ICY,,force-app/main/default/reports/ICYMMHAReports/ICY_Reason_for_case_closed_OKANAGAN_teH.report-meta.xml
Report,ICYMMHAReports/ICY_Touch_points_with_youth_3HR,icy,reachable only from ICY,,force-app/main/default/reports/ICYMMHAReports/ICY_Touch_points_with_youth_3HR.report-meta.xml
Report,ICYMMHAReports/ICY_Touch_points_with_youth_CO_L7b,icy,reachable only from ICY,,force-app/main/default/reports/ICYMMHAReports/ICY_Touch_points_with_youth_CO_L7b.report-meta.xml
Report,ICYMMHAReports/ICY_Touch_points_with_youth_OKANAGAN_0uf,icy,reachable only from ICY,,force-app/main/default/reports/ICYMMHAReports/ICY_Touch_points_with_youth_OKANAGAN_0uf.report-meta.xml
Report,ICYReports/Case_with_Case_Members_Report_8QF,icy,reachable only from ICY,,force-app/main/default/reports/ICYReports/Case_with_Case_Members_Report_8QF.report-meta.xml
Report,ICYReports/ICY_Cases_with_Contacts,icy,reachable only from ICY,,force-app/main/default/reports/ICYReports/ICY_Cases_with_Contacts.report-meta.xml
Report,ICYReports/ICY_Re_Referrals,icy,reachable only from ICY,,force-app/main/default/reports/ICYReports/ICY_Re_Referrals.report-meta.xml
Report,ICYReports/Referrals_Report_BoK,icy,reachable only from ICY,,force-app/main/default/reports/ICYReports/Referrals_Report_BoK.report-meta.xml
Report,ICYReportsPL/Cases_with_no_case_notes_in_last_30_days_t9c,icy,reachable only from ICY,,force-app/main/default/reports/ICYReportsPL/Cases_with_no_case_notes_in_last_30_days_t9c.report-meta.xml
Report,ICYReportsPL/Intake_Flow_BZ2,icy,reachable only from ICY,,force-app/main/default/reports/ICYReportsPL/Intake_Flow_BZ2.report-meta.xml
Report,ICYReportsPL/New_Cases_Report_Rvf,icy,reachable only from ICY,,force-app/main/default/reports/ICYReportsPL/New_Cases_Report_Rvf.report-meta.xml
Report,ICYReportsPL/Referral_Statuses_Duration_BJD,icy,reachable only from ICY,,force-app/main/default/reports/ICYReportsPL/Referral_Statuses_Duration_BJD.report-meta.xml
Report,ICYSharedIndicatorsReports/CY_being_seen_1_Members_fzC,icy,reachable only from ICY,,force-app/main/default/reports/ICYSharedIndicatorsReports/CY_being_seen_1_Members_fzC.report-meta.xml
Report,ICYSharedIndicatorsReports/Cases_assigned_Last_Month_mUs,icy,reachable only from ICY,,force-app/main/default/reports/ICYSharedIndicatorsReports/Cases_assigned_Last_Month_mUs.report-meta.xml
Report,ICYSharedIndicatorsReports/Copy_of_ICY_being_seen_1_Members_b51,icy,reachable only from ICY,,force-app/main/default/reports/ICYSharedIndicatorsReports/Copy_of_ICY_being_seen_1_Members_b51.report-meta.xml
Report,ICYSharedIndicatorsReports/ICY_All_Open_Cases_sH3,icy,reachable only from ICY,,force-app/main/default/reports/ICYSharedIndicatorsReports/ICY_All_Open_Cases_sH3.report-meta.xml
Report,ICYSharedIndicatorsReports/ICY_Closed_Referral_this_month,icy,reachable only from ICY,,force-app/main/default/reports/ICYSharedIndicatorsReports/ICY_Closed_Referral_this_month.report-meta.xml
Report,ICYSharedIndicatorsReports/ICY_Intakes_accepted_by_month,icy,reachable only from ICY,,force-app/main/default/reports/ICYSharedIndicatorsReports/ICY_Intakes_accepted_by_month.report-meta.xml
Report,ICYSharedIndicatorsReports/ICY_New_Referrals,icy,reachable only from ICY,,force-app/main/default/reports/ICYSharedIndicatorsReports/ICY_New_Referrals.report-meta.xml
Report,ICYSharedIndicatorsReports/ICY_New_Referrals_Source_this_month_ZNQ,icy,reachable only from ICY,,force-app/main/default/reports/ICYSharedIndicatorsReports/ICY_New_Referrals_Source_this_month_ZNQ.report-meta.xml
Report,ICYSharedIndicatorsReports/ICY_Team_members_by_case_AeD,icy,reachable only from ICY,,force-app/main/default/reports/ICYSharedIndicatorsReports/ICY_Team_members_by_case_AeD.report-meta.xml
Report,ICYSharedIndicatorsReports/ICY_Team_members_by_case_Coast_M_U5H,icy,reachable only from ICY,,force-app/main/default/reports/ICYSharedIndicatorsReports/ICY_Team_members_by_case_Coast_M_U5H.report-meta.xml
Report,ICYSharedIndicatorsReports/ICY_Total_Cases_Last_month,icy,reachable only from ICY,,force-app/main/default/reports/ICYSharedIndicatorsReports/ICY_Total_Cases_Last_month.report-meta.xml
Report,ICYSharedIndicatorsReports/ICY_Total_Intakes_Last_month,icy,reachable only from ICY,,force-app/main/default/reports/ICYSharedIndicatorsReports/ICY_Total_Intakes_Last_month.report-meta.xml
Report,ICYSharedIndicatorsReports/ICY_Total_Referrals_Last_month_Family_0VM,icy,reachable only from ICY,,force-app/main/default/reports/ICYSharedIndicatorsReports/ICY_Total_Referrals_Last_month_Family_0VM.report-meta.xml
Report,ICYSharedIndicatorsReports/ICY_Total_Referrals_Psx,icy,reachable only from ICY,,force-app/main/default/reports/ICYSharedIndicatorsReports/ICY_Total_Referrals_Psx.report-meta.xml
Report,ICYSharedIndicatorsReports/New_Referrals_Report_rF2,icy,reachable only from ICY,,force-app/main/default/reports/ICYSharedIndicatorsReports/New_Referrals_Report_rF2.report-meta.xml
Report,ICYSharedIndicatorsReports/Supporting_FamilyParentCaregiver_Cases,icy,reachable only from ICY,,force-app/main/default/reports/ICYSharedIndicatorsReports/Supporting_FamilyParentCaregiver_Cases.report-meta.xml
Report,ICYSharedIndicatorsReports/Supporting_FamilyParentCaregiver_Refer_IB5,icy,reachable only from ICY,,force-app/main/default/reports/ICYSharedIndicatorsReports/Supporting_FamilyParentCaregiver_Refer_IB5.report-meta.xml
Report,ICYSharedIndicatorsReports/d_ICY_Closed_Referral_Last_Month_dfd,icy,reachable only from ICY,,force-app/main/default/reports/ICYSharedIndicatorsReports/d_ICY_Closed_Referral_Last_Month_dfd.report-meta.xml
Report,ICYSharedIndicatorsReports/d_Intakes_Closed_Last_month_GUt,icy,reachable only from ICY,,force-app/main/default/reports/ICYSharedIndicatorsReports/d_Intakes_Closed_Last_month_GUt.report-meta.xml
Report,ICYSharedIndicatorsReports/d_Referrals_Indigenous_Last_Month_mGG,icy,reachable only from ICY,,force-app/main/default/reports/ICYSharedIndicatorsReports/d_Referrals_Indigenous_Last_Month_mGG.report-meta.xml
Report,ICYSharedIndicatorsReports/draft_ICY_Referral_Sources_zlG,icy,reachable only from ICY,,force-app/main/default/reports/ICYSharedIndicatorsReports/draft_ICY_Referral_Sources_zlG.report-meta.xml
Report,ICY_Evaluation/ClosedCasesCheckedLast12Months_Ipc,icy,reachable only from ICY,,force-app/main/default/reports/ICY_Evaluation/ClosedCasesCheckedLast12Months_Ipc.report-meta.xml
Report,ICY_Evaluation/ICY_Referrals_with_Intakes_and_Cases_bYq,icy,reachable only from ICY,,force-app/main/default/reports/ICY_Evaluation/ICY_Referrals_with_Intakes_and_Cases_bYq.report-meta.xml
Report,ICY_Evaluation/Open_Cases_with_Checkbox_Checked_MFp,icy,reachable only from ICY,,force-app/main/default/reports/ICY_Evaluation/Open_Cases_with_Checkbox_Checked_MFp.report-meta.xml
Report,MAiDCaseManagementReports/Pharmacist_Report_PoF,maid,reachable only from MAiD,,force-app/main/default/reports/MAiDCaseManagementReports/Pharmacist_Report_PoF.report-meta.xml
Report,MAiDCaseManagementReports/S1_2023_HC_Report_IV_and_IV_and_Oral,maid,reachable only from MAiD,,force-app/main/default/reports/MAiDCaseManagementReports/S1_2023_HC_Report_IV_and_IV_and_Oral.report-meta.xml
Report,MAiDCaseManagementReports/S1_Admin_Substance_HC_2023Report,maid,reachable only from MAiD,,force-app/main/default/reports/MAiDCaseManagementReports/S1_Admin_Substance_HC_2023Report.report-meta.xml
Report,MAiDCaseManagementReports/S1_Admin_a_Substance_Elig_SWW,maid,reachable only from MAiD,,force-app/main/default/reports/MAiDCaseManagementReports/S1_Admin_a_Substance_Elig_SWW.report-meta.xml
Report,MAiDCaseManagementReports/S2_2023_HC_ReportOral_MAiD_P8M,maid,reachable only from MAiD,,force-app/main/default/reports/MAiDCaseManagementReports/S2_2023_HC_ReportOral_MAiD_P8M.report-meta.xml
Report,MAiDCaseManagementReports/S2_Self_Administration_v1_a28,maid,reachable only from MAiD,,force-app/main/default/reports/MAiDCaseManagementReports/S2_Self_Administration_v1_a28.report-meta.xml
Report,MAiDCaseManagementReports/S3_Referral_or_Transfer_31o,maid,reachable only from MAiD,,force-app/main/default/reports/MAiDCaseManagementReports/S3_Referral_or_Transfer_31o.report-meta.xml
Report,MAiDCaseManagementReports/S4_Withdrawal_u8U,maid,reachable only from MAiD,,force-app/main/default/reports/MAiDCaseManagementReports/S4_Withdrawal_u8U.report-meta.xml
Report,MAiDCaseManagementReports/S5_2023_HC_Report_Withdrawal_lhD,maid,reachable only from MAiD,,force-app/main/default/reports/MAiDCaseManagementReports/S5_2023_HC_Report_Withdrawal_lhD.report-meta.xml
Report,MAiDCaseManagementReports/S5_Found_Ineligible_for_MAiD_vy5,maid,reachable only from MAiD,,force-app/main/default/reports/MAiDCaseManagementReports/S5_Found_Ineligible_for_MAiD_vy5.report-meta.xml
Report,MAiDCaseManagementReports/S6_2023_Health_CanadaIneligible_G9B,maid,reachable only from MAiD,,force-app/main/default/reports/MAiDCaseManagementReports/S6_2023_Health_CanadaIneligible_G9B.report-meta.xml
Report,MAiDCaseManagementReports/S6_Died_of_Other_Cause_6PU,maid,reachable only from MAiD,,force-app/main/default/reports/MAiDCaseManagementReports/S6_Died_of_Other_Cause_6PU.report-meta.xml
Report,MAiDCaseManagementReports/S7_2023_HC_ReportDied_Prior_XPB,maid,reachable only from MAiD,,force-app/main/default/reports/MAiDCaseManagementReports/S7_2023_HC_ReportDied_Prior_XPB.report-meta.xml
Report,MAiDCaseManagementReports/X1641_2023_Pharmacist_Report_Y6x,maid,reachable only from MAiD,,force-app/main/default/reports/MAiDCaseManagementReports/X1641_2023_Pharmacist_Report_Y6x.report-meta.xml
ReportFolder,ICYDashboardReports,icy,reachable only from ICY,,force-app/main/default/reports/ICYDashboardReports.reportFolder-meta.xml
ReportFolder,ICYMMHAReports,icy,reachable only from ICY,,force-app/main/default/reports/ICYMMHAReports.reportFolder-meta.xml
ReportFolder,ICYReports,icy,reachable only from ICY,,force-app/main/default/reports/ICYReports.reportFolder-meta.xml
ReportFolder,ICYReportsPL,icy,reachable only from ICY,,force-app/main/default/reports/ICYReportsPL.reportFolder-meta.xml
ReportFolder,ICYSharedIndicatorsReports,icy,reachable only from ICY,,force-app/main/default/reports/ICYSharedIndicatorsReports.reportFolder-meta.xml
ReportFolder,ICY_Evaluation,icy,reachable only from ICY,,force-app/main/default/reports/ICY_Evaluation.reportFolder-meta.xml
ReportFolder,MAiDCaseManagementReports,maid,reachable only from MAiD,,force-app/main/default/reports/MAiDCaseManagementReports.reportFolder-meta.xml
ReportType,Case_Transition_Goals,icy,unreferenced; references only ICY/base,,force-app/main/default/reportTypes/Case_Transition_Goals.reportType-meta.xml
ReportType,Cases_with_Case_Contacts,icy,unreferenced; references only ICY/base,,force-app/main/default/reportTypes/Cases_with_Case_Contacts.reportType-meta.xml
ReportType,Form_1634_with_S1_HC_2023,maid,reachable only from MAiD,,force-app/main/default/reportTypes/Form_1634_with_S1_HC_2023.reportType-meta.xml
ReportType,ICY_Case_with_CaseMembers,icy,reachable only from ICY,,force-app/main/default/reportTypes/ICY_Case_with_CaseMembers.reportType-meta.xml
ReportType,ICY_Cases_with_or_without_Case_Notes,icy,reachable only from ICY,,force-app/main/default/reportTypes/ICY_Cases_with_or_without_Case_Notes.reportType-meta.xml
ReportType,ICY_Open_Cases_With_ConsentToEvaluation,icy,reachable only from ICY,,force-app/main/default/reportTypes/ICY_Open_Cases_With_ConsentToEvaluation.reportType-meta.xml
ReportType,MMHA_Case_Transition_HaveNeeds_Goals,icy,reachable only from ICY,,force-app/main/default/reportTypes/MMHA_Case_Transition_HaveNeeds_Goals.reportType-meta.xml
ReportType,MMHA_Reporting_Report_Type,icy,reachable only from ICY,,force-app/main/default/reportTypes/MMHA_Reporting_Report_Type.reportType-meta.xml
ReportType,Referral_With_Intake_and_Cases,icy,unreferenced; references only ICY/base,,force-app/main/default/reportTypes/Referral_With_Intake_and_Cases.reportType-meta.xml
ReportType,Referral_with_Case,icy,unreferenced; references only ICY/base,,force-app/main/default/reportTypes/Referral_with_Case.reportType-meta.xml
ReportType,Shared_Indicators_Intakes,icy,unreferenced; references only ICY/base,,force-app/main/default/reportTypes/Shared_Indicators_Intakes.reportType-meta.xml
Role,ICY,unpackaged,Role not packageable / org-level,,force-app/main/default/roles/ICY.role-meta.xml
Role,ICY_Admin,unpackaged,Role not packageable / org-level,,force-app/main/default/roles/ICY_Admin.role-meta.xml
Role,ICY_Business_Administrator,unpackaged,Role not packageable / org-level,,force-app/main/default/roles/ICY_Business_Administrator.role-meta.xml
Role,ICY_Clinical_Team_Member,unpackaged,Role not packageable / org-level,,force-app/main/default/roles/ICY_Clinical_Team_Member.role-meta.xml
Role,ICY_Non_Clinical_Team_Member,unpackaged,Role not packageable / org-level,,force-app/main/default/roles/ICY_Non_Clinical_Team_Member.role-meta.xml
Role,ICY_Program_Leader,unpackaged,Role not packageable / org-level,,force-app/main/default/roles/ICY_Program_Leader.role-meta.xml
Role,MAiD_Analyst,unpackaged,Role not packageable / org-level,,force-app/main/default/roles/MAiD_Analyst.role-meta.xml
Role,MAiD_Manager,unpackaged,Role not packageable / org-level,,force-app/main/default/roles/MAiD_Manager.role-meta.xml
Settings,Activities,unpackaged,Settings not packageable / org-level,,force-app/main/default/settings/Activities.settings-meta.xml
Settings,PlatformEncryption,unpackaged,Settings not packageable / org-level,,force-app/main/default/settings/PlatformEncryption.settings-meta.xml
SharingReason,Intake__c.Case_Team_Member_Share__c,icy,unreferenced; follows owning object,,force-app/main/default/objects/Intake__c/sharingReasons/Case_Team_Member_Share__c.sharingReason-meta.xml
SharingReason,Referral__c.Case_Team_Member_Share__c,icy,unreferenced; follows owning object,,force-app/main/default/objects/Referral__c/sharingReasons/Case_Team_Member_Share__c.sharingReason-meta.xml
SharingReason,Referral__c.Self_Sharing__c,icy,unreferenced; follows owning object,,force-app/main/default/objects/Referral__c/sharingReasons/Self_Sharing__c.sharingReason-meta.xml
SharingRules,Account,unpackaged,SharingRules not packageable / org-level,,force-app/main/default/sharingRules/Account.sharingRules-meta.xml
SharingRules,Case,unpackaged,SharingRules not packageable / org-level,,force-app/main/default/sharingRules/Case.sharingRules-meta.xml
SharingRules,Case_Contact__c,unpackaged,SharingRules not packageable / org-level,,force-app/main/default/sharingRules/Case_Contact__c.sharingRules-meta.xml
SharingRules,Contribution__c,unpackaged,SharingRules not packageable / org-level,,force-app/main/default/sharingRules/Contribution__c.sharingRules-meta.xml
SharingRules,Form_1633__c,unpackaged,SharingRules not packageable / org-level,,force-app/main/default/sharingRules/Form_1633__c.sharingRules-meta.xml
SharingRules,Form_1641__c,unpackaged,SharingRules not packageable / org-level,,force-app/main/default/sharingRules/Form_1641__c.sharingRules-meta.xml
SharingRules,Form_1642__c,unpackaged,SharingRules not packageable / org-level,,force-app/main/default/sharingRules/Form_1642__c.sharingRules-meta.xml
SharingRules,ICY_Document__c,unpackaged,SharingRules not packageable / org-level,,force-app/main/default/sharingRules/ICY_Document__c.sharingRules-meta.xml
SharingRules,ICY_Notes__c,unpackaged,SharingRules not packageable / org-level,,force-app/main/default/sharingRules/ICY_Notes__c.sharingRules-meta.xml
SharingRules,Individual,unpackaged,SharingRules not packageable / org-level,,force-app/main/default/sharingRules/Individual.sharingRules-meta.xml
SharingRules,Intake__c,unpackaged,SharingRules not packageable / org-level,,force-app/main/default/sharingRules/Intake__c.sharingRules-meta.xml
SharingRules,Referral__c,unpackaged,SharingRules not packageable / org-level,,force-app/main/default/sharingRules/Referral__c.sharingRules-meta.xml
SharingRules,User,unpackaged,SharingRules not packageable / org-level,,force-app/main/default/sharingRules/User.sharingRules-meta.xml
StandardValueSet,AccountType,unpackaged,StandardValueSet not packageable / org-level,,force-app/main/default/standardValueSets/AccountType.standardValueSet-meta.xml
StandardValueSet,CaseOrigin,unpackaged,StandardValueSet not packageable / org-level,,force-app/main/default/standardValueSets/CaseOrigin.standardValueSet-meta.xml
StandardValueSet,CasePriority,unpackaged,StandardValueSet not packageable / org-level,,force-app/main/default/standardValueSets/CasePriority.standardValueSet-meta.xml
StandardValueSet,CaseReason,unpackaged,StandardValueSet not packageable / org-level,,force-app/main/default/standardValueSets/CaseReason.standardValueSet-meta.xml
StandardValueSet,CaseStatus,unpackaged,StandardValueSet not packageable / org-level,,force-app/main/default/standardValueSets/CaseStatus.standardValueSet-meta.xml
StandardValueSet,CaseType,unpackaged,StandardValueSet not packageable / org-level,,force-app/main/default/standardValueSets/CaseType.standardValueSet-meta.xml
StandardValueSet,LeadSource,unpackaged,StandardValueSet not packageable / org-level,,force-app/main/default/standardValueSets/LeadSource.standardValueSet-meta.xml
StandardValueSet,TaskSubject,unpackaged,StandardValueSet not packageable / org-level,,force-app/main/default/standardValueSets/TaskSubject.standardValueSet-meta.xml
StaticResource,Help_Case_document,icy,unreferenced; added by ICY commit 2023-12-15 'BCMOHAD-19743 - ICY Integrate complete m',2023-12-15 BCMOHAD-19743 - ICY Integrate complete migration.,force-app/main/default/staticresources/Help_Case_document.resource-meta.xml;force-app/main/default/staticresources/Help_Case_document.pdf
StaticResource,SiteSamples,icy,reachable only from ICY,,force-app/main/default/staticresources/SiteSamples.resource-meta.xml;force-app/main/default/staticresources/SiteSamples/SiteStyles.css;force-app/main/default/staticresources/SiteSamples/img/force_logo.gif;force-app/main/default/staticresources/SiteSamples/img/warning.gif;force-app/main/default/staticresources/SiteSamples/img/maintenance.png;force-app/main/default/staticresources/SiteSamples/img/unauthorized.gif;force-app/main/default/staticresources/SiteSamples/img/construction.png;force-app/main/default/staticresources/SiteSamples/img/poweredby.png;force-app/main/default/staticresources/SiteSamples/img/clock.png;force-app/main/default/staticresources/SiteSamples/img/tools.gif
StaticResource,YTS_Styles,icy,reachable only from ICY,,force-app/main/default/staticresources/YTS_Styles.resource-meta.xml;force-app/main/default/staticresources/YTS_Styles/sfg.css;force-app/main/default/staticresources/YTS_Styles/sfg_pdf.css
StaticResource,icy_branding,icy,reachable only from ICY,,force-app/main/default/staticresources/icy_branding.resource-meta.xml;force-app/main/default/staticresources/icy_branding/ftrPrivacy.gif;force-app/main/default/staticresources/icy_branding/bc_sdpr.tif;force-app/main/default/staticresources/icy_branding/SDPR_Logo.png;force-app/main/default/staticresources/icy_branding/ftrCopyright.gif;force-app/main/default/staticresources/icy_branding/sun_logo_horiz.gif;force-app/main/default/staticresources/icy_branding/style.css;force-app/main/default/staticresources/icy_branding/MSDPR_Logo.tif;force-app/main/default/staticresources/icy_branding/spacer.gif;force-app/main/default/staticresources/icy_branding/ICY_integrateChildYouthLogo.jpg;force-app/main/default/staticresources/icy_branding/header_tab_left.gif;force-app/main/default/staticresources/icy_branding/header_tab_right.gif;force-app/main/default/staticresources/icy_branding/ftrAccessibility.gif;force-app/main/default/staticresources/icy_branding/icon_help.gif;force-app/main/default/staticresources/icy_branding/SDPR_Logo.tif;force-app/main/default/staticresources/icy_branding/bc_sdpr.gif;force-app/main/default/staticresources/icy_branding/ICY_integrateChildYouthFont.jpg;force-app/main/default/staticresources/icy_branding/bceid_homepage1.jpg;force-app/main/default/staticresources/icy_branding/ftrDisclaimer.gif;force-app/main/default/staticresources/icy_branding/images/button-login.png;force-app/main/default/staticresources/icy_branding/images/stadd_better.png;force-app/main/default/staticresources/icy_branding/images/ministry_of_social_development - Copy.jpg;force-app/main/default/staticresources/icy_branding/images/ministry_of_social_development.jpg;force-app/main/default/staticresources/icy_branding/images/button-register.png;force-app/main/default/staticresources/icy_branding/images/ln_hor_dot333.gif
ValidationRule,Account.College_ID,maid,"unreferenced; added 2021-02-17, before ICY existed in repo",2021-02-17 MCMOHAD-4682,force-app/main/default/objects/Account/validationRules/College_ID.validationRule-meta.xml
ValidationRule,Account.Postal_Code_Validation,icy,unreferenced; references only ICY/base,,force-app/main/default/objects/Account/validationRules/Postal_Code_Validation.validationRule-meta.xml
ValidationRule,Account.Profession_Type,maid,unreferenced; references only MAiD/base,,force-app/main/default/objects/Account/validationRules/Profession_Type.validationRule-meta.xml
ValidationRule,Account.Required_Account_First_Name,base,unreferenced & neutral → base (review),,force-app/main/default/objects/Account/validationRules/Required_Account_First_Name.validationRule-meta.xml
ValidationRule,Account.Speciality_Other_Dependency,maid,unreferenced; references only MAiD/base,,force-app/main/default/objects/Account/validationRules/Speciality_Other_Dependency.validationRule-meta.xml
ValidationRule,Case.Cannot_ChangeOwner_with_Closed_Status,icy,unreferenced; added by ICY commit 2023-12-15 'BCMOHAD-19743 - ICY Integrate complete m',2023-12-15 BCMOHAD-19743 - ICY Integrate complete migration.,force-app/main/default/objects/Case/validationRules/Cannot_ChangeOwner_with_Closed_Status.validationRule-meta.xml
ValidationRule,Case.Cannot_change_Status_Closed_CL_NCL,icy,manual: CL/NCL = ICY Clinical/Non-Clinical roles,2024-08-14 BCMOHAD-25033-1 prevent CL NCL from reopening cases,force-app/main/default/objects/Case/validationRules/Cannot_change_Status_Closed_CL_NCL.validationRule-meta.xml
ValidationRule,Case.Case_Creation_Status_Check,maid,manual: error text refers to MAiD statuses (Awaiting Forms / CC Review),2024-04-09 Case Creation Status,force-app/main/default/objects/Case/validationRules/Case_Creation_Status_Check.validationRule-meta.xml
ValidationRule,Case.Case_Type_Reported_Date_NO_Future,maid,unreferenced; references only MAiD/base,,force-app/main/default/objects/Case/validationRules/Case_Type_Reported_Date_NO_Future.validationRule-meta.xml
ValidationRule,Case.Date_Reconciled_on_Child_Case,maid,unreferenced; references only MAiD/base,,force-app/main/default/objects/Case/validationRules/Date_Reconciled_on_Child_Case.validationRule-meta.xml
ValidationRule,Case.Date_of_MAiD_Required_Rule,maid,unreferenced; references only MAiD/base,,force-app/main/default/objects/Case/validationRules/Date_of_MAiD_Required_Rule.validationRule-meta.xml
ValidationRule,Case.Date_of_MAiD_Rule,maid,unreferenced; references only MAiD/base,,force-app/main/default/objects/Case/validationRules/Date_of_MAiD_Rule.validationRule-meta.xml
ValidationRule,Case.Date_received_required_for_1632,maid,unreferenced; references only MAiD/base,,force-app/main/default/objects/Case/validationRules/Date_received_required_for_1632.validationRule-meta.xml
ValidationRule,Case.Date_received_required_for_1633,maid,unreferenced; references only MAiD/base,,force-app/main/default/objects/Case/validationRules/Date_received_required_for_1633.validationRule-meta.xml
ValidationRule,Case.Date_received_required_for_1634,maid,unreferenced; references only MAiD/base,,force-app/main/default/objects/Case/validationRules/Date_received_required_for_1634.validationRule-meta.xml
ValidationRule,Case.Date_received_required_for_1635,maid,unreferenced; references only MAiD/base,,force-app/main/default/objects/Case/validationRules/Date_received_required_for_1635.validationRule-meta.xml
ValidationRule,Case.Date_received_required_for_1641,maid,unreferenced; references only MAiD/base,,force-app/main/default/objects/Case/validationRules/Date_received_required_for_1641.validationRule-meta.xml
ValidationRule,Case.Date_received_required_for_1642,maid,unreferenced; references only MAiD/base,,force-app/main/default/objects/Case/validationRules/Date_received_required_for_1642.validationRule-meta.xml
ValidationRule,Case.Date_received_required_for_1645,maid,unreferenced; references only MAiD/base,,force-app/main/default/objects/Case/validationRules/Date_received_required_for_1645.validationRule-meta.xml
ValidationRule,Case.Date_received_required_for_RXMAR,maid,unreferenced; references only MAiD/base,,force-app/main/default/objects/Case/validationRules/Date_received_required_for_RXMAR.validationRule-meta.xml
ValidationRule,Case.Dis_Death_Prior_Status,maid,unreferenced; references only MAiD/base,,force-app/main/default/objects/Case/validationRules/Dis_Death_Prior_Status.validationRule-meta.xml
ValidationRule,Case.Dis_Ineligible_Status,maid,unreferenced; references only MAiD/base,,force-app/main/default/objects/Case/validationRules/Dis_Ineligible_Status.validationRule-meta.xml
ValidationRule,Case.Dis_Withdrawn_Request_Status,maid,unreferenced; references only MAiD/base,,force-app/main/default/objects/Case/validationRules/Dis_Withdrawn_Request_Status.validationRule-meta.xml
ValidationRule,Case.Education_Provided,maid,unreferenced; references only MAiD/base,,force-app/main/default/objects/Case/validationRules/Education_Provided.validationRule-meta.xml
ValidationRule,Case.Flagged_Case_field_edit_access,maid,unreferenced; references only MAiD/base,,force-app/main/default/objects/Case/validationRules/Flagged_Case_field_edit_access.validationRule-meta.xml
ValidationRule,Case.Health_Canada_Reportable_Date_validation,maid,unreferenced; references only MAiD/base,,force-app/main/default/objects/Case/validationRules/Health_Canada_Reportable_Date_validation.validationRule-meta.xml
ValidationRule,Case.ICY_Cannot_create_case_without_referral,icy,unreferenced; references only ICY/base,,force-app/main/default/objects/Case/validationRules/ICY_Cannot_create_case_without_referral.validationRule-meta.xml
ValidationRule,Case.MAiD_Death_Foreseeable_Status,maid,unreferenced; references only MAiD/base,,force-app/main/default/objects/Case/validationRules/MAiD_Death_Foreseeable_Status.validationRule-meta.xml
ValidationRule,Case.MAiD_Death_Not_Foreseeable_Status,maid,unreferenced; references only MAiD/base,,force-app/main/default/objects/Case/validationRules/MAiD_Death_Not_Foreseeable_Status.validationRule-meta.xml
ValidationRule,Case.PHN_Numeric_Only,maid,unreferenced; references only MAiD/base,,force-app/main/default/objects/Case/validationRules/PHN_Numeric_Only.validationRule-meta.xml
ValidationRule,Case.Patient_MAiD_Request_Date_Rule,maid,unreferenced; references only MAiD/base,,force-app/main/default/objects/Case/validationRules/Patient_MAiD_Request_Date_Rule.validationRule-meta.xml
ValidationRule,Case.Prevent_Analyst_to_Reopen_Case,maid,"unreferenced; added 2021-03-17, before ICY existed in repo",2021-03-17 MOHAD-4544: Added missing reopen case rule,force-app/main/default/objects/Case/validationRules/Prevent_Analyst_to_Reopen_Case.validationRule-meta.xml
ValidationRule,Case.Prevent_edit_on_Closed_Case,maid,"unreferenced; added 2021-08-30, before ICY existed in repo",2021-08-30 Updates related to closed case validation rule,force-app/main/default/objects/Case/validationRules/Prevent_edit_on_Closed_Case.validationRule-meta.xml
ValidationRule,Case.Prevent_save_on_duplication_of_PHN,maid,unreferenced; references only MAiD/base,,force-app/main/default/objects/Case/validationRules/Prevent_save_on_duplication_of_PHN.validationRule-meta.xml
ValidationRule,Case.Primary_contact_check,icy,unreferenced; references only ICY/base,,force-app/main/default/objects/Case/validationRules/Primary_contact_check.validationRule-meta.xml
ValidationRule,Case.Reason_for_Flagging_cannot_be_null,maid,unreferenced; references only MAiD/base,,force-app/main/default/objects/Case/validationRules/Reason_for_Flagging_cannot_be_null.validationRule-meta.xml
ValidationRule,Case.Reason_for_Flagging_case_Edit,maid,unreferenced; references only MAiD/base,,force-app/main/default/objects/Case/validationRules/Reason_for_Flagging_case_Edit.validationRule-meta.xml
ValidationRule,Case.Transfer_Of_Request_Status,maid,unreferenced; references only MAiD/base,,force-app/main/default/objects/Case/validationRules/Transfer_Of_Request_Status.validationRule-meta.xml
ValidationRule,Case.Validates_PHN_is_10_digits_if_it_is_BC,maid,unreferenced; references only MAiD/base,,force-app/main/default/objects/Case/validationRules/Validates_PHN_is_10_digits_if_it_is_BC.validationRule-meta.xml
ValidationRule,Case.Validates_that_the_Postal_Code_is_in,maid,unreferenced; references only MAiD/base,,force-app/main/default/objects/Case/validationRules/Validates_that_the_Postal_Code_is_in.validationRule-meta.xml
ValidationRule,Case.Was_Education_Provided_And_Lvl_Selected,maid,unreferenced; references only MAiD/base,,force-app/main/default/objects/Case/validationRules/Was_Education_Provided_And_Lvl_Selected.validationRule-meta.xml
ValidationRule,Case.Was_Education_Provided_Not_Blank,maid,unreferenced; references only MAiD/base,,force-app/main/default/objects/Case/validationRules/Was_Education_Provided_Not_Blank.validationRule-meta.xml
ValidationRule,Case_Contact__c.Cell_Phone_number_formatting,icy,unreferenced; follows owning object,,force-app/main/default/objects/Case_Contact__c/validationRules/Cell_Phone_number_formatting.validationRule-meta.xml
ValidationRule,Case_Contact__c.Missing_preferred_contact_info,icy,unreferenced; follows owning object,,force-app/main/default/objects/Case_Contact__c/validationRules/Missing_preferred_contact_info.validationRule-meta.xml
ValidationRule,Case_Contact__c.Phone_number_formatting,icy,unreferenced; follows owning object,,force-app/main/default/objects/Case_Contact__c/validationRules/Phone_number_formatting.validationRule-meta.xml
ValidationRule,Case_Contact__c.Relationship_Type_Other,icy,unreferenced; follows owning object,,force-app/main/default/objects/Case_Contact__c/validationRules/Relationship_Type_Other.validationRule-meta.xml
ValidationRule,Case_Contact__c.Restrict_Edit_When_Case_is_Closed,icy,unreferenced; follows owning object,,force-app/main/default/objects/Case_Contact__c/validationRules/Restrict_Edit_When_Case_is_Closed.validationRule-meta.xml
ValidationRule,Case_Contact__c.Work_Phone_number_formatting,icy,unreferenced; follows owning object,,force-app/main/default/objects/Case_Contact__c/validationRules/Work_Phone_number_formatting.validationRule-meta.xml
ValidationRule,Form_1632__c.Form_1632_DoB_should_be_same_as_Case_DoB,maid,reachable only from MAiD,,force-app/main/default/objects/Form_1632__c/validationRules/Form_1632_DoB_should_be_same_as_Case_DoB.validationRule-meta.xml
ValidationRule,Form_1632__c.Form_1632_PHN_same_as_Related_Case,maid,reachable only from MAiD,,force-app/main/default/objects/Form_1632__c/validationRules/Form_1632_PHN_same_as_Related_Case.validationRule-meta.xml
ValidationRule,Form_1632__c.PHN_Numeric_Only,maid,reachable only from MAiD,,force-app/main/default/objects/Form_1632__c/validationRules/PHN_Numeric_Only.validationRule-meta.xml
ValidationRule,Form_1632__c.Prevent_edit_on_Closed_Case,maid,reachable only from MAiD,,force-app/main/default/objects/Form_1632__c/validationRules/Prevent_edit_on_Closed_Case.validationRule-meta.xml
ValidationRule,Form_1633__c.Assessment_date_check,maid,reachable only from MAiD,,force-app/main/default/objects/Form_1633__c/validationRules/Assessment_date_check.validationRule-meta.xml
ValidationRule,Form_1633__c.Form_1633_DoB_should_be_same_as_Case_DoB,maid,reachable only from MAiD,,force-app/main/default/objects/Form_1633__c/validationRules/Form_1633_DoB_should_be_same_as_Case_DoB.validationRule-meta.xml
ValidationRule,Form_1633__c.Form_1633_PHN_same_as_Related_Case,maid,reachable only from MAiD,,force-app/main/default/objects/Form_1633__c/validationRules/Form_1633_PHN_same_as_Related_Case.validationRule-meta.xml
ValidationRule,Form_1633__c.Prevent_edit_on_Closed_Case,maid,reachable only from MAiD,,force-app/main/default/objects/Form_1633__c/validationRules/Prevent_edit_on_Closed_Case.validationRule-meta.xml
ValidationRule,Form_1634__c.Assessment_Interpreters_ID_Numeric_Only,maid,reachable only from MAiD,,force-app/main/default/objects/Form_1634__c/validationRules/Assessment_Interpreters_ID_Numeric_Only.validationRule-meta.xml
ValidationRule,Form_1634__c.Assessment_date_check,maid,reachable only from MAiD,,force-app/main/default/objects/Form_1634__c/validationRules/Assessment_date_check.validationRule-meta.xml
ValidationRule,Form_1634__c.Form_1634_DoB_should_be_same_as_Case_DoB,maid,reachable only from MAiD,,force-app/main/default/objects/Form_1634__c/validationRules/Form_1634_DoB_should_be_same_as_Case_DoB.validationRule-meta.xml
ValidationRule,Form_1634__c.Form_1634_PHN_same_as_Related_Case,maid,reachable only from MAiD,,force-app/main/default/objects/Form_1634__c/validationRules/Form_1634_PHN_same_as_Related_Case.validationRule-meta.xml
ValidationRule,Form_1634__c.Interpreter_for_MAID_ID_Numeric_Only,maid,reachable only from MAiD,,force-app/main/default/objects/Form_1634__c/validationRules/Interpreter_for_MAID_ID_Numeric_Only.validationRule-meta.xml
ValidationRule,Form_1634__c.PHN_Numeric_Only,maid,reachable only from MAiD,,force-app/main/default/objects/Form_1634__c/validationRules/PHN_Numeric_Only.validationRule-meta.xml
ValidationRule,Form_1634__c.Prevent_edit_on_Closed_Case,maid,reachable only from MAiD,,force-app/main/default/objects/Form_1634__c/validationRules/Prevent_edit_on_Closed_Case.validationRule-meta.xml
ValidationRule,Form_1634__c.Telemedicine_Witness_College_ID_Numeric,maid,reachable only from MAiD,,force-app/main/default/objects/Form_1634__c/validationRules/Telemedicine_Witness_College_ID_Numeric.validationRule-meta.xml
ValidationRule,Form_1635__c.Form_1635_DoB_should_be_same_as_Case_Do,maid,reachable only from MAiD,,force-app/main/default/objects/Form_1635__c/validationRules/Form_1635_DoB_should_be_same_as_Case_Do.validationRule-meta.xml
ValidationRule,Form_1635__c.Form_1635_PHN_same_as_Related_Case,maid,reachable only from MAiD,,force-app/main/default/objects/Form_1635__c/validationRules/Form_1635_PHN_same_as_Related_Case.validationRule-meta.xml
ValidationRule,Form_1635__c.PHN_Numeric_Only,maid,reachable only from MAiD,,force-app/main/default/objects/Form_1635__c/validationRules/PHN_Numeric_Only.validationRule-meta.xml
ValidationRule,Form_1635__c.Prevent_edit_on_Closed_Case,maid,reachable only from MAiD,,force-app/main/default/objects/Form_1635__c/validationRules/Prevent_edit_on_Closed_Case.validationRule-meta.xml
ValidationRule,Form_1635__c.Prof_interpreter_ID_must_be_Numeric,maid,reachable only from MAiD,,force-app/main/default/objects/Form_1635__c/validationRules/Prof_interpreter_ID_must_be_Numeric.validationRule-meta.xml
ValidationRule,Form_1641__c.CPBC_ReceivingPharmacistLicense_Numeric,maid,reachable only from MAiD,,force-app/main/default/objects/Form_1641__c/validationRules/CPBC_ReceivingPharmacistLicense_Numeric.validationRule-meta.xml
ValidationRule,Form_1641__c.CPSID_BCCNM_Prescriber_License_Numeric,maid,reachable only from MAiD,,force-app/main/default/objects/Form_1641__c/validationRules/CPSID_BCCNM_Prescriber_License_Numeric.validationRule-meta.xml
ValidationRule,Form_1641__c.CPSID_BCCNM_Return_Prescriber_Numeric,maid,reachable only from MAiD,,force-app/main/default/objects/Form_1641__c/validationRules/CPSID_BCCNM_Return_Prescriber_Numeric.validationRule-meta.xml
ValidationRule,Form_1641__c.Form_1641_DoB_should_be_same_as_Case_DoB,maid,reachable only from MAiD,,force-app/main/default/objects/Form_1641__c/validationRules/Form_1641_DoB_should_be_same_as_Case_DoB.validationRule-meta.xml
ValidationRule,Form_1641__c.Form_1641_PHN_same_as_Related_Case,maid,reachable only from MAiD,,force-app/main/default/objects/Form_1641__c/validationRules/Form_1641_PHN_same_as_Related_Case.validationRule-meta.xml
ValidationRule,Form_1641__c.PHN_Numeric_Only,maid,reachable only from MAiD,,force-app/main/default/objects/Form_1641__c/validationRules/PHN_Numeric_Only.validationRule-meta.xml
ValidationRule,Form_1641__c.Prevent_edit_on_Closed_Case,maid,reachable only from MAiD,,force-app/main/default/objects/Form_1641__c/validationRules/Prevent_edit_on_Closed_Case.validationRule-meta.xml
ValidationRule,Form_1642__c.Form_1642_DoB_should_be_same_as_Case_Do,maid,reachable only from MAiD,,force-app/main/default/objects/Form_1642__c/validationRules/Form_1642_DoB_should_be_same_as_Case_Do.validationRule-meta.xml
ValidationRule,Form_1642__c.Form_1642_PHN_same_as_Related_Case,maid,reachable only from MAiD,,force-app/main/default/objects/Form_1642__c/validationRules/Form_1642_PHN_same_as_Related_Case.validationRule-meta.xml
ValidationRule,Form_1642__c.PHN_Numeric_Only,maid,reachable only from MAiD,,force-app/main/default/objects/Form_1642__c/validationRules/PHN_Numeric_Only.validationRule-meta.xml
ValidationRule,Form_1642__c.Prevent_edit_on_Closed_Case,maid,reachable only from MAiD,,force-app/main/default/objects/Form_1642__c/validationRules/Prevent_edit_on_Closed_Case.validationRule-meta.xml
ValidationRule,Form_1645__c.Form_1645_DoB_should_be_same_as_Case_Do,maid,reachable only from MAiD,,force-app/main/default/objects/Form_1645__c/validationRules/Form_1645_DoB_should_be_same_as_Case_Do.validationRule-meta.xml
ValidationRule,Form_1645__c.Form_1645_PHN_same_as_Related_Case,maid,reachable only from MAiD,,force-app/main/default/objects/Form_1645__c/validationRules/Form_1645_PHN_same_as_Related_Case.validationRule-meta.xml
ValidationRule,Form_1645__c.PHN_Numeric_Only,maid,reachable only from MAiD,,force-app/main/default/objects/Form_1645__c/validationRules/PHN_Numeric_Only.validationRule-meta.xml
ValidationRule,Form_1645__c.Prevent_edit_on_Closed_Case,maid,reachable only from MAiD,,force-app/main/default/objects/Form_1645__c/validationRules/Prevent_edit_on_Closed_Case.validationRule-meta.xml
ValidationRule,Form_RXMAR__c.PHN_Numeric_Only,maid,reachable only from MAiD,,force-app/main/default/objects/Form_RXMAR__c/validationRules/PHN_Numeric_Only.validationRule-meta.xml
ValidationRule,Form_RXMAR__c.Prevent_edit_on_Closed_Case,maid,reachable only from MAiD,,force-app/main/default/objects/Form_RXMAR__c/validationRules/Prevent_edit_on_Closed_Case.validationRule-meta.xml
ValidationRule,Form_RXMAR__c.RXMAR_DoB_should_be_same_as_Case_DoB,maid,reachable only from MAiD,,force-app/main/default/objects/Form_RXMAR__c/validationRules/RXMAR_DoB_should_be_same_as_Case_DoB.validationRule-meta.xml
ValidationRule,Form_RXMAR__c.RXMAR_PHN_same_as_Related_Case,maid,reachable only from MAiD,,force-app/main/default/objects/Form_RXMAR__c/validationRules/RXMAR_PHN_same_as_Related_Case.validationRule-meta.xml
ValidationRule,IDP_User_Registration_Permission_Set__mdt.Permission_Set_or_Permission_Set_Group,icy,reachable only from ICY,,force-app/main/default/objects/IDP_User_Registration_Permission_Set__mdt/validationRules/Permission_Set_or_Permission_Set_Group.validationRule-meta.xml
ValidationRule,Referral__c.At_least_one_number_for_Primary_contact,icy,unreferenced; follows owning object,,force-app/main/default/objects/Referral__c/validationRules/At_least_one_number_for_Primary_contact.validationRule-meta.xml
ValidationRule,Referral__c.Legal_authority_check,icy,unreferenced; follows owning object,,force-app/main/default/objects/Referral__c/validationRules/Legal_authority_check.validationRule-meta.xml
ValidationRule,Referral__c.Mailing_address_conditionally_required,icy,unreferenced; follows owning object,,force-app/main/default/objects/Referral__c/validationRules/Mailing_address_conditionally_required.validationRule-meta.xml
ValidationRule,Referral__c.Navigator_reassign_owner,icy,unreferenced; follows owning object,,force-app/main/default/objects/Referral__c/validationRules/Navigator_reassign_owner.validationRule-meta.xml
ValidationRule,Referral__c.PHN_Validate,icy,unreferenced; follows owning object,,force-app/main/default/objects/Referral__c/validationRules/PHN_Validate.validationRule-meta.xml
ValidationRule,Referral__c.Phone_number_Validation,icy,unreferenced; follows owning object,,force-app/main/default/objects/Referral__c/validationRules/Phone_number_Validation.validationRule-meta.xml
ValidationRule,Referral__c.Postal_Code_Validation,icy,unreferenced; follows owning object,,force-app/main/default/objects/Referral__c/validationRules/Postal_Code_Validation.validationRule-meta.xml
ValidationRule,Referral__c.Reason_for_referral_if_other,icy,unreferenced; follows owning object,,force-app/main/default/objects/Referral__c/validationRules/Reason_for_referral_if_other.validationRule-meta.xml
ValidationRule,Referral__c.Referral_Source_Descirption_Other,icy,unreferenced; follows owning object,,force-app/main/default/objects/Referral__c/validationRules/Referral_Source_Descirption_Other.validationRule-meta.xml
ValidationRule,Referral__c.Relationship_Type_Other_Cell,icy,unreferenced; follows owning object,,force-app/main/default/objects/Referral__c/validationRules/Relationship_Type_Other_Cell.validationRule-meta.xml
ValidationRule,Referral__c.Relationship_Type_Other_Email,icy,unreferenced; follows owning object,,force-app/main/default/objects/Referral__c/validationRules/Relationship_Type_Other_Email.validationRule-meta.xml
ValidationRule,Referral__c.Relationship_Type_Other_Home,icy,unreferenced; follows owning object,,force-app/main/default/objects/Referral__c/validationRules/Relationship_Type_Other_Home.validationRule-meta.xml
ValidationRule,Referral__c.Relationship_Type_Other_Other,icy,unreferenced; follows owning object,,force-app/main/default/objects/Referral__c/validationRules/Relationship_Type_Other_Other.validationRule-meta.xml
ValidationRule,Referral__c.Time_traveller,icy,unreferenced; follows owning object,,force-app/main/default/objects/Referral__c/validationRules/Time_traveller.validationRule-meta.xml
ValidationRule,System_Access_Request__c.User_role_required,icy,unreferenced; follows owning object,,force-app/main/default/objects/System_Access_Request__c/validationRules/User_role_required.validationRule-meta.xml
WebLink,System_Access_Request__c.Grant_Portal_Access,icy,unreferenced; follows owning object,,force-app/main/default/objects/System_Access_Request__c/webLinks/Grant_Portal_Access.webLink-meta.xml
Workflow,Case,maid,unreferenced; references only MAiD/base,,force-app/main/default/workflows/Case.workflow-meta.xml
Workflow,Case_Contact__c,icy,unreferenced; references only ICY/base,,force-app/main/default/workflows/Case_Contact__c.workflow-meta.xml
Workflow,Intake__c,icy,unreferenced; references only ICY/base,,force-app/main/default/workflows/Intake__c.workflow-meta.xml
Workflow,Referral__c,icy,unreferenced; references only ICY/base,,force-app/main/default/workflows/Referral__c.workflow-meta.xml
